Dataset_id	MZML_file_name	Species	Project_id
MSV000091610	Ecoli_FAIMS_AC_bio3_tech3.mzML	E. coli	3
MSV000091610	Ecoli_FAIMS_AC_bio3_tech2.mzML	E. coli	3
MSV000091610	Ecoli_FAIMS_LB_bio3_tech3.mzML	E. coli	3
MSV000091610	Ecoli_FAIMS_AC_bio1_tech3.mzML	E. coli	3
MSV000091610	Ecoli_FAIMS_AC_bio4_tech3.mzML	E. coli	3
MSV000091610	Ecoli_FAIMS_LB_bio4_tech3.mzML	E. coli	3
MSV000091610	Ecoli_FAIMS_AC_bio4_tech2.mzML	E. coli	3
MSV000091610	Ecoli_FAIMS_AC_bio2_tech3.mzML	E. coli	3
MSV000091610	Ecoli_FAIMS_LB_bio1_tech3.mzML	E. coli	3
MSV000091610	Ecoli_FAIMS_LB_bio2_tech3.mzML	E. coli	3
MSV000091610	Ecoli_FAIMS_AC_bio1_tech2.mzML	E. coli	3
MSV000091610	Ecoli_FAIMS_LB_bio3_tech2.mzML	E. coli	3
MSV000091610	Ecoli_FAIMS_AC_bio1_tech1.mzML	E. coli	3
MSV000091610	Ecoli_FAIMS_LB_bio4_tech2.mzML	E. coli	3
MSV000091610	Ecoli_FAIMS_AC_bio4_tech1.mzML	E. coli	3
MSV000091610	Ecoli_FAIMS_LB_bio2_tech2.mzML	E. coli	3
MSV000091610	Ecoli_FAIMS_AC_bio2_tech2.mzML	E. coli	3
MSV000091610	Ecoli_FAIMS_LB_bio1_tech2.mzML	E. coli	3
MSV000091610	Ecoli_FAIMS_LB_bio1_tech1b.mzML	E. coli	3
MSV000091610	Ecoli_FAIMS_LB_bio3_tech1.mzML	E. coli	3
MSV000091610	Ecoli_FAIMS_AC_bio3_tech1.mzML	E. coli	3
MSV000091610	Ecoli_FAIMS_AC_bio2_tech1.mzML	E. coli	3
MSV000091610	Ecoli_FAIMS_LB_bio4_tech1.mzML	E. coli	3
MSV000091610	Ecoli_FAIMS_LB_bio2_tech1.mzML	E. coli	3
MSV000091610	Ecoli_noFAIMS_AC_bio4_tech1.mzML	E. coli	3
MSV000091610	Ecoli_noFAIMS_AC_bio3_tech1.mzML	E. coli	3
MSV000091610	Ecoli_noFAIMS_AC_bio4_tech2.mzML	E. coli	3
MSV000091610	Ecoli_noFAIMS_AC_bio1_tech1.mzML	E. coli	3
MSV000091610	Ecoli_noFAIMS_AC_bio3_tech2.mzML	E. coli	3
MSV000091610	Ecoli_noFAIMS_AC_bio3_tech3.mzML	E. coli	3
MSV000091610	Ecoli_noFAIMS_AC_bio1_tech2.mzML	E. coli	3
MSV000091610	Ecoli_noFAIMS_AC_bio4_tech3.mzML	E. coli	3
MSV000091610	Ecoli_noFAIMS_LB_bio1_tech1.mzML	E. coli	3
MSV000091610	Ecoli_noFAIMS_AC_bio2_tech1.mzML	E. coli	3
MSV000091610	Ecoli_noFAIMS_AC_bio2_tech2.mzML	E. coli	3
MSV000091610	Ecoli_noFAIMS_AC_bio1_tech3.mzML	E. coli	3
MSV000091610	Ecoli_noFAIMS_AC_bio2_tech3.mzML	E. coli	3
MSV000091610	Ecoli_noFAIMS_LB_bio2_tech1.mzML	E. coli	3
MSV000091610	Ecoli_noFAIMS_LB_bio4_tech1.mzML	E. coli	3
MSV000091610	Ecoli_noFAIMS_LB_bio2_tech3.mzML	E. coli	3
MSV000091610	Ecoli_noFAIMS_LB_bio4_tech2.mzML	E. coli	3
MSV000091610	Ecoli_noFAIMS_LB_bio3_tech1.mzML	E. coli	3
MSV000091610	Ecoli_noFAIMS_LB_bio2_tech2.mzML	E. coli	3
MSV000091610	Ecoli_noFAIMS_LB_bio1_tech2.mzML	E. coli	3
MSV000091610	Ecoli_noFAIMS_LB_bio1_tech3.mzML	E. coli	3
MSV000091610	Ecoli_noFAIMS_LB_bio4_tech3.mzML	E. coli	3
MSV000091610	Ecoli_noFAIMS_LB_bio3_tech3.mzML	E. coli	3
MSV000091610	Ecoli_noFAIMS_LB_bio3_tech2.mzML	E. coli	3
PXD071282	Ecoli_SEC3_F13.mzML	E. coli	1
PXD071282	Ecoli_SEC3_F12.mzML	E. coli	1
PXD071282	Ecoli_SEC5_F13.mzML	E. coli	1
PXD071282	Ecoli_SEC3_F11.mzML	E. coli	1
PXD071282	Ecoli_SEC3_F10.mzML	E. coli	1
PXD071282	Ecoli_SEC3_F4.mzML	E. coli	1
PXD071282	Ecoli_SEC5_F11.mzML	E. coli	1
PXD071282	Ecoli_SEC3_F8.mzML	E. coli	1
PXD071282	Ecoli_SEC3_F7.mzML	E. coli	1
PXD071282	Ecoli_SEC4_F12.mzML	E. coli	1
PXD071282	Ecoli_SEC3_F5.mzML	E. coli	1
PXD071282	Ecoli_SEC5_F7.mzML	E. coli	1
PXD071282	Ecoli_SEC1_F4.mzML	E. coli	1
PXD071282	Ecoli_SEC3_F9.mzML	E. coli	1
PXD071282	Ecoli_SEC1_F3.mzML	E. coli	1
PXD071282	Ecoli_SEC3_F3.mzML	E. coli	1
PXD071282	Ecoli_SEC3_F6.mzML	E. coli	1
PXD071282	Ecoli_SEC3_F2.mzML	E. coli	1
PXD071282	Ecoli_SEC3_F1.mzML	E. coli	1
PXD071282	Ecoli_SEC5_F10.mzML	E. coli	1
PXD071282	Ecoli_SEC5_F9.mzML	E. coli	1
PXD071282	Ecoli_SEC5_F8.mzML	E. coli	1
PXD071282	Ecoli_SEC1_F1.mzML	E. coli	1
PXD071282	Ecoli_SEC5_F12.mzML	E. coli	1
PXD071282	Ecoli_SEC5_F3.mzML	E. coli	1
PXD071282	Ecoli_SEC4_F10.mzML	E. coli	1
PXD071282	Ecoli_SEC4_F11.mzML	E. coli	1
PXD071282	Ecoli_SEC5_F2.mzML	E. coli	1
PXD071282	Ecoli_SEC4_F9.mzML	E. coli	1
PXD071282	Ecoli_SEC4_F1.mzML	E. coli	1
PXD071282	Ecoli_SEC1_F2.mzML	E. coli	1
PXD071282	Ecoli_SEC4_F7.mzML	E. coli	1
PXD071282	Ecoli_SEC4_F8.mzML	E. coli	1
PXD071282	Ecoli_SEC4_F4.mzML	E. coli	1
PXD071282	Ecoli_SEC4_F2.mzML	E. coli	1
PXD071282	Ecoli_SEC4_F3.mzML	E. coli	1
PXD071282	Ecoli_SEC5_F6.mzML	E. coli	1
PXD071282	Ecoli_SEC5_F1.mzML	E. coli	1
PXD071282	Ecoli_SEC4_F5.mzML	E. coli	1
PXD071282	Ecoli_SEC5_F5.mzML	E. coli	1
PXD071282	Ecoli_SEC4_F6.mzML	E. coli	1
PXD071282	Ecoli_SEC5_F14.mzML	E. coli	1
PXD071282	Ecoli_SEC5_F4.mzML	E. coli	1
MSV000085258	DSB_201900915_M9-J-20190404_PEPPI_F09_02.mzML	E. coli	31
MSV000085258	LCA_DSB_20191105_M9-OL-20190515_GF_02B_01.mzML	E. coli	31
MSV000085258	DSB_201900915_M9-J-20190404_PEPPI_F09_01.mzML	E. coli	31
MSV000085258	LCA_DSB_20191105_M9-OL-20190515_GF_02B_02.mzML	E. coli	31
MSV000085258	LCA_DSB_20191105_M9-OL-20190515_GF_01B_02.mzML	E. coli	31
MSV000085258	DSB_20190914_MG1655_M9-OL-20190515_GF_03_02_190915191709.mzML	E. coli	31
MSV000085258	DSB_20200125_M9-J-20190404_PEPPI09_02.mzML	E. coli	31
MSV000085258	DSB_20200125_M9-J-20190404_PEPPI09_01.mzML	E. coli	31
MSV000085258	LCA_DSB_20191105_M9-OL-20190515_GF_01B_01.mzML	E. coli	31
MSV000085258	LCA_DSB_20191105_M9-OL-20190515_GF_03B_02.mzML	E. coli	31
MSV000085258	LCA_DSB_20191105_M9-OL-20190515_GF_03B_01.mzML	E. coli	31
MSV000085258	LCA_DSB_20191106_M9-OL-20190515_GF_07B_01.mzML	E. coli	31
MSV000085258	LCA_DSB_20191106_M9-OL-20190515_GF_07B_02.mzML	E. coli	31
MSV000085258	LCA_DSB_20191106_M9-OL-20190515_GF_08B_01.mzML	E. coli	31
MSV000085258	LCA_DSB_20191107_M9-OL-20190515_GF_09B_02.mzML	E. coli	31
MSV000085258	LCA_DSB_20191107_M9-OL-20190515_GF_09B_01.mzML	E. coli	31
MSV000085258	LCA_DSB_20191106_M9-OL-20190515_GF_08B_02.mzML	E. coli	31
MSV000085258	LCA_DSB_20191105_M9-OL-20190515_GF_04B_01.mzML	E. coli	31
MSV000085258	DSB_20200124_M9-J-20190404_PEPPI01_02.mzML	E. coli	31
MSV000085258	LCA_DSB_20191105_M9-OL-20190515_GF_04B_02.mzML	E. coli	31
MSV000085258	DSB_20200124_M9-J-20190404_PEPPI01_01.mzML	E. coli	31
MSV000085258	LCA_DSB_20191106_M9-OL-20190515_GF_06B_02.mzML	E. coli	31
MSV000085258	LCA_DSB_20191106_M9-OL-20190515_GF_06B_01.mzML	E. coli	31
MSV000085258	LCA_DSB_20191106_M9-OL-20190515_GF_05B_02.mzML	E. coli	31
MSV000085258	DSB_20200125_M9-J-20190404_PEPPI08_02.mzML	E. coli	31
MSV000085258	LCA_DSB_20191106_M9-OL-20190515_GF_05B_01.mzML	E. coli	31
MSV000085258	DSB_20200125_M9-J-20190404_PEPPI08_01.mzML	E. coli	31
MSV000085258	DSB_20200124_M9-J-20190404_PEPPI04_01.mzML	E. coli	31
MSV000085258	DSB_201900906_M9-J-20190404_PEPPI_F01_01.mzML	E. coli	31
MSV000085258	DSB_201900906_M9-J-20190404_PEPPI_F01_02.mzML	E. coli	31
MSV000085258	DSB_20200124_M9-J-20190404_PEPPI04_02.mzML	E. coli	31
MSV000085258	DSB_20200124_M9-J-20190404_PEPPI02_02.mzML	E. coli	31
MSV000085258	DSB_20200124_M9-J-20190404_PEPPI03_02.mzML	E. coli	31
MSV000085258	DSB_20200125_M9-J-20190404_PEPPI07_02.mzML	E. coli	31
MSV000085258	DSB_201900907_M9-J-20190404_PEPPI_F06_01.mzML	E. coli	31
MSV000085258	DSB_20200125_M9-J-20190404_PEPPI06_01.mzML	E. coli	31
MSV000085258	DSB_20200125_M9-J-20190404_PEPPI06_02.mzML	E. coli	31
MSV000085258	DSB_20200124_M9-J-20190404_PEPPI02_01.mzML	E. coli	31
MSV000085258	DSB_20200124_M9-J-20190404_PEPPI03_01.mzML	E. coli	31
MSV000085258	DSB_201900907_M9-J-20190404_PEPPI_F06_02.mzML	E. coli	31
MSV000085258	DSB_20200125_M9-J-20190404_PEPPI07_01.mzML	E. coli	31
MSV000085258	DSB_201900906_M9-J-20190404_PEPPI_F02_02.mzML	E. coli	31
MSV000085258	DSB_201900906_M9-J-20190404_PEPPI_F02_01.mzML	E. coli	31
MSV000085258	DSB_201900906_M9-J-20190404_PEPPI_F03_01.mzML	E. coli	31
MSV000085258	DSB_201900906_M9-J-20190404_PEPPI_F03_02.mzML	E. coli	31
MSV000085258	DSB_201900907_M9-J-20190404_PEPPI_F04_02.mzML	E. coli	31
MSV000085258	DSB_201900907_M9-J-20190404_PEPPI_F05_02.mzML	E. coli	31
MSV000085258	DSB_201900907_M9-J-20190404_PEPPI_F04_01.mzML	E. coli	31
MSV000085258	DSB_20200125_M9-J-20190404_PEPPI05_02.mzML	E. coli	31
MSV000085258	DSB_201900908_M9-J-20190404_PEPPI_F08_01.mzML	E. coli	31
MSV000085258	DSB_201900907_M9-J-20190404_PEPPI_F05_01.mzML	E. coli	31
MSV000085258	DSB_20200125_M9-J-20190404_PEPPI05_01.mzML	E. coli	31
MSV000085258	DSB_201900908_M9-J-20190404_PEPPI_F07_01.mzML	E. coli	31
MSV000085258	DSB_20190918_MG1655_M9-OL-20190515_GF_07_02.mzML	E. coli	31
MSV000085258	DSB_20190918_MG1655_M9-OL-20190515_GF_07_01.mzML	E. coli	31
MSV000085258	DSB_20190917_MG1655_M9-OL-20190515_GF_06_02.mzML	E. coli	31
MSV000085258	DSB_201900917_M9-J-20190404_PEPPI_F08_02.mzML	E. coli	31
MSV000085258	DSB_20190917_MG1655_M9-OL-20190515_GF_06_01.mzML	E. coli	31
MSV000085258	DSB_20190914_MG1655_M9-OL-20190515_GF_02_02.mzML	E. coli	31
MSV000085258	DSB_20190914_MG1655_M9-OL-20190515_GF_01_01.mzML	E. coli	31
MSV000085258	DSB_20190917_MG1655_M9-OL-20190515_GF_05_02.mzML	E. coli	31
MSV000085258	DSB_20190914_MG1655_M9-OL-20190515_GF_02_01.mzML	E. coli	31
MSV000085258	DSB_20190914_MG1655_M9-OL-20190515_GF_03_01.mzML	E. coli	31
MSV000085258	DSB_20190914_MG1655_M9-OL-20190515_GF_01_02.mzML	E. coli	31
MSV000085258	DSB_20190917_MG1655_M9-OL-20190515_GF_04_01.mzML	E. coli	31
MSV000085258	DSB_20190917_MG1655_M9-OL-20190515_GF_04_02.mzML	E. coli	31
MSV000085258	DSB_20190917_MG1655_M9-OL-20190515_GF_05_01.mzML	E. coli	31
MSV000085258	DSB_20190921_MG1655_M9-OL-20190515_GF_09_02.mzML	E. coli	31
MSV000085258	DSB_20190921_MG1655_M9-OL-20190515_GF_09_01.mzML	E. coli	31
MSV000085258	DSB_20190918_MG1655_M9-OL-20190515_GF_08_02.mzML	E. coli	31
MSV000085258	DSB_20190918_MG1655_M9-OL-20190515_GF_08_01.mzML	E. coli	31
MSV000085258	DSB_20200315_M9-J-20190404_PEPPI_F07_02.mzML	E. coli	31
PXD018248	ecoli-400ng-20AA-1-rep1_bestconditions.mzML	E. coli	22
PXD018248	ecoli-400ng-20AA-1-rep2_firstbatch.mzML	E. coli	22
PXD018248	ecoli-400ng-20AA-2-rep2_secondbatch.mzML	E. coli	22
PXD017265	1M_20AA15DMA10IPA_ecoli_400nL_04.mzML	E. coli	7
PXD017265	1M_20AA_ecoli_400nL_02.mzML	E. coli	7
PXD017265	1M_05AA_ecoli_400nL_01.mzML	E. coli	7
PXD017265	1M_20AA_ecoli_400nL_03.mzML	E. coli	7
PXD017265	1M_20AA_ecoli_400nL_01.mzML	E. coli	7
PXD017265	1M_05AA_ecoli_400nL_02.mzML	E. coli	7
PXD017265	1M_05AA_ecoli_400nL_03.mzML	E. coli	7
PXD017265	1M_20AA15DMA10IPA_ecoli_400nL_01.mzML	E. coli	7
PXD017265	1M_20AA15DMA10IPA_ecoli_400nL_02.mzML	E. coli	7
PXD046651	Diluted_Yeast_1.mzML	Yeast	12
PXD046651	Diluted_Yeast_2.mzML	Yeast	12
PXD046651	Diluted_Yeast_3.mzML	Yeast	12
PXD046651	Yeast_16.mzML	Yeast	12
PXD046651	Yeast_58.mzML	Yeast	12
PXD046651	Diluted_Yeast_4.mzML	Yeast	12
PXD046651	Yeast_50.mzML	Yeast	12
PXD046651	Yeast_41.mzML	Yeast	12
PXD046651	Yeast_21.mzML	Yeast	12
PXD046651	Diluted_Yeast_5.mzML	Yeast	12
PXD046651	Yeast_28.mzML	Yeast	12
PXD046651	Yeast_40.mzML	Yeast	12
PXD046651	Yeast_37.mzML	Yeast	12
PXD046651	Yeast_19.mzML	Yeast	12
PXD046651	Yeast_59.mzML	Yeast	12
PXD046651	Yeast_22.mzML	Yeast	12
PXD046651	Yeast_20.mzML	Yeast	12
PXD046651	Yeast_1.mzML	Yeast	12
PXD046651	Yeast_23.mzML	Yeast	12
PXD046651	Yeast_35.mzML	Yeast	12
PXD046651	Yeast_60.mzML	Yeast	12
PXD046651	Yeast_18.mzML	Yeast	12
PXD046651	Yeast_25.mzML	Yeast	12
PXD046651	Yeast_17.mzML	Yeast	12
PXD046651	Yeast_36.mzML	Yeast	12
PXD046651	Yeast_61.mzML	Yeast	12
PXD046651	Yeast_34.mzML	Yeast	12
PXD046651	Yeast_52.mzML	Yeast	12
PXD046651	Yeast_2.mzML	Yeast	12
PXD046651	Yeast_29.mzML	Yeast	12
PXD046651	Yeast_39.mzML	Yeast	12
PXD046651	Yeast_51.mzML	Yeast	12
PXD046651	Yeast_54.mzML	Yeast	12
PXD046651	Yeast_4.mzML	Yeast	12
PXD046651	Yeast_38.mzML	Yeast	12
PXD046651	Yeast_26.mzML	Yeast	12
PXD046651	Yeast_62.mzML	Yeast	12
PXD046651	Yeast_27.mzML	Yeast	12
PXD046651	Yeast_14.mzML	Yeast	12
PXD046651	Yeast_53.mzML	Yeast	12
PXD046651	Yeast_42.mzML	Yeast	12
PXD046651	Yeast_33.mzML	Yeast	12
PXD046651	Yeast_43.mzML	Yeast	12
PXD046651	Yeast_45.mzML	Yeast	12
PXD046651	Yeast_46.mzML	Yeast	12
PXD046651	Yeast_3.mzML	Yeast	12
PXD046651	Yeast_44.mzML	Yeast	12
PXD046651	Yeast_10.mzML	Yeast	12
PXD046651	Yeast_30.mzML	Yeast	12
PXD046651	Yeast_11.mzML	Yeast	12
PXD046651	Yeast_47.mzML	Yeast	12
PXD046651	Yeast_48.mzML	Yeast	12
PXD046651	Yeast_12.mzML	Yeast	12
PXD046651	Yeast_9.mzML	Yeast	12
PXD046651	Yeast_55.mzML	Yeast	12
PXD046651	Yeast_32.mzML	Yeast	12
PXD046651	Yeast_49.mzML	Yeast	12
PXD046651	Yeast_8.mzML	Yeast	12
PXD046651	Yeast_7.mzML	Yeast	12
PXD046651	Yeast_6.mzML	Yeast	12
PXD046651	Yeast_31.mzML	Yeast	12
PXD046651	Yeast_5.mzML	Yeast	12
PXD046651	Yeast_13.mzML	Yeast	12
PXD046651	Yeast_15.mzML	Yeast	12
PXD046651	Yeast_57.mzML	Yeast	12
PXD046651	Yeast_56.mzML	Yeast	12
PXD046651	Yeast_24.mzML	Yeast	12
IPX0005864000	data01_Haima_mem_F1.mzML	Mouse	26
IPX0005864000	data09_Haima_mem_F9.mzML	Mouse	26
IPX0005864000	data02_Haima_mem_F2.mzML	Mouse	26
IPX0005864000	data08_Haima_mem_F8.mzML	Mouse	26
IPX0005864000	data07_Haima_mem_F7.mzML	Mouse	26
IPX0005864000	data03_Haima_mem_F3.mzML	Mouse	26
IPX0005864000	data05_Haima_mem_F5.mzML	Mouse	26
IPX0005864000	data04_Haima_mem_F4.mzML	Mouse	26
IPX0005864000	data06_Haima_mem_F6.mzML	Mouse	26
PXD042298	F4_1.mzML	Mouse	33
PXD042298	F4_2.mzML	Mouse	33
PXD042298	F1_1.mzML	Mouse	33
PXD042298	Single_shot_BeforeSEC.mzML	Mouse	33
PXD042298	F1_2.mzML	Mouse	33
PXD042298	F2_1.mzML	Mouse	33
PXD042298	F3_2.mzML	Mouse	33
PXD042298	F2_2.mzML	Mouse	33
PXD042298	F3_1.mzML	Mouse	33
PXD051505	Mit_Old3_T2.mzML	Mouse	32
PXD051505	Mit_Old3_T1.mzML	Mouse	32
PXD051505	Mit_Old2_T1.mzML	Mouse	32
PXD051505	Mit_Old2_T2.mzML	Mouse	32
PXD051505	Mit_Old1_T2.mzML	Mouse	32
PXD051505	Mit_Old1_T1.mzML	Mouse	32
PXD051505	Mit_Young3_T2.mzML	Mouse	32
PXD051505	Mit_Young2_T1.mzML	Mouse	32
PXD051505	Mit_Young2_T2.mzML	Mouse	32
PXD051505	Mit_Young3_T1.mzML	Mouse	32
PXD051505	Mit_Young1_T1.mzML	Mouse	32
PXD051505	Mit_Young1_T2.mzML	Mouse	32
MSV000092097	T1D_TD_PE33-7_WT_F_Aragorn_02Apr21_21-02-01.mzML	Mouse	13
MSV000092097	T1D_TD_BC228-4_KO_M_1_Aragorn_02Apr21_21-02-01.mzML	Mouse	13
MSV000092097	T1D_TD_BC228-3_WT_M_Aragorn_02Apr21_21-02-01.mzML	Mouse	13
MSV000092097	T1D_TD_BC228-4_KO_M_3_Aragorn_02Apr21_21-02-01.mzML	Mouse	13
MSV000092097	T1D_TD_BC228-4_KO_M_4_Aragorn_02Apr21_21-02-01.mzML	Mouse	13
MSV000092097	T1D_TD_BC228-4_KO_M_2_Aragorn_02Apr21_21-02-01.mzML	Mouse	13
MSV000092097	T1D_TD_PE32-3_WT_M_Aragorn_02Apr21_21-02-01.mzML	Mouse	13
MSV000092097	T1D_TD_PE33-5_WT_F_Aragorn_02Apr21_21-02-01.mzML	Mouse	13
MSV000093727	Alz_DiffSol_Comp_Mouse1_RH_Urea_R1_Aragorn_13Feb21_21-01-03.mzML	Mouse	6
MSV000093727	Alz_DiffSol_Comp_Mouse1_LH_Urea_R1_Aragorn_13Feb21_21-01-03.mzML	Mouse	6
MSV000093727	Alz_DiffSol_Comp_Mouse3_LH_Urea_R1_Aragorn_13Feb21_21-01-03.mzML	Mouse	6
MSV000093727	Alz_DiffSol_Comp_Mouse2_LH_Urea_R1_Aragorn_13Feb21_21-01-03.mzML	Mouse	6
MSV000093727	Alz_DiffSol_Comp_Mouse3_RH_Urea_R1_Aragorn_13Feb21_21-01-03.mzML	Mouse	6
MSV000093727	Alz_DiffSol_Comp_Mouse2_RH_Urea_R1_Aragorn_13Feb21_21-01-03.mzML	Mouse	6
MSV000093727	Alz_DiffSol_Control_Mouse3_R1_Aragorn_13Feb21_21-01-03.mzML	Mouse	6
MSV000093727	Alz_DiffSol_Control_Mouse1_R1_Aragorn_13Feb21_21-01-03.mzML	Mouse	6
MSV000093727	Alz_DiffSol_Comp_Mouse3_RH_Urea_R3_Aragorn_27May21_21-02-02.mzML	Mouse	6
MSV000093727	Alz_DiffSol_Control_Mouse2_R1_Aragorn_13Feb21_21-01-03.mzML	Mouse	6
MSV000093727	Alz_DiffSol_Comp_Mouse3_LH_Urea_R3_Aragorn_27May21_21-02-02.mzML	Mouse	6
MSV000093727	Alz_DiffSol_Comp_Mouse2_RH_Urea_R3_Aragorn_27May21_21-02-02.mzML	Mouse	6
MSV000093727	Alz_DiffSol_Comp_Mouse3_RH_HFIP_R1_Aragorn_13Feb21_21-01-03.mzML	Mouse	6
MSV000093727	Alz_DiffSol_Comp_Mouse1_RH_Urea_R3_Aragorn_27May21_21-02-02.mzML	Mouse	6
MSV000093727	Alz_DiffSol_Comp_Mouse2_LH_Urea_R3_Aragorn_27May21_21-02-02.mzML	Mouse	6
MSV000093727	Alz_DiffSol_Comp_Mouse3_RH_Urea_R2_Aragorn_28Dec21_21-11-03.mzML	Mouse	6
MSV000093727	Alz_DiffSol_Comp_Mouse2_RH_Urea_R2_Aragorn_28Dec21_21-11-03.mzML	Mouse	6
MSV000093727	Alz_DiffSol_Comp_Mouse3_LH_Urea_R2_Aragorn_28Dec21_21-11-03.mzML	Mouse	6
MSV000093727	Alz_DiffSol_Comp_Mouse1_RH_Urea_R2_Aragorn_28Dec21_21-11-03.mzML	Mouse	6
MSV000093727	Alz_DiffSol_Comp_Mouse1_LH_Urea_R3_Aragorn_27May21_21-02-02.mzML	Mouse	6
MSV000093727	Alz_DiffSol_Control_Mouse1_R3_Aragorn_27May21_21-02-02.mzML	Mouse	6
MSV000093727	Alz_DiffSol_Comp_Mouse2_LH_Urea_R2_Aragorn_28Dec21_21-11-03.mzML	Mouse	6
MSV000093727	Alz_DiffSol_Comp_Mouse1_LH_Urea_R2_Aragorn_28Dec21_21-11-03.mzML	Mouse	6
MSV000093727	Alz_DiffSol_Comp_Mouse1_LH_HFIP_R1_Aragorn_13Feb21_21-01-03.mzML	Mouse	6
MSV000093727	Alz_DiffSol_Comp_Mouse2_LH_HFIP_R1_Aragorn_13Feb21_21-01-03.mzML	Mouse	6
MSV000093727	Alz_DiffSol_Comp_Mouse2_RH_HFIP_R1_Aragorn_13Feb21_21-01-03.mzML	Mouse	6
MSV000093727	Alz_DiffSol_Control_Mouse2_R3_Aragorn_27May21_21-02-02.mzML	Mouse	6
MSV000093727	Alz_DiffSol_Comp_Mouse1_RH_HFIP_R1_Aragorn_13Feb21_21-01-03.mzML	Mouse	6
MSV000093727	Alz_DiffSol_Control_Mouse3_R3_Aragorn_27May21_21-02-02.mzML	Mouse	6
MSV000093727	Alz_DiffSol_Comp_Mouse3_LH_HFIP_R1_Aragorn_13Feb21_21-01-03.mzML	Mouse	6
MSV000093727	Alz_DiffSol_Comp_Mouse2_RH_HFIP_R2_Aragorn_28Dec21_21-11-03.mzML	Mouse	6
MSV000093727	Alz_DiffSol_Comp_Mouse1_LH_HFIP_R2_Aragorn_31Dec21_21-11-03.mzML	Mouse	6
MSV000093727	Alz_DiffSol_Control_Mouse1_R2_Aragorn_28Dec21_21-11-03.mzML	Mouse	6
MSV000093727	Alz_DiffSol_Comp_Mouse3_RH_HFIP_R2_Aragorn_28Dec21_21-11-03.mzML	Mouse	6
MSV000093727	Alz_DiffSol_Comp_Mouse3_LH_HFIP_R2_Aragorn_28Dec21_21-11-03.mzML	Mouse	6
MSV000093727	Alz_DiffSol_Control_Mouse2_R2_Aragorn_28Dec21_21-11-03.mzML	Mouse	6
MSV000093727	Alz_DiffSol_Comp_Mouse1_RH_HFIP_R2_Aragorn_31Dec21_21-11-03.mzML	Mouse	6
MSV000093727	Alz_DiffSol_Control_Mouse3_R2_Aragorn_28Dec21_21-11-03.mzML	Mouse	6
MSV000093727	Alz_DiffSol_Comp_Mouse1_LH_HFIP_R3_Aragorn_28May21_21-02-02.mzML	Mouse	6
MSV000093727	Alz_DiffSol_Comp_Mouse2_LH_HFIP_R2_Aragorn_28Dec21_21-11-03.mzML	Mouse	6
MSV000093727	Alz_DiffSol_Comp_Mouse2_RH_HFIP_R3_Aragorn_27May21_21-02-02.mzML	Mouse	6
MSV000093727	Alz_DiffSol_Comp_Mouse1_RH_HFIP_R3_Aragorn_27May21_21-02-02.mzML	Mouse	6
MSV000093727	Alz_DiffSol_Comp_Mouse3_RH_HFIP_R3_Aragorn_27May21_21-02-02.mzML	Mouse	6
MSV000093727	Alz_DiffSol_Comp_Mouse2_LH_HFIP_R3_Aragorn_27May21_21-02-02.mzML	Mouse	6
MSV000093727	Alz_DiffSol_Comp_Mouse3_LH_HFIP_R3_Aragorn_27May21_21-02-02.mzML	Mouse	6
IPX0005864000	data47_1ughela_plasmamp02_100umC8BTMSPA20201102d_2%FA.mzML	Human	28
IPX0005864000	data46_1ughela_plasmamp02_100umC8BTMSPA20201102d_2%FA.mzML	Human	28
IPX0005864000	data48_1ughela_plasmamp02_100umC8BTMSPA20201102d_2%FA.mzML	Human	28
IPX0005864000	data52_1ughela_plasmamp02_75umPRLP01_2%FA.mzML	Human	28
IPX0005864000	data53_1ughela_plasmamp02_75umPRLP01_2%FA.mzML	Human	28
IPX0005864000	data54_1ughela_plasmamp02_75umPRLP01_2%FA.mzML	Human	28
PXD035339	suspension_buffer_1.mzML	Human	15
PXD035339	suspension_buffer_2.mzML	Human	15
PXD035339	suspension_buffer_3.mzML	Human	15
PXD035339	suspension_buffer_4.mzML	Human	15
PXD035339	1cell_HeLa_1.mzML	Human	15
PXD035339	1cell_HeLa_4.mzML	Human	15
PXD035339	1cell_HeLa_2.mzML	Human	15
PXD035339	1min_sprayvoltage_1.mzML	Human	15
PXD035339	2min_sprayvoltage_1.mzML	Human	15
PXD035339	1cell_HeLa_3.mzML	Human	15
PXD035339	2min_sprayvoltage_3.mzML	Human	15
PXD035339	1min_sprayvoltage_2.mzML	Human	15
PXD035339	2min_sprayvoltage_2.mzML	Human	15
PXD035339	1min_sprayvoltage_4.mzML	Human	15
PXD035339	1min_sprayvoltage_3.mzML	Human	15
PXD035339	2min_sprayvoltage_4.mzML	Human	15
MSV000084612	Naomi_Hela_Invitrosol_Run1.mzML	Human	29
MSV000084612	Naomi_Hela_ProteaseMax_Run1.mzML	Human	29
MSV000084612	Naomi_Hela_Invitrosol_Run3.mzML	Human	29
MSV000084612	Naomi_Hela_Invitrosol_Run2.mzML	Human	29
MSV000084612	Naomi_Hela_control_Run2.mzML	Human	29
MSV000084612	Naomi_Hela_ProteaseMax_Run2.mzML	Human	29
MSV000084612	Naomi_Hela_ProteaseMax_Run3.mzML	Human	29
MSV000084612	HeLa_Intact_0pt1DDM_100cells_Run4_042519.mzML	Human	29
MSV000084612	Naomi_Hela_DDM_Run2.mzML	Human	29
MSV000084612	HeLa_Intact_0pt5DDM_100cells_Run5_042519.mzML	Human	29
MSV000084612	Naomi_Hela_DDM_Run4.mzML	Human	29
MSV000084612	HeLa_Intact_0pt1DDM_100cells_Run1_042219.mzML	Human	29
MSV000084612	Naomi_Hela_DDM_Run1.mzML	Human	29
MSV000084612	HeLa_Intact_0pt01PEG20000_100cells_Run1_042219.mzML	Human	29
MSV000084612	HeLa_Intact_0pt01PEG20000_100cells_Run2_042319.mzML	Human	29
MSV000084612	HeLa_Intact_0pt01PEG20000_100cells_Run3_042419.mzML	Human	29
MSV000084612	HeLa_Intact_0p5DDM_100cells_Run1_042219.mzML	Human	29
MSV000084612	NanoPOTS_Autosampler_TopDown_HeLa_30_C2_R2.mzML	Human	29
MSV000084612	NanoPOTS_Autosampler_TopDown_HeLa_30_C2_R4.mzML	Human	29
MSV000084612	HeLa_Intact_8Murea_100cells_Run5_042519.mzML	Human	29
MSV000084612	HeLa_Intact_0pt5DDM_100cells_Run4_042519.mzML	Human	29
MSV000084612	HeLa_Intact_8Murea_100cells_Run2_042319.mzML	Human	29
MSV000084612	HeLa_Intact_8Murea_100cells_Run1_042219.mzML	Human	29
MSV000084612	HeLa_Intact_0pt1DDM_100cells_Run2_042319.mzML	Human	29
MSV000084612	NanoPOTS_Autosampler_TopDown_HeLa_30_C2_R3.mzML	Human	29
MSV000084612	NanoPOTS_Autosampler_TopDown_HeLa_100_C2_R2.mzML	Human	29
MSV000084612	NanoPOTS_Autosampler_TopDown_HeLa_100_C2_R3.mzML	Human	29
MSV000084612	NanoPOTS_Autosampler_TopDown_HeLa_100_C2_R4.mzML	Human	29
MSV000084612	NanoPOTS_Autosampler_TopDown_HeLa_300_C2_R3.mzML	Human	29
MSV000084612	NanoPOTS_Autosampler_TopDown_HeLa_300_C2_R4.mzML	Human	29
MSV000084612	NanoPOTS_Autosampler_TopDown_HeLa_300_C2_R2.mzML	Human	29
MSV000085978	LCA_LVS_12082018_MCF7_B1L3_10per_F7_CID_01.mzML	Human	19
MSV000085978	LCA_LVS_12082018_MCF7_B1L3_10per_F7_CID_02.mzML	Human	19
MSV000085978	LCA_LVS_12082018_MCF7_B1L3_10per_F8_CID_02.mzML	Human	19
MSV000085978	LCA_LVS_12082018_MCF7_B1L3_10per_F8_CID_01.mzML	Human	19
MSV000085978	LCA_DB_LVS_12072018_MCF7_B1L3_10per_F6_CID_01.mzML	Human	19
MSV000085978	LCA_DB_LVS_12072018_MCF7_B1L3_10per_F5_CID_02.mzML	Human	19
MSV000085978	LCA_DB_LVS_12072018_MCF7_B1L3_10per_F6_CID_02.mzML	Human	19
MSV000085978	LCA_DB_LVS_12072018_MCF7_B1L3_10per_F5_CID_01.mzML	Human	19
MSV000085978	LCA_LVS_12062018_MCF7_B1L3_10per_F4_CID_01.mzML	Human	19
MSV000085978	LCA_LVS_12062018_MCF7_B1L3_10per_F3_CID_01.mzML	Human	19
MSV000085978	LCA_LVS_12062018_MCF7_B1L3_10per_F3_CID_02.mzML	Human	19
MSV000085978	LCA_LVS_12062018_MCF7_B1L3_10per_F2_CID_02.mzML	Human	19
MSV000085978	LCA_LVS_12062018_MCF7_B1L3_10per_F2_CID_01.mzML	Human	19
MSV000085978	LCA_LVS_12062018_MCF7_B1L3_10per_F1_CID_01.mzML	Human	19
MSV000085978	LCA_LVS_12062018_MCF7_B1L3_10per_F1_CID_02.mzML	Human	19
PXD049969	20230317_Caco_GELFrEE_7_LMW_R1.mzML	Human	20
PXD049969	20230317_Caco_GELFrEE_8_LMW_R1.mzML	Human	20
PXD049969	20230317_Caco_GELFrEE_8_LMW_R3.mzML	Human	20
PXD049969	20230317_Caco_GELFrEE_6_LMW_R2.mzML	Human	20
PXD049969	20230317_Caco_GELFrEE_1_LMW_R1.mzML	Human	20
PXD049969	20230317_Caco_GELFrEE_6_LMW_R1.mzML	Human	20
PXD049969	20230317_Caco_GELFrEE_7_LMW_R2.mzML	Human	20
PXD049969	20230317_Caco_GELFrEE_7_LMW_R3.mzML	Human	20
PXD049969	20230317_Caco_GELFrEE_1_LMW_R3.mzML	Human	20
PXD049969	20230317_Caco_GELFrEE_6_LMW_R3.mzML	Human	20
PXD049969	20230317_Caco_GELFrEE_8_LMW_R2.mzML	Human	20
PXD049969	20230317_Caco_GELFrEE_1_LMW_R2.mzML	Human	20
PXD049969	20220919_Caco_MWCO50kDa_A_LMW.mzML	Human	20
PXD049969	20230511_Caco_SPE_LMW_01ul_R1.mzML	Human	20
PXD049969	20230511_Caco_SPE_LMW_01ul_R2.mzML	Human	20
PXD049969	20220919_Caco_MWCO50kDa_B_LMW.mzML	Human	20
PXD049969	20230511_Caco_SPE_LMW_01ul_R3.mzML	Human	20
PXD049969	20220919_Caco_MWCO50kDa_c_C_LMW.mzML	Human	20
PXD049969	20220927_Caco_PEPPIAnExSp_C_LMW.mzML	Human	20
PXD049969	20230317_Caco_GELFrEE_2_LMW_R3.mzML	Human	20
PXD049969	20220926_Caco_ACNTEAB_A_LMW.mzML	Human	20
PXD049969	20220927_Caco_PEPPIAnExSp_A_LMW.mzML	Human	20
PXD049969	20230317_Caco_GELFrEE_5_LMW_R2.mzML	Human	20
PXD049969	20230227_Caco_PLRPlowPH_G_LMW_R3.mzML	Human	20
PXD049969	20230511_Caco_SPE_LMW_03ul_R1.mzML	Human	20
PXD049969	20230227_Caco_PLRPlowPH_H_LMW_R3.mzML	Human	20
PXD049969	20220926_Caco_ACNTEAB_B_LMW.mzML	Human	20
PXD049969	20220926_Caco_ACNTEAB_C_LMW.mzML	Human	20
PXD049969	20220927_Caco_PEPPIAnExSp_B_LMW.mzML	Human	20
PXD049969	20230511_Caco_SPE_LMW_03ul_R2.mzML	Human	20
PXD049969	20230511_Caco_SPE_LMW_03ul_R3.mzML	Human	20
PXD049969	20230227_Caco_PLRPlowPH_E_LMW_R3.mzML	Human	20
PXD049969	20230317_Caco_GELFrEE_5_LMW_R3.mzML	Human	20
PXD049969	20220915_Caco_1DLC_C_LMW.mzML	Human	20
PXD049969	20230227_Caco_PLRPlowPH_A_LMW_R3.mzML	Human	20
PXD049969	20230917_Caco_1DLC_control_R1_LMW.mzML	Human	20
PXD049969	20230917_Caco_1DLC_control_R2_LMW.mzML	Human	20
PXD049969	20220915_Caco_1DLC_B_LMW.mzML	Human	20
PXD049969	20220915_Caco_1DLC_A_LMW.mzML	Human	20
PXD049969	20230227_Caco_PLRPlowPH_D_LMW_R3.mzML	Human	20
PXD049969	20220916_Caco_8GELFrEE_B_LMW.mzML	Human	20
PXD049969	20230227_Caco_PLRPlowPH_F_LMW_R3.mzML	Human	20
PXD049969	20230917_Caco_1DLC_reduced_R3_LMW.mzML	Human	20
PXD049969	20230511_Caco_SPE_LMW_07ul_R1.mzML	Human	20
PXD049969	20220927_Caco_PEPPIMCW_C_LMW.mzML	Human	20
PXD049969	20230917_Caco_1DLC_control_R3_LMW.mzML	Human	20
PXD049969	20230917_Caco_1DLC_reduced_R2_LMW.mzML	Human	20
PXD049969	20220916_Caco_8GELFrEE_A_LMW.mzML	Human	20
PXD049969	20220927_Caco_PEPPIMCW_A_LMW.mzML	Human	20
PXD049969	20230601_Caco_Lysis_SDSTris8p8_R3_LMW.mzML	Human	20
PXD049969	20230227_Caco_PLRPlowPH_C_LMW_R3.mzML	Human	20
PXD049969	20230601_Caco_Lysis_SDSTris8p8_R1_LMW.mzML	Human	20
PXD049969	20220927_Caco_PEPPIMCW_B_LMW.mzML	Human	20
PXD049969	20220916_Caco_8GELFrEE_C_LMW.mzML	Human	20
PXD049969	20230601_Caco_Lysis_SDSTris8p8_R2_LMW.mzML	Human	20
PXD049969	20230511_Caco_SPE_LMW_07ul_R3.mzML	Human	20
PXD049969	20230917_Caco_1DLC_reduced_R1_LMW.mzML	Human	20
PXD049969	20230917_Caco_1DLC_alkylated_R2_LMW.mzML	Human	20
PXD049969	20230917_Caco_1DLC_alkylated_R1_LMW.mzML	Human	20
PXD049969	20230917_Caco_1DLC_alkylated_R3_LMW.mzML	Human	20
PXD049969	20220919_Caco_MWCO30kDa_c_C_LMW.mzML	Human	20
PXD049969	20230511_Caco_SPE_LMW_07ul_R2.mzML	Human	20
PXD049969	20230317_Caco_GELFrEE_2_LMW_R2.mzML	Human	20
PXD049969	20230227_Caco_PLRPlowPH_A_LMW_R2.mzML	Human	20
PXD049969	20230601_Caco_Lysis_UreaABC8p0_R1_LMW.mzML	Human	20
PXD049969	20220928_Caco_SEC_A_LMW.mzML	Human	20
PXD049969	20230601_Caco_Lysis_UreaABC8p0_R2_LMW.mzML	Human	20
PXD049969	20230227_Caco_PLRPlowPH_H_LMW_R2.mzML	Human	20
PXD049969	20230601_Caco_Lysis_UreaABC8p0_R3_LMW.mzML	Human	20
PXD049969	20230317_Caco_GELFrEE_5_LMW_R1.mzML	Human	20
PXD049969	20230601_Caco_Lysis_PBS7p2_c_R2_LMW.mzML	Human	20
PXD049969	20230601_Caco_Lysis_PBS7p2_c_R3_LMW.mzML	Human	20
PXD049969	20220928_Caco_SEC_B_LMW.mzML	Human	20
PXD049969	20230601_Caco_Lysis_PBS7p2_c_R1_LMW.mzML	Human	20
PXD049969	20230227_Caco_PLRPlowPH_E_LMW_R2.mzML	Human	20
PXD049969	20230317_Caco_GELFrEE_2_LMW_R1.mzML	Human	20
PXD049969	20220928_Caco_SEC_C_LMW.mzML	Human	20
PXD049969	20230227_Caco_PLRPlowPH_D_LMW_R2.mzML	Human	20
PXD049969	20230227_Caco_PLRPlowPH_B_LMW_R3.mzML	Human	20
PXD049969	20230601_Caco_Lysis_GndHCl_c_R3_LMW.mzML	Human	20
PXD049969	20220926_Caco_ACNNaCl_A_LMW.mzML	Human	20
PXD049969	20230227_Caco_PLRPlowPH_F_LMW_R2.mzML	Human	20
PXD049969	20230227_Caco_PLRPlowPH_E_LMW_R1.mzML	Human	20
PXD049969	20230317_Caco_GELFrEE_4_LMW_R3.mzML	Human	20
PXD049969	20230227_Caco_PLRPlowPH_A_LMW_R1.mzML	Human	20
PXD049969	20220926_Caco_ACNNaCl_B_LMW.mzML	Human	20
PXD049969	20230317_Caco_GELFrEE_4_LMW_R2.mzML	Human	20
PXD049969	20230601_Caco_Lysis_GndHCl_c_R1_LMW.mzML	Human	20
PXD049969	20230227_Caco_PLRPlowPH_B_LMW_R2.mzML	Human	20
PXD049969	20230601_Caco_Lysis_GndHCl_c_R2_LMW.mzML	Human	20
PXD049969	20220919_Caco_MWCO30kDa_A_LMW.mzML	Human	20
PXD049969	20220919_Caco_MWCO30kDa_B_LMW.mzML	Human	20
PXD049969	20230317_Caco_GELFrEE_4_LMW_R1.mzML	Human	20
PXD049969	20230511_Caco_SPE_LMW_R10.mzML	Human	20
PXD049969	20230227_Caco_PLRPlowPH_D_LMW_R1.mzML	Human	20
PXD049969	20230227_Caco_PLRPlowPH_C_LMW_R2.mzML	Human	20
PXD049969	20230227_Caco_PLRPlowPH_H_LMW_R1.mzML	Human	20
PXD049969	20230227_Caco_PLRPlowPH_G_LMW_R2.mzML	Human	20
PXD049969	20220923_Caco_SPEC18_C_LMW.mzML	Human	20
PXD049969	20230227_Caco_PLRPlowPH_F_LMW_R1.mzML	Human	20
PXD049969	20220923_Caco_SPEC18_A_LMW.mzML	Human	20
PXD049969	20230227_Caco_PLRPlowPH_B_LMW_R1.mzML	Human	20
PXD049969	20230511_Caco_SPE_LMW_R7.mzML	Human	20
PXD049969	20230227_Caco_PLRPlowPH_G_LMW_R1.mzML	Human	20
PXD049969	20230511_Caco_SPE_LMW_R1.mzML	Human	20
PXD049969	20230511_Caco_SPE_LMW_R8.mzML	Human	20
PXD049969	20220922_Caco_lysis_ACNTEAB_LMW_5ul_R3.mzML	Human	20
PXD049969	20220923_Caco_SPEC18_B_LMW.mzML	Human	20
PXD049969	20230511_Caco_SPE_LMW_R3.mzML	Human	20
PXD049969	20230511_Caco_SPE_LMW_R4.mzML	Human	20
PXD049969	20230511_Caco_SPE_LMW_R6.mzML	Human	20
PXD049969	20220923_Caco_SPEC4_A_LMW.mzML	Human	20
PXD049969	20220923_Caco_SPEC4_C_LMW.mzML	Human	20
PXD049969	20230511_Caco_SPE_LMW_R2.mzML	Human	20
PXD049969	20220923_Caco_SPEC4_B_LMW.mzML	Human	20
PXD049969	20230511_Caco_SPE_LMW_R5.mzML	Human	20
PXD049969	20230227_Caco_PLRPlowPH_C_LMW_R1.mzML	Human	20
PXD049969	20230511_Caco_SPE_LMW_R9.mzML	Human	20
PXD049969	20220926_Caco_ACNNaCl_C_LMW.mzML	Human	20
PXD049969	20220922_Caco_lysis_ACNTEAB_LMW_5ul_R2.mzML	Human	20
PXD049969	20220922_Caco_lysis_ACNTEAB_LMW_5ul.mzML	Human	20
PXD049969	20230317_Caco_GELFrEE_3_LMW_R2.mzML	Human	20
PXD049969	20230317_Caco_GELFrEE_3_LMW_R1.mzML	Human	20
PXD049969	20230317_Caco_GELFrEE_3_LMW_R3.mzML	Human	20
PXD049969	20220922_Caco_lysis_ACNNaCl_LMW_5ul_R2.mzML	Human	20
PXD049969	20220922_Caco_lysis_ACNNaCl_LMW_5ul_R3.mzML	Human	20
PXD049969	20220922_Caco_lysis_ACNNaCl_LMW_5ul.mzML	Human	20
PXD029792	20210806_CaCo_C18MinMan_1_CID25_2h_3s_FAIMS_-60-50-40-20-0_CV60_50_60k50k_IT118_125_1micro__CV20_0_from40min_20210808183817.mzML	Human	17
PXD029792	20210806_CaCo_C18MinMan_1_CID25_2h_3s_FAIMS_-60-50-40-20-0_CV60_50_60k50k_IT118_125_2micro_HCD30__CV20_0_from40min.mzML	Human	17
PXD029792	20210806_CaCo_C18MinMan_1_CID25_2h_3s_FAIMS_-60-50-40-20-0_CV60_50_60k50k_IT118_125_2micro__CV20_0_from40min_20210808110039.mzML	Human	17
PXD029792	20210806_CaCo_C18MinMan_1_CID25_2h_3s_FAIMS_-60-50-40-20-0_CV60_50_60k50k_IT118_125_2micro_HCD30__CV20_0_from40min_20210808032313.mzML	Human	17
PXD029792	20210806_CaCo_C18MinMan_1_CID25_2h_3s_FAIMS_-60-50-40-20-0_CV60_50_60k50k_IT118_125_2micro_HCD30__CV20_0_from40min_20210808055542.mzML	Human	17
PXD029792	20210916_CaCo_MinMan_FAIMS-60-50-40-20-0_60min.mzML	Human	17
PXD029792	20210806_CaCo_C18MinMan_1_CID25_2h_3s_FAIMS_-60-50-40-20-0_CV60_50_60k50k_IT118_125_2micro__CV20_0_from40min.mzML	Human	17
PXD029792	20210806_CaCo_C18MinMan_1_CID25_2h_3s_FAIMS_-60-50-40-20-0_CV60_50_60k50k_IT118_125_1micro__CV20_0_from40min.mzML	Human	17
PXD029792	20210806_CaCo_C18MinMan_1_CID25_2h_3s_FAIMS_-60-50-40-20-0_CV60_50_60k50k_IT118_125_1micro__CV20_0_from40min_20210808211046.mzML	Human	17
PXD029792	20210806_CaCo_C18MinMan_1_CID25_2h_3s_FAIMS_-60-50-40-20-0_CV60_50_60k50k_IT118_125_2micro__CV20_0_from40min_20210808133309.mzML	Human	17
PXD029792	20210806_CaCo_C18MinMan_1_CID25_2h_3s_FAIMS_-60-50-40-20-0_20210807221807.mzML	Human	17
PXD029792	20210806_CaCo_C18MinMan_1_CID25_2h_3s_FAIMS_-60-50-40-20-0.mzML	Human	17
PXD029792	20210806_CaCo_C18MinMan_1_CID25_2h_3s_FAIMS_-60-50-40-20-0_20210807171300.mzML	Human	17
PXD029792	20210806_CaCo_C18MinMan_1_CID25_2h_3s_FAIMS_-60-50-40-20-0_CV60_50_60k50k_IT118_125_2micro__CV20_0_from40min_6micro_3Scans_20210807093531.mzML	Human	17
PXD029792	20210806_CaCo_C18MinMan_1_CID25_2h_3s_FAIMS_-60-50-40-20-0_CV60_50_60k50k_IT118_125_2micro__CV20_0_from40min_6micro_3Scans.mzML	Human	17
PXD029792	20210806_CaCo_C18MinMan_1_CID25_2h_3s_FAIMS_-60-50-40-20-0_CV60_50_60k50k_IT118_125_2micro__CV20_0_from40min_6micro_3Scans_20210807120802.mzML	Human	17
PXD029792	20210916_CaCo_MinMan_FAIMS-60-50-40-0_60min.mzML	Human	17
PXD029792	20210916_CaCo_MinMan_FAIMS-60-50-40-20-0_90min.mzML	Human	17
PXD029792	20210806_CaCo_C18MinMan_1_CID25_2h_3s_FAIMS_-60-50-40-0_CV60_50_60k50k_IT118_125_2micro__CV0_from40min_20210809200334.mzML	Human	17
PXD029792	20210806_CaCo_C18MinMan_1_CID25_2h_3s_FAIMS_-60-50-40-0_CV60_50_60k50k_IT118_125_2micro__CV0_from40min_20210809173105.mzML	Human	17
PXD029792	20210806_CaCo_C18MinMan_1_CID25_2h_3s_FAIMS_-60-50-40-0_CV60_50_60k50k_IT118_125_2micro__CV0_from40min.mzML	Human	17
PXD029792	20210910_CaCo2_GELFrEE8_2h_CID25_PeptideMode_FAIMS-50-40-30-20_opt_Fr1_3.mzML	Human	17
PXD029792	20210910_CaCo2_GELFrEE8_2h_CID25_PeptideMode_FAIMS-50-40-30-20_opt_Fr1_1.mzML	Human	17
PXD029792	20210806_CaCo_C18MinMan_1_CID25_2h_3s_FAIMS_-60-50-40-20_CV60_50_60k50k_IT118_125_2micro__CV20_from40min.mzML	Human	17
PXD029792	20210806_CaCo_C18MinMan_1_CID25_2h_3s_FAIMS_-60-50-40-20_CV60_50_60k50k_IT118_125_2micro__CV20_from40min_20210810034059.mzML	Human	17
PXD029792	20210806_CaCo_C18MinMan_1_CID25_2h_3s_FAIMS_-60-50-40-20_CV60_50_60k50k_IT118_125_2micro__CV20_from40min_20210810010830.mzML	Human	17
PXD029792	20210910_CaCo2_GELFrEE8_2h_CID25_PeptideMode_FAIMS-50-40-30-20_opt_Fr1_2.mzML	Human	17
PXD029792	20210916_CaCo_MinMan_FAIMS-50-40-0_60min.mzML	Human	17
PXD029792	20210916_CaCo_MinMan_FAIMS-60-50-40-20-0_120min.mzML	Human	17
PXD029792	20210916_CaCo_MinMan_FAIMS-60-50-40-0_90min.mzML	Human	17
PXD029792	20210910_CaCo2_MWCO30_2h_CID25_PeptideMode_FAIMS-50-40-30-20_1_3.mzML	Human	17
PXD029792	20210910_CaCo2_MWCO30_2h_CID25_PeptideMode_FAIMS-50-40-30-20_1_1.mzML	Human	17
PXD029792	20210910_CaCo2_MWCO30_2h_CID25_PeptideMode_FAIMS-50-40-30-20_1_2.mzML	Human	17
PXD029792	20210916_CaCo_MinMan_FAIMS-60-50-40-20-0_150min.mzML	Human	17
PXD029792	20210806_CaCo_C18MinMan_1_CID25_2h_4s_FAIMS_-50-40-0_CV50_60k50k_IT118_125_2micro_CV0_from40min.mzML	Human	17
PXD029792	20210806_CaCo_C18MinMan_1_CID25_2h_4s_FAIMS_-50-40-0_CV50_60k50k_IT118_125_2micro_CV0_from40min_20210809021547.mzML	Human	17
PXD029792	20210806_CaCo_C18MinMan_1_CID25_2h_4s_FAIMS_-50-40-0_CV50_60k50k_IT118_125_2micro_CV0_from40min_20210809044820.mzML	Human	17
PXD029792	20210916_CaCo_MinMan_FAIMS-60-50-40-0_120min.mzML	Human	17
PXD029792	20210916_CaCo_MinMan_FAIMS-50-40-0_90min.mzML	Human	17
PXD029792	20210916_CaCo_MinMan_FAIMS-60-50-40-20-0_180min.mzML	Human	17
PXD029792	20210916_CaCo_MinMan_FAIMS-60-50-40-0_150min.mzML	Human	17
PXD029792	20210916_CaCo_MinMan_FAIMS-50-40-0_120min.mzML	Human	17
PXD029792	20210916_CaCo_MinMan_FAIMS-60-50-40-0_180min.mzML	Human	17
PXD029792	20210616_CaCo_C18MinMan_1_CID25_2h_2_FAIMS_-60-50-20_CV60_50_60k50k_IT118_125_2micro.mzML	Human	17
PXD029792	20210916_CaCo_MinMan_FAIMS-50-40-0_150min.mzML	Human	17
PXD029792	20210616_CaCo_C18MinMan_1_CID25_2h_2_FAIMS_-60-50-20_CV60_50_60k50k_IT118_125_2micro_20210722175804.mzML	Human	17
PXD029792	20210616_CaCo_C18MinMan_1_CID25_2h_2_FAIMS_-60-50-40_CV60_50_60k50k_IT118_125_2micro.mzML	Human	17
PXD029792	20210616_CaCo_C18MinMan_1_CID25_2h_2_FAIMS_-60-50-20_CV60_50_60k50k_IT118_125_2micro_20210724103922.mzML	Human	17
PXD029792	20210916_CaCo_MinMan_FAIMS-50-40-0_180min.mzML	Human	17
PXD029792	20210616_CaCo_C18MinMan_1_CID25_2h_2_FAIMS_-60-50-40_CV60_50_60k50k_IT118_125_2micro_20210722072006.mzML	Human	17
PXD029792	20210616_CaCo_C18MinMan_1_CID25_2h_2_FAIMS_-60-50-40_CV60_50_60k50k_IT118_125_2micro_20210724030144.mzML	Human	17
PXD029792	20210616_CaCo_C18MinMan_1_CID25_2h_2_FAIMS_-70.mzML	Human	17
PXD029792	20210616_CaCo_C18MinMan_1_CID25_2h_2_FAIMS_-70_20210715041532.mzML	Human	17
PXD029792	20210616_CaCo_C18MinMan_1_CID25_2h_2_FAIMS_-70_20210716081345.mzML	Human	17
PXD029792	20210801_CaCo_C18MinMan_2_CID25_2h_2_FAIMS_-70.mzML	Human	17
PXD029792	20210616_CaCo_C18MinMan_1_CID25_2h_2_FAIMS_10_20210716003605.mzML	Human	17
PXD029792	20210616_CaCo_C18MinMan_1_CID25_2h_2_FAIMS_10.mzML	Human	17
PXD029792	20210616_CaCo_C18MinMan_1_CID25_2h_2_FAIMS_-60-20_CV60_60k50k_IT118_125_2micro_20210726093726.mzML	Human	17
PXD029792	20210616_CaCo_C18MinMan_1_CID25_2h_2_FAIMS_-60-20_CV60_60k50k_IT118_125_2micro_20210726194736.mzML	Human	17
PXD029792	20210616_CaCo_C18MinMan_1_CID25_2h_2_FAIMS_0_20210715220331.mzML	Human	17
PXD029792	20210616_CaCo_C18MinMan_1_CID25_2h_1_FAIMS_10.mzML	Human	17
PXD029792	20210616_CaCo_C18MinMan_1_CID25_2h_2_FAIMS_-60-20_CV60_60k50k_IT118_125_2micro.mzML	Human	17
PXD029792	20210616_CaCo_C18MinMan_1_CID25_2h_2_FAIMS_0_20210714231023.mzML	Human	17
PXD029792	20210616_CaCo_C18MinMan_1_CID25_2h_2_FAIMS_0.mzML	Human	17
PXD029792	20210616_CaCo_C18MinMan_1_CID25_2h_2_FAIMS_-60.mzML	Human	17
PXD029792	20210616_CaCo_C18MinMan_1_CID25_2h_2_FAIMS_-60_20210716054113.mzML	Human	17
PXD029792	20210616_CaCo_C18MinMan_1_CID25_2h_2_FAIMS_-60_20210715014257.mzML	Human	17
PXD029792	20210801_CaCo_C18MinMan_2_CID25_2h_2_FAIMS_-60.mzML	Human	17
PXD029792	20210616_CaCo_C18MinMan_1_CID25_2h_2_FAIMS_-50-30_CV50_60k50k_IT118_125_2micro.mzML	Human	17
PXD029792	20210616_CaCo_C18MinMan_1_CID25_2h_2_FAIMS_-50-30_CV50_60k50k_IT118_125_2micro_20210727005237.mzML	Human	17
PXD029792	20210616_CaCo_C18MinMan_1_CID25_2h_2_FAIMS_-50-30_CV50_60k50k_IT118_125_2micro_20210726144231.mzML	Human	17
PXD029792	20210801_CaCo_C18MinMan_2_CID25_2h_2_FAIMS_0.mzML	Human	17
PXD029792	20210616_CaCo_C18MinMan_1_CID25_2h_2_FAIMS_-50_20210714071845.mzML	Human	17
PXD029792	20210616_CaCo_C18MinMan_1_CID25_2h_2_FAIMS_-50_20210715092037.mzML	Human	17
PXD029792	20210616_CaCo_C18MinMan_1_CID25_2h_2_FAIMS_-50.mzML	Human	17
PXD029792	20210801_CaCo_C18MinMan_2_CID25_2h_2_FAIMS_-50.mzML	Human	17
PXD029792	20210616_CaCo_C18MinMan_1_CID25_2h_2_FAIMS_-10_20210715193056.mzML	Human	17
PXD029792	20210616_CaCo_C18MinMan_1_CID25_2h_2_FAIMS_-20_20210715165824.mzML	Human	17
PXD029792	20210616_CaCo_C18MinMan_1_CID25_2h_2_FAIMS_-30_20210715142551.mzML	Human	17
PXD029792	20210616_CaCo_C18MinMan_1_CID25_2h_2_FAIMS_-10.mzML	Human	17
PXD029792	20210616_CaCo_C18MinMan_1_CID25_2h_2_FAIMS_-30_20210714122350.mzML	Human	17
PXD029792	20210616_CaCo_C18MinMan_1_CID25_2h_2_FAIMS_-30.mzML	Human	17
PXD029792	20210616_CaCo_C18MinMan_1_CID25_2h_2_FAIMS_-10_20210714203748.mzML	Human	17
PXD029792	20210910_CaCo2_GELFrEE8_2h_CID25_PeptideMode_Fr1_3.mzML	Human	17
PXD029792	20210910_CaCo2_GELFrEE8_2h_CID25_PeptideMode_Fr1_2.mzML	Human	17
PXD029792	20210616_CaCo_C18MinMan_1_CID25_2h_2_FAIMS_-20_20210714180507.mzML	Human	17
PXD029792	20210910_CaCo2_GELFrEE8_2h_CID25_PeptideMode_Fr1_1.mzML	Human	17
PXD029792	20210616_CaCo_C18MinMan_1_CID25_2h_2_FAIMS_-40_20210715115320.mzML	Human	17
PXD029792	20210616_CaCo_C18MinMan_1_CID25_2h_2_FAIMS_-40_20210714095120.mzML	Human	17
PXD029792	20210616_CaCo_C18MinMan_1_CID25_2h_2_FAIMS_-40.mzML	Human	17
PXD029792	20210910_CaCo2_MWCO30_2h_CID25_PeptideMode_1_2.mzML	Human	17
PXD029792	20210910_CaCo2_MWCO30_2h_CID25_PeptideMode_1_3.mzML	Human	17
PXD029792	20210910_CaCo2_MWCO30_2h_CID25_PeptideMode_1_1.mzML	Human	17
PXD029792	20210801_CaCo_C18MinMan_2_CID25_2h_2_FAIMS_-40.mzML	Human	17
PXD029792	20210716_CaCo_C18MinMan_CID25_2h_1_noFAIMS.mzML	Human	17
PXD029792	20210801_CaCo_C18MinMan_2_CID25_2h_2_FAIMS_-20.mzML	Human	17
PXD029792	20210716_CaCo_C18MinMan_CID25_2h_2_noFAIMS.mzML	Human	17
PXD029792	20210801_CaCo_C18MinMan_2_CID25_2h_2_FAIMS_-10.mzML	Human	17
PXD029792	20210801_CaCo_C18MinMan_2_CID25_2h_2_FAIMS_-30.mzML	Human	17
PXD029792	20210716_CaCo_C18MinMan_CID25_2h_3_noFAIMS.mzML	Human	17
PXD029792	20210801_CaCo_C18MinMan_1_CID25_2h_2_FAIMS_-80.mzML	Human	17
PXD029792	20210616_CaCo_C18MinMan_1_CID25_2h_2_FAIMS_-80.mzML	Human	17
PXD029792	20210616_CaCo_C18MinMan_1_CID25_2h_2_FAIMS_-80_20210715064805.mzML	Human	17
PXD029792	20210616_CaCo_C18MinMan_1_CID25_2h_2_FAIMS_-80_20210716104622.mzML	Human	17
PXD029792	20210616_CaCo_C18MinMan_1_CID25_2h_2_FAIMS_-60-50_CV60_50_60k50k_IT118_125_2micro.mzML	Human	17
PXD029792	20210616_CaCo_C18MinMan_1_CID25_2h_2_FAIMS_-60-50_CV60_50_60k50k_IT118_125_2micro_20210726070454.mzML	Human	17
PXD029792	20210616_CaCo_C18MinMan_1_CID25_2h_2_FAIMS_-60-50_CV60_50_60k50k_IT118_125_2micro_20210726171503.mzML	Human	17
PXD029703	SW480_01_03.mzML	Human	9
PXD029703	SW480_06_02.mzML	Human	9
PXD029703	SW480_06_01.mzML	Human	9
PXD029703	SW480_06_03.mzML	Human	9
PXD029703	SW480_01_02.mzML	Human	9
PXD029703	SW480_01_01.mzML	Human	9
PXD029703	SW480_05_01.mzML	Human	9
PXD029703	SW480_05_03.mzML	Human	9
PXD029703	SW480_05_02.mzML	Human	9
PXD029703	SW480_02_03.mzML	Human	9
PXD029703	SW480_02_02.mzML	Human	9
PXD029703	SW480_02_01.mzML	Human	9
PXD029703	SW480_03_03.mzML	Human	9
PXD029703	SW480_03_02.mzML	Human	9
PXD029703	SW480_03_01.mzML	Human	9
PXD029703	SW480_04_03.mzML	Human	9
PXD029703	SW480_04_01.mzML	Human	9
PXD029703	SW480_04_02.mzML	Human	9
PXD029703	480_F2_03.mzML	Human	9
PXD029703	480_F2_02.mzML	Human	9
PXD029703	480_F2_01.mzML	Human	9
PXD029703	480_F1_01.mzML	Human	9
PXD029703	480_F1_02.mzML	Human	9
PXD029703	480_F1_03.mzML	Human	9
PXD029703	480_F6_01.mzML	Human	9
PXD029703	480_F5_02.mzML	Human	9
PXD029703	480_F6_02.mzML	Human	9
PXD029703	480_F6_03.mzML	Human	9
PXD029703	480_F5_01.mzML	Human	9
PXD029703	480_F5_03.mzML	Human	9
PXD029703	480_F4_03.mzML	Human	9
PXD029703	480_F3_03.mzML	Human	9
PXD029703	480_F3_01.mzML	Human	9
PXD029703	480_F3_02.mzML	Human	9
PXD029703	480_F4_01.mzML	Human	9
PXD029703	480_F4_02.mzML	Human	9
PXD029703	SW480_5_choose.mzML	Human	9
PXD029703	SW480_0_choose.mzML	Human	9
PXD029703	SW480_6_choose.mzML	Human	9
PXD029703	SW480_11_choose.mzML	Human	9
PXD029703	SW480_7_choose.mzML	Human	9
PXD029703	SW480_4_choose.mzML	Human	9
PXD029703	SW480_2_choose.mzML	Human	9
PXD029703	SW480_8_choose.mzML	Human	9
PXD029703	SW480_3_choose.mzML	Human	9
PXD029703	SW480_1_choose.mzML	Human	9
PXD029703	SW480_9_choose.mzML	Human	9
PXD029703	SW480_10_choose.mzML	Human	9
PXD029703	SW480_12_choose.mzML	Human	9
PXD029703	CRC_SW480_SEC4_RPLC1.mzML	Human	9
PXD029703	CRC_SW480_SEC4_RPLC1_3.mzML	Human	9
PXD029703	CRC_SW480_SEC4_RPLC1_2.mzML	Human	9
PXD029703	CRC_SW480_SEC3_RPLC2.mzML	Human	9
PXD029703	CRC_SW480_SEC3_RPLC2_2.mzML	Human	9
PXD029703	CRC_SW480_SEC3_RPLC2_3.mzML	Human	9
PXD029703	CRC_SW480_SEC3_RPLC3.mzML	Human	9
PXD029703	CRC_SW480_SEC3_RPLC3_2.mzML	Human	9
PXD029703	CRC_SW480_SEC1_RPLC3_3.mzML	Human	9
PXD029703	CRC_SW480_SEC3_RPLC3_3.mzML	Human	9
PXD029703	CRC_SW480_SEC4_RPLC3.mzML	Human	9
PXD029703	CRC_SW480_SEC3_RPLC10_2.mzML	Human	9
PXD029703	CRC_SW480_SEC4_RPLC3_3.mzML	Human	9
PXD029703	CRC_SW480_SEC4_RPLC5.mzML	Human	9
PXD029703	CRC_SW480_SEC4_RPLC5_2.mzML	Human	9
PXD029703	CRC_SW480_SEC3_RPLC10.mzML	Human	9
PXD029703	CRC_SW480_SEC2_RPLC18_2.mzML	Human	9
PXD029703	CRC_SW480_SEC4_RPLC3_2.mzML	Human	9
PXD029703	CRC_SW480_SEC4_RPLC5_3.mzML	Human	9
PXD029703	CRC_SW480_SEC1_RPLC3_2.mzML	Human	9
PXD029703	CRC_SW480_SEC3_RPLC10_3.mzML	Human	9
PXD029703	CRC_SW480_SEC1_RPLC3.mzML	Human	9
PXD029703	CRC_SW480_SEC4_RPLC4_2.mzML	Human	9
PXD029703	CRC_SW480_SEC4_RPLC4_3.mzML	Human	9
PXD029703	CRC_SW480_SEC4_RPLC8_3.mzML	Human	9
PXD029703	CRC_SW480_SEC2_RPLC18_3.mzML	Human	9
PXD029703	CRC_SW480_SEC2_RPLC18_4.mzML	Human	9
PXD029703	CRC_SW480_SEC4_RPLC2_2.mzML	Human	9
PXD029703	CRC_SW480_SEC4_RPLC8_2.mzML	Human	9
PXD029703	CRC_SW480_SEC4_RPLC8.mzML	Human	9
PXD029703	CRC_SW480_SEC1_RPLC12.mzML	Human	9
PXD029703	CRC_SW480_SEC1_RPLC7.mzML	Human	9
PXD029703	CRC_SW480_SEC2_RPLC13_2.mzML	Human	9
PXD029703	CRC_SW480_SEC1_RPLC7_2.mzML	Human	9
PXD029703	CRC_SW480_SEC4_RPLC4.mzML	Human	9
PXD029703	CRC_SW480_SEC4_RPLC2_3.mzML	Human	9
PXD029703	CRC_SW480_SEC1_RPLC12_2.mzML	Human	9
PXD029703	CRC_SW480_SEC1_RPLC9_2.mzML	Human	9
PXD029703	CRC_SW480_SEC1_RPLC9_3.mzML	Human	9
PXD029703	CRC_SW480_SEC4_RPLC7_2.mzML	Human	9
PXD029703	CRC_SW480_SEC1_RPLC9.mzML	Human	9
PXD029703	CRC_SW480_SEC1_RPLC12_3.mzML	Human	9
PXD029703	CRC_SW480_SEC4_RPLC7_3.mzML	Human	9
PXD029703	CRC_SW480_SEC1_RPLC8.mzML	Human	9
PXD029703	CRC_SW480_SEC1_RPLC13.mzML	Human	9
PXD029703	CRC_SW480_SEC4_RPLC2.mzML	Human	9
PXD029703	CRC_SW480_SEC1_RPLC13_3.mzML	Human	9
PXD029703	CRC_SW480_SEC3_RPLC8_3.mzML	Human	9
PXD029703	CRC_SW480_SEC2_RPLC13_3.mzML	Human	9
PXD029703	CRC_SW480_SEC1_RPLC7_3.mzML	Human	9
PXD029703	CRC_SW480_SEC2_RPLC13.mzML	Human	9
PXD029703	CRC_SW480_SEC1_RPLC13_2.mzML	Human	9
PXD029703	CRC_SW480_SEC1_RPLC8_2.mzML	Human	9
PXD029703	CRC_SW480_SEC1_RPLC6_3.mzML	Human	9
PXD029703	CRC_SW480_SEC4_RPLC7.mzML	Human	9
PXD029703	CRC_SW480_SEC1_RPLC6_2.mzML	Human	9
PXD029703	CRC_SW480_SEC3_RPLC8_2.mzML	Human	9
PXD029703	CRC_SW480_SEC2_RPLC12_2.mzML	Human	9
PXD029703	CRC_SW480_SEC3_RPLC8.mzML	Human	9
PXD029703	CRC_SW480_SEC3_RPLC14_5.mzML	Human	9
PXD029703	CRC_SW480_SEC1_RPLC6.mzML	Human	9
PXD029703	CRC_SW480_SEC1_RPLC8_3.mzML	Human	9
PXD029703	CRC_SW480_SEC1_RPLC16_3.mzML	Human	9
PXD029703	CRC_SW480_SEC1_RPLC11_2.mzML	Human	9
PXD029703	CRC_SW480_SEC1_RPLC11.mzML	Human	9
PXD029703	CRC_SW480_SEC4_RPLC6_3.mzML	Human	9
PXD029703	CRC_SW480_SEC1_RPLC11_3.mzML	Human	9
PXD029703	CRC_SW480_SEC2_RPLC10_2.mzML	Human	9
PXD029703	CRC_SW480_SEC2_RPLC11_3.mzML	Human	9
PXD029703	CRC_SW480_SEC2_RPLC16_3.mzML	Human	9
PXD029703	CRC_SW480_SEC3_RPLC9_2.mzML	Human	9
PXD029703	CRC_SW480_SEC4_RPLC6_2.mzML	Human	9
PXD029703	CRC_SW480_SEC3_RPLC9.mzML	Human	9
PXD029703	CRC_SW480_SEC2_RPLC16_2.mzML	Human	9
PXD029703	CRC_SW480_SEC2_RPLC11.mzML	Human	9
PXD029703	CRC_SW480_SEC3_RPLC7_3.mzML	Human	9
PXD029703	CRC_SW480_SEC3_RPLC7_2.mzML	Human	9
PXD029703	CRC_SW480_SEC1_RPLC14_2.mzML	Human	9
PXD029703	CRC_SW480_SEC3_RPLC9_3.mzML	Human	9
PXD029703	CRC_SW480_SEC2_RPLC15_3.mzML	Human	9
PXD029703	CRC_SW480_SEC3_RPLC7.mzML	Human	9
PXD029703	CRC_SW480_SEC4_RPLC6.mzML	Human	9
PXD029703	CRC_SW480_SEC2_RPLC7_3.mzML	Human	9
PXD029703	CRC_SW480_SEC1_RPLC14.mzML	Human	9
PXD029703	CRC_SW480_SEC2_RPLC12.mzML	Human	9
PXD029703	CRC_SW480_SEC2_RPLC10.mzML	Human	9
PXD029703	CRC_SW480_SEC1_RPLC14_3.mzML	Human	9
PXD029703	CRC_SW480_SEC2_RPLC7.mzML	Human	9
PXD029703	CRC_SW480_SEC2_RPLC9_3.mzML	Human	9
PXD029703	CRC_SW480_SEC2_RPLC7_2.mzML	Human	9
PXD029703	CRC_SW480_SEC2_RPLC11_2.mzML	Human	9
PXD029703	CRC_SW480_SEC1_RPLC1_2.mzML	Human	9
PXD029703	CRC_SW480_SEC1_RPLC2.mzML	Human	9
PXD029703	CRC_SW480_SEC2_RPLC16.mzML	Human	9
PXD029703	CRC_SW480_SEC2_RPLC10_3.mzML	Human	9
PXD029703	CRC_SW480_SEC3_RPLC11_3.mzML	Human	9
PXD029703	CRC_SW480_SEC2_RPLC9_2.mzML	Human	9
PXD029703	CRC_SW480_SEC3_RPLC16_3.mzML	Human	9
PXD029703	CRC_SW480_SEC3_RPLC16_4.mzML	Human	9
PXD029703	CRC_SW480_SEC2_RPLC14_2.mzML	Human	9
PXD029703	CRC_SW480_SEC1_RPLC16_2.mzML	Human	9
PXD029703	CRC_SW480_SEC3_RPLC11.mzML	Human	9
PXD029703	CRC_SW480_SEC2_RPLC4.mzML	Human	9
PXD029703	CRC_SW480_SEC2_RPLC9.mzML	Human	9
PXD029703	CRC_SW480_SEC1_RPLC10.mzML	Human	9
PXD029703	CRC_SW480_SEC2_RPLC15_2.mzML	Human	9
PXD029703	CRC_SW480_SEC3_RPLC13.mzML	Human	9
PXD029703	CRC_SW480_SEC2_RPLC6_2.mzML	Human	9
PXD029703	CRC_SW480_SEC1_RPLC10_3.mzML	Human	9
PXD029703	CRC_SW480_SEC1_RPLC2_3.mzML	Human	9
PXD029703	CRC_SW480_SEC2_RPLC1_2.mzML	Human	9
PXD029703	CRC_SW480_SEC1_RPLC10_2.mzML	Human	9
PXD029703	CRC_SW480_SEC3_RPLC11_2.mzML	Human	9
PXD029703	CRC_SW480_SEC2_RPLC14_3.mzML	Human	9
PXD029703	CRC_SW480_SEC2_RPLC12_3.mzML	Human	9
PXD029703	CRC_SW480_SEC2_RPLC8.mzML	Human	9
PXD029703	CRC_SW480_SEC3_RPLC16.mzML	Human	9
PXD029703	CRC_SW480_SEC1_RPLC16.mzML	Human	9
PXD029703	CRC_SW480_SEC2_RPLC14.mzML	Human	9
PXD029703	CRC_SW480_SEC3_RPLC12_4.mzML	Human	9
PXD029703	CRC_SW480_SEC2_RPLC8_3.mzML	Human	9
PXD029703	CRC_SW480_SEC2_RPLC15.mzML	Human	9
PXD029703	CRC_SW480_SEC3_RPLC6_2.mzML	Human	9
PXD029703	CRC_SW480_SEC2_RPLC1_3.mzML	Human	9
PXD029703	CRC_SW480_SEC3_RPLC4.mzML	Human	9
PXD029703	CRC_SW480_SEC2_RPLC4_2.mzML	Human	9
PXD029703	CRC_SW480_SEC2_RPLC2.mzML	Human	9
PXD029703	CRC_SW480_SEC3_RPLC13_3.mzML	Human	9
PXD029703	CRC_SW480_SEC3_RPLC14_4.mzML	Human	9
PXD029703	CRC_SW480_SEC1_RPLC1_3.mzML	Human	9
PXD029703	CRC_SW480_SEC1_RPLC1_4.mzML	Human	9
PXD029703	CRC_SW480_SEC3_RPLC5_3.mzML	Human	9
PXD029703	CRC_SW480_SEC3_RPLC13_2.mzML	Human	9
PXD029703	CRC_SW480_SEC2_RPLC6.mzML	Human	9
PXD029703	CRC_SW480_SEC3_RPLC6_3.mzML	Human	9
PXD029703	CRC_SW480_SEC1_RPLC15_2.mzML	Human	9
PXD029703	CRC_SW480_SEC3_RPLC12.mzML	Human	9
PXD029703	CRC_SW480_SEC1_RPLC15.mzML	Human	9
PXD029703	CRC_SW480_SEC1_RPLC2_2.mzML	Human	9
PXD029703	CRC_SW480_SEC3_RPLC6.mzML	Human	9
PXD029703	CRC_SW480_SEC2_RPLC6_3.mzML	Human	9
PXD029703	CRC_SW480_SEC1_RPLC15_3.mzML	Human	9
PXD029703	CRC_SW480_SEC2_RPLC3_2.mzML	Human	9
PXD029703	CRC_SW480_SEC3_RPLC15_2.mzML	Human	9
PXD029703	CRC_SW480_SEC2_RPLC5.mzML	Human	9
PXD029703	CRC_SW480_SEC3_RPLC15_3.mzML	Human	9
PXD029703	CRC_SW480_SEC3_RPLC15.mzML	Human	9
PXD029703	CRC_SW480_SEC3_RPLC12_2.mzML	Human	9
PXD029703	CRC_SW480_SEC2_RPLC8_2.mzML	Human	9
PXD029703	CRC_SW480_SEC3_RPLC5_2.mzML	Human	9
PXD029703	CRC_SW480_SEC3_RPLC14.mzML	Human	9
PXD029703	CRC_SW480_SEC3_RPLC5.mzML	Human	9
PXD029703	CRC_SW480_SEC2_RPLC3_3.mzML	Human	9
PXD029703	CRC_SW480_SEC2_RPLC5_3.mzML	Human	9
PXD029703	CRC_SW480_SEC2_RPLC1.mzML	Human	9
PXD029703	CRC_SW480_SEC2_RPLC2_2.mzML	Human	9
PXD029703	CRC_SW480_SEC2_RPLC5_2.mzML	Human	9
PXD029703	CRC_SW480_SEC2_RPLC4_3.mzML	Human	9
PXD029703	CRC_SW480_SEC3_RPLC4_2.mzML	Human	9
PXD029703	CRC_SW480_SEC2_RPLC3.mzML	Human	9
PXD029703	CRC_SW480_SEC3_RPLC4_3.mzML	Human	9
PXD029703	SW620_01_01.mzML	Human	9
PXD029703	SW620_06_01.mzML	Human	9
PXD029703	SW620_02_01.mzML	Human	9
PXD029703	SW620_02_02.mzML	Human	9
PXD029703	SW620_06_04.mzML	Human	9
PXD029703	SW620_02_03.mzML	Human	9
PXD029703	SW620_06_03.mzML	Human	9
PXD029703	SW620_03_05.mzML	Human	9
PXD029703	SW620_01_02.mzML	Human	9
PXD029703	SW620_04_04.mzML	Human	9
PXD029703	SW620_05_03.mzML	Human	9
PXD029703	SW620_05_01.mzML	Human	9
PXD029703	SW620_05_02.mzML	Human	9
PXD029703	SW620_04_01.mzML	Human	9
PXD029703	SW620_04_03.mzML	Human	9
PXD029703	SW620_01_03.mzML	Human	9
PXD029703	SW620_03_08.mzML	Human	9
PXD029703	SW620_03_07.mzML	Human	9
PXD029703	620_F2_01.mzML	Human	9
PXD029703	620_F2_02.mzML	Human	9
PXD029703	620_F1_01.mzML	Human	9
PXD029703	620_F1_02.mzML	Human	9
PXD029703	620_F2_03.mzML	Human	9
PXD029703	620_F1_03.mzML	Human	9
PXD029703	620_F6_02.mzML	Human	9
PXD029703	620_F6_03.mzML	Human	9
PXD029703	620_F6_01.mzML	Human	9
PXD029703	620_F5_01.mzML	Human	9
PXD029703	620_F3_03.mzML	Human	9
PXD029703	620_F3_02.mzML	Human	9
PXD029703	620_F5_02.mzML	Human	9
PXD029703	620_F3_01.mzML	Human	9
PXD029703	620_F5_03.mzML	Human	9
PXD029703	620_F4_01.mzML	Human	9
PXD029703	620_F4_02.mzML	Human	9
PXD029703	620_F4_03.mzML	Human	9
PXD029703	SW620_1_choose.mzML	Human	9
PXD029703	SW620_12_choose.mzML	Human	9
PXD029703	SW620_7_choose.mzML	Human	9
PXD029703	SW620_11_choose.mzML	Human	9
PXD029703	SW620_6_choose.mzML	Human	9
PXD029703	SW620_0_choose.mzML	Human	9
PXD029703	SW620_2_choose.mzML	Human	9
PXD029703	SW620_8_choose.mzML	Human	9
PXD029703	SW620_3_choose.mzML	Human	9
PXD029703	SW620_9_choose.mzML	Human	9
PXD029703	SW620_5_choose.mzML	Human	9
PXD029703	SW620_10_choose.mzML	Human	9
PXD029703	SW620_4_choose.mzML	Human	9
PXD029703	CRC_SW620_SEC3_RPLC13_3.mzML	Human	9
PXD029703	CRC_SW620_SEC3_RPLC11_3.mzML	Human	9
PXD029703	CRC_SW620_SEC3_RPLC11_2.mzML	Human	9
PXD029703	CRC_SW620_SEC1_RPLC13.mzML	Human	9
PXD029703	CRC_SW620_SEC1_RPLC14_2.mzML	Human	9
PXD029703	CRC_SW620_SEC3_RPLC13_2.mzML	Human	9
PXD029703	CRC_SW620_SEC1_RPLC14.mzML	Human	9
PXD029703	CRC_SW620_SEC1_RPLC13_2.mzML	Human	9
PXD029703	CRC_SW620_SEC3_RPLC10.mzML	Human	9
PXD029703	CRC_SW620_SEC1_RPLC14_3.mzML	Human	9
PXD029703	CRC_SW620_SEC3_RPLC11.mzML	Human	9
PXD029703	CRC_SW620_SEC3_RPLC10_3.mzML	Human	9
PXD029703	CRC_SW620_SEC3_RPLC13.mzML	Human	9
PXD029703	CRC_SW620_SEC3_RPLC10_2.mzML	Human	9
PXD029703	CRC_SW620_SEC2_RPLC15_6.mzML	Human	9
PXD029703	CRC_SW620_SEC1_RPLC13_3.mzML	Human	9
PXD029703	CRC_SW620_SEC3_RPLC12.mzML	Human	9
PXD029703	CRC_SW620_SEC2_RPLC12_2.mzML	Human	9
PXD029703	CRC_SW620_SEC3_RPLC12_3.mzML	Human	9
PXD029703	CRC_SW620_SEC2_RPLC17.mzML	Human	9
PXD029703	CRC_SW620_SEC1_RPLC3_3.mzML	Human	9
PXD029703	CRC_SW620_SEC1_RPLC3_5.mzML	Human	9
PXD029703	CRC_SW620_SEC3_RPLC12_2.mzML	Human	9
PXD029703	CRC_SW620_SEC1_RPLC15.mzML	Human	9
PXD029703	CRC_SW620_SEC3_RPLC8_3.mzML	Human	9
PXD029703	CRC_SW620_SEC2_RPLC17_2.mzML	Human	9
PXD029703	CRC_SW620_SEC2_RPLC15_7.mzML	Human	9
PXD029703	CRC_SW620_SEC1_RPLC10_2.mzML	Human	9
PXD029703	CRC_SW620_SEC1_RPLC15_190926201239.mzML	Human	9
PXD029703	CRC_SW620_SEC1_RPLC3_2.mzML	Human	9
PXD029703	CRC_SW620_SEC1_RPLC10_4.mzML	Human	9
PXD029703	CRC_SW620_SEC2_RPLC9_3.mzML	Human	9
PXD029703	CRC_SW620_SEC2_RPLC18_3.mzML	Human	9
PXD029703	CRC_SW620_SEC2_RPLC15_5.mzML	Human	9
PXD029703	CRC_SW620_SEC4_RPLC5_2.mzML	Human	9
PXD029703	CRC_SW620_SEC4_RPLC4_3.mzML	Human	9
PXD029703	CRC_SW620_SEC4_RPLC4_6.mzML	Human	9
PXD029703	CRC_SW620_SEC3_RPLC4_3.mzML	Human	9
PXD029703	CRC_SW620_SEC3_RPLC8_2.mzML	Human	9
PXD029703	CRC_SW620_SEC1_RPLC10_3.mzML	Human	9
PXD029703	CRC_SW620_SEC2_RPLC17_3.mzML	Human	9
PXD029703	CRC_SW620_SEC2_RPLC14_7.mzML	Human	9
PXD029703	CRC_SW620_SEC4_RPLC5_3.mzML	Human	9
PXD029703	CRC_SW620_SEC3_RPLC8.mzML	Human	9
PXD029703	CRC_SW620_SEC4_RPLC5.mzML	Human	9
PXD029703	CRC_SW620_SEC2_RPLC18.mzML	Human	9
PXD029703	CRC_SW620_SEC2_RPLC18_2.mzML	Human	9
PXD029703	CRC_SW620_SEC2_RPLC7_3.mzML	Human	9
PXD029703	CRC_SW620_SEC2_RPLC7_5.mzML	Human	9
PXD029703	CRC_SW620_SEC2_RPLC12_2_190927120204.mzML	Human	9
PXD029703	CRC_SW620_SEC3_RPLC7.mzML	Human	9
PXD029703	CRC_SW620_SEC2_RPLC7_2.mzML	Human	9
PXD029703	CRC_SW620_SEC1_RPLC5_3.mzML	Human	9
PXD029703	CRC_SW620_SEC1_RPLC5_2.mzML	Human	9
PXD029703	CRC_SW620_SEC3_RPLC3_3.mzML	Human	9
PXD029703	CRC_SW620_SEC3_RPLC5.mzML	Human	9
PXD029703	CRC_SW620_SEC2_RPLC9_2.mzML	Human	9
PXD029703	CRC_SW620_SEC3_RPLC5_3.mzML	Human	9
PXD029703	CRC_SW620_SEC1_RPLC9_2.mzML	Human	9
PXD029703	CRC_SW620_SEC3_RPLC5_2.mzML	Human	9
PXD029703	CRC_SW620_SEC1_RPLC9_3.mzML	Human	9
PXD029703	CRC_SW620_SEC1_RPLC5.mzML	Human	9
PXD029703	CRC_SW620_SEC1_RPLC2_3.mzML	Human	9
PXD029703	CRC_SW620_SEC1_RPLC7_3.mzML	Human	9
PXD029703	CRC_SW620_SEC1_RPLC7_4.mzML	Human	9
PXD029703	CRC_SW620_SEC4_RPLC6.mzML	Human	9
PXD029703	CRC_SW620_SEC1_RPLC9.mzML	Human	9
PXD029703	CRC_SW620_SEC1_RPLC11.mzML	Human	9
PXD029703	CRC_SW620_SEC3_RPLC3.mzML	Human	9
PXD029703	CRC_SW620_SEC3_RPLC2.mzML	Human	9
PXD029703	CRC_SW620_SEC3_RPLC7_3.mzML	Human	9
PXD029703	CRC_SW620_SEC3_RPLC7_2.mzML	Human	9
PXD029703	CRC_SW620_SEC2_RPLC14_6.mzML	Human	9
PXD029703	CRC_SW620_SEC3_RPLC2_2.mzML	Human	9
PXD029703	CRC_SW620_SEC3_RPLC6_3.mzML	Human	9
PXD029703	CRC_SW620_SEC3_RPLC2_3.mzML	Human	9
PXD029703	CRC_SW620_SEC4_RPLC4_2.mzML	Human	9
PXD029703	CRC_SW620_SEC1_RPLC12.mzML	Human	9
PXD029703	CRC_SW620_SEC2_RPLC13_7.mzML	Human	9
PXD029703	CRC_SW620_SEC3_RPLC3_2.mzML	Human	9
PXD029703	CRC_SW620_SEC3_RPLC4_2.mzML	Human	9
PXD029703	CRC_SW620_SEC1_RPLC11_2.mzML	Human	9
PXD029703	CRC_SW620_SEC1_RPLC12_2.mzML	Human	9
PXD029703	CRC_SW620_SEC1_RPLC11_3.mzML	Human	9
PXD029703	CRC_SW620_SEC1_RPLC2.mzML	Human	9
PXD029703	CRC_SW620_SEC1_RPLC8_2.mzML	Human	9
PXD029703	CRC_SW620_SEC4_RPLC8_3.mzML	Human	9
PXD029703	CRC_SW620_SEC2_RPLC14_5.mzML	Human	9
PXD029703	CRC_SW620_SEC1_RPLC2_2.mzML	Human	9
PXD029703	CRC_SW620_SEC1_RPLC7.mzML	Human	9
PXD029703	CRC_SW620_SEC1_RPLC15_3.mzML	Human	9
PXD029703	CRC_SW620_SEC1_RPLC8_3.mzML	Human	9
PXD029703	CRC_SW620_SEC1_RPLC8_4.mzML	Human	9
PXD029703	CRC_SW620_SEC1_RPLC12_3.mzML	Human	9
PXD029703	CRC_SW620_SEC4_RPLC2.mzML	Human	9
PXD029703	CRC_SW620_SEC2_RPLC9.mzML	Human	9
PXD029703	CRC_SW620_SEC4_RPLC6_3.mzML	Human	9
PXD029703	CRC_SW620_SEC4_RPLC8_2.mzML	Human	9
PXD029703	CRC_SW620_SEC3_RPLC6_2.mzML	Human	9
PXD029703	CRC_SW620_SEC3_RPLC4.mzML	Human	9
PXD029703	CRC_SW620_SEC1_RPLC6.mzML	Human	9
PXD029703	CRC_SW620_SEC2_RPLC10_2.mzML	Human	9
PXD029703	CRC_SW620_SEC2_RPLC16_7.mzML	Human	9
PXD029703	CRC_SW620_SEC1_RPLC6_2.mzML	Human	9
PXD029703	CRC_SW620_SEC4_RPLC6_2.mzML	Human	9
PXD029703	CRC_SW620_SEC4_RPLC3_3.mzML	Human	9
PXD029703	CRC_SW620_SEC3_RPLC6.mzML	Human	9
PXD029703	CRC_SW620_SEC2_RPLC4_3.mzML	Human	9
PXD029703	CRC_SW620_SEC4_RPLC8.mzML	Human	9
PXD029703	CRC_SW620_SEC1_RPLC1.mzML	Human	9
PXD029703	CRC_SW620_SEC1_RPLC6_3.mzML	Human	9
PXD029703	CRC_SW620_SEC4_RPLC2_3.mzML	Human	9
PXD029703	CRC_SW620_SEC2_RPLC10.mzML	Human	9
PXD029703	CRC_SW620_SEC2_RPLC11.mzML	Human	9
PXD029703	CRC_SW620_SEC4_RPLC3_2.mzML	Human	9
PXD029703	CRC_SW620_SEC2_RPLC10_3.mzML	Human	9
PXD029703	CRC_SW620_SEC2_RPLC8.mzML	Human	9
PXD029703	CRC_SW620_SEC2_RPLC13_6.mzML	Human	9
PXD029703	CRC_SW620_SEC2_RPLC13_5.mzML	Human	9
PXD029703	CRC_SW620_SEC1_RPLC1_3.mzML	Human	9
PXD029703	CRC_SW620_SEC4_RPLC2_2.mzML	Human	9
PXD029703	CRC_SW620_SEC4_RPLC3.mzML	Human	9
PXD029703	CRC_SW620_SEC2_RPLC12.mzML	Human	9
PXD029703	CRC_SW620_SEC2_RPLC16_6.mzML	Human	9
PXD029703	CRC_SW620_SEC1_RPLC1_2.mzML	Human	9
PXD029703	CRC_SW620_SEC4_RPLC7.mzML	Human	9
PXD029703	CRC_SW620_SEC2_RPLC16_5.mzML	Human	9
PXD029703	CRC_SW620_SEC2_RPLC8_3.mzML	Human	9
PXD029703	CRC_SW620_SEC4_RPLC7_3.mzML	Human	9
PXD029703	CRC_SW620_SEC4_RPLC7_4.mzML	Human	9
PXD029703	CRC_SW620_SEC2_RPLC1.mzML	Human	9
PXD029703	CRC_SW620_SEC2_RPLC8_2.mzML	Human	9
PXD029703	CRC_SW620_SEC2_RPLC3_3.mzML	Human	9
PXD029703	CRC_SW620_SEC2_RPLC3.mzML	Human	9
PXD029703	CRC_SW620_SEC2_RPLC6_3.mzML	Human	9
PXD029703	CRC_SW620_SEC2_RPLC6_5.mzML	Human	9
PXD029703	CRC_SW620_SEC2_RPLC2.mzML	Human	9
PXD029703	CRC_SW620_SEC2_RPLC6.mzML	Human	9
PXD029703	CRC_SW620_SEC2_RPLC4_2.mzML	Human	9
PXD029703	CRC_SW620_SEC2_RPLC2_2.mzML	Human	9
PXD029703	CRC_SW620_SEC2_RPLC1_2.mzML	Human	9
PXD029703	CRC_SW620_SEC2_RPLC4.mzML	Human	9
PXD029703	CRC_SW620_SEC2_RPLC2_3.mzML	Human	9
PXD029703	CRC_SW620_SEC2_RPLC1_3.mzML	Human	9
PXD029703	CRC_SW620_SEC2_RPLC5_3.mzML	Human	9
PXD029703	CRC_SW620_SEC2_RPLC11_2.mzML	Human	9
PXD029703	CRC_SW620_SEC2_RPLC11_3.mzML	Human	9
PXD029703	CRC_SW620_SEC2_RPLC3_2.mzML	Human	9
PXD029703	CRC_SW620_SEC2_RPLC5.mzML	Human	9
PXD029703	CRC_SW620_SEC2_RPLC5_2.mzML	Human	9
MSV000079978	LCA_CD_01312016_DLD1_parC2_10per_f1_50K_ETD_90min.mzML	Human	25
MSV000079978	LCA_CD_01312016_DLD1_parC2_10per_f2_50K_ETD_90min.mzML	Human	25
MSV000079978	LCA_CD_02062016_DLD1_parA1_10per_f2_50K_ETD_90min.mzML	Human	25
MSV000079978	LCA_CD_02062016_DLD1_parA1_10per_f1_50K_ETD_90min.mzML	Human	25
MSV000079978	LCA_CD_01312016_DLD1_parC2_10per_f3_50K_ETD_90min.mzML	Human	25
MSV000079978	LCA_CD_01312016_DLD1_parC2_10per_f4_50K_ETD_90min.mzML	Human	25
MSV000079978	LCA_CD_02062016_DLD1_parA1_10per_f3_50K_ETD_90min.mzML	Human	25
MSV000079978	LCA_CD_02062016_DLD1_parA1_10per_f4_50K_ETD_90min.mzML	Human	25
MSV000079978	LCA_CD_01312016_DLD1_parC2_10per_f2_50K_CID_90min.mzML	Human	25
MSV000079978	LCA_CD_01312016_DLD1_parC2_10per_f3_50K_CID_90min.mzML	Human	25
MSV000079978	LCA_CD_01312016_DLD1_parC2_10per_f1_50K_CID_90min.mzML	Human	25
MSV000079978	LCA_CD_02062016_DLD1_parA1_10per_f4_50K_CID_90min.mzML	Human	25
MSV000079978	LCA_CD_01312016_DLD1_parC2_10per_f4_50K_CID_90min.mzML	Human	25
MSV000079978	LCA_CD_02062016_DLD1_parA1_10per_f2_50K_CID_90min.mzML	Human	25
MSV000079978	LCA_CD_02062016_DLD1_parA1_10per_f3_50K_CID_90min.mzML	Human	25
MSV000079978	LCA_CD_02062016_DLD1_parA1_10per_f1_50K_CID_90min.mzML	Human	25
MSV000079978	LCA_CD_02052016_DLD1_parA1_10per_f7_100K_ETD_120min_12ms.mzML	Human	25
MSV000079978	LCA_CD_02052016_DLD1_parA1_10per_f6_100K_ETD_120min_12ms.mzML	Human	25
MSV000079978	LCA_CD_02052016_DLD1_parA1_10per_f5_100K_ETD_120min_12ms.mzML	Human	25
MSV000079978	LCA_CD_02052016_DLD1_parA1_10per_f8_100K_ETD_120min_12ms.mzML	Human	25
MSV000079978	LCA_CD_02032016_DLD1_parC2_10per_f8_100K_ETD_120min_12ms.mzML	Human	25
MSV000079978	LCA_CD_02032016_DLD1_parC2_10per_f6_100K_ETD_120min_12ms.mzML	Human	25
MSV000079978	LCA_CD_02032016_DLD1_parC2_10per_f5_100K_ETD_120min_12ms.mzML	Human	25
MSV000079978	LCA_CD_02032016_DLD1_parC2_10per_f7_100K_ETD_120min_12ms.mzML	Human	25
MSV000079978	LCA_CD_02052016_DLD1_parA1_10per_f7_100K_CID_120min_025q.mzML	Human	25
MSV000079978	LCA_CD_02052016_DLD1_parA1_10per_f8_100K_CID_120min_025q.mzML	Human	25
MSV000079978	LCA_CD_02032016_DLD1_parC2_10per_f8_100K_CID_120min_025q.mzML	Human	25
MSV000079978	LCA_CD_02032016_DLD1_parC2_10per_f6_100K_CID_120min_025q.mzML	Human	25
MSV000079978	LCA_CD_02052016_DLD1_parA1_10per_f5_100K_CID_120min_025q.mzML	Human	25
MSV000079978	LCA_CD_02032016_DLD1_parC2_10per_f7_100K_CID_120min_025q.mzML	Human	25
MSV000079978	LCA_CD_02032016_DLD1_parC2_10per_f5_100K_CID_120min_025q.mzML	Human	25
MSV000079978	LCA_CD_DLD1par_10per_f7_freshdil3x_LCA_IPA_gradient_v9_300A_5um_PoroshellC8_07_alt_param.mzML	Human	25
MSV000079978	LCA_CD_02052016_DLD1_parA1_10per_f6_100K_CID_120min_025q.mzML	Human	25
MSV000079978	LCA_CD_DLD1par_10per_f2_freshdil3x_LCA_IPA_gradient_v9_300A_5um_PoroshellC8_02_alt_param.mzML	Human	25
MSV000079978	LCA_CD_DLD1par_10per_f3_freshdil3x_LCA_IPA_gradient_v9_300A_5um_PoroshellC8_03_alt_param_REDO.mzML	Human	25
MSV000079978	LCA_CD_DLD1par_10per_f8_freshdil3x_LCA_IPA_gradient_v9_300A_5um_PoroshellC8_08_alt_param.mzML	Human	25
MSV000079978	LCA_CD_DLD1par_10per_f1_freshdil3x_LCA_IPA_gradient_v9_300A_5um_PoroshellC8_01_alt_param.mzML	Human	25
MSV000079978	LCA_CD_DLD1par_10per_f6_freshdil3x_LCA_IPA_gradient_v9_300A_5um_PoroshellC8_06_alt_param.mzML	Human	25
MSV000079978	LCA_CD_DLD1par_10per_f4_freshdil3x_LCA_IPA_gradient_v9_300A_5um_PoroshellC8_04_alt_param.mzML	Human	25
MSV000079978	LCA_CD_DLD1par_10per_f5_freshdil3x_LCA_IPA_gradient_v9_300A_5um_PoroshellC8_05_alt_param.mzML	Human	25
MSV000089163	Hubmap_nanoPOTS_Topdown_BenzonaseTest_100HEK_0512_woBenzo_02_A6.mzML	Human	24
MSV000089163	Hubmap_nanoPOTS_Topdown_BenzonaseTest_100HEK_0512_woBenzo_03_A7.mzML	Human	24
MSV000089163	Hubmap_nanoPOTS_Topdown_BenzonaseTest_50HEK_wBenzo_05_B9.mzML	Human	24
MSV000089163	Hubmap_nanoPOTS_Topdown_BenzonaseTest_100HEK_wBenzo_01_C5.mzML	Human	24
MSV000089163	Hubmap_nanoPOTS_Topdown_BenzonaseTest_100HEK_wBenzo_02_C6.mzML	Human	24
MSV000089163	Hubmap_nanoPOTS_Topdown_BenzonaseTest_100HEK_0512_woBenzo_01_A5.mzML	Human	24
MSV000089163	Hubmap_nanoPOTS_Topdown_BenzonaseTest_100HEK_0512_woBenzo_04_A8.mzML	Human	24
MSV000089163	Hubmap_nanoPOTS_Topdown_BenzonaseTest_100HEK_0512_woBenzo_05_A9.mzML	Human	24
MSV000089163	Hubmap_nanoPOTS_Topdown_BenzonaseTest_100HEK_wBenzo_05_C9.mzML	Human	24
MSV000089163	Hubmap_nanoPOTS_Topdown_BenzonaseTest_100HEK_wBenzo_04_C8.mzML	Human	24
MSV000079913	2015_08_09_Fr4_tech2.mzML	Human	30
MSV000079913	2015_08_09_Fr4_tech3.mzML	Human	30
MSV000079913	2015_08_09_Fr3_tech3.mzML	Human	30
MSV000079913	2015_08_09_Fr4_tech1.mzML	Human	30
MSV000079913	2015_08_09_Fr3_tech1.mzML	Human	30
MSV000079913	2015_08_09_Fr5_tech3.mzML	Human	30
MSV000079913	2015_08_09_Fr5_tech1.mzML	Human	30
MSV000079913	2015_08_09_Fr5_tech2.mzML	Human	30
MSV000079913	2015_08_09_Fr2_tech2.mzML	Human	30
MSV000079913	2015_08_09_Fr3_tech2.mzML	Human	30
MSV000079913	2015_08_09_Fr2_tech1.mzML	Human	30
MSV000079913	2015_08_09_Fr2_tech3.mzML	Human	30
MSV000079913	2015_08_09_Fr1_tech2.mzML	Human	30
MSV000079913	2015_08_09_Fr1_tech3.mzML	Human	30
MSV000079913	2015_08_09_Fr1_tech1.mzML	Human	30
PXD018248	HepG2-400ng-40AA-1-rep2.mzML	Human	16
PXD034353	20220323_HCPE_PEPPI_AnExSP_Rep1_Fr_03.mzML	Human	21
PXD034353	20220323_HCPE_PEPPI_AnExSP_Rep2_Fr_03.mzML	Human	21
PXD034353	20220323_HCPE_PEPPI_AnExSP_Rep3_Fr_03.mzML	Human	21
PXD034353	20220323_HCPE_PEPPI_classicMCW_Rep2_Fr_03.mzML	Human	21
PXD034353	20220323_HCPE_PEPPI_classicMCW_Rep1_Fr_03.mzML	Human	21
PXD034353	20220323_HCPE_PEPPI_classicMCW_Rep3_Fr_03.mzML	Human	21
PXD034353	20220323_HCPE_PEPPI_classicMCW_Rep3_Fr_05.mzML	Human	21
PXD034353	20220323_HCPE_PEPPI_classicMCW_Rep1_Fr_06.mzML	Human	21
PXD034353	20220323_HCPE_PEPPI_classicMCW_Rep3_Fr_06.mzML	Human	21
PXD034353	20220323_HCPE_PEPPI_classicMCW_Rep2_Fr_06.mzML	Human	21
PXD034353	20220323_HCPE_PEPPI_classicMCW_Rep1_Fr_05.mzML	Human	21
PXD034353	20220323_HCPE_PEPPI_classicMCW_Rep2_Fr_05.mzML	Human	21
PXD034353	20220323_HCPE_PEPPI_AnExSP_Rep1_Fr_04.mzML	Human	21
PXD034353	20220323_HCPE_PEPPI_AnExSP_Rep1_Fr_06.mzML	Human	21
PXD034353	20220323_HCPE_PEPPI_AnExSP_Rep3_Fr_05.mzML	Human	21
PXD034353	20220323_HCPE_PEPPI_AnExSP_Rep1_Fr_05.mzML	Human	21
PXD034353	20220323_HCPE_PEPPI_AnExSP_Rep2_Fr_05.mzML	Human	21
PXD034353	20220323_HCPE_PEPPI_AnExSP_Rep2_Fr_06.mzML	Human	21
PXD034353	20220323_HCPE_PEPPI_AnExSP_Rep3_Fr_06.mzML	Human	21
PXD034353	20220323_HCPE_PEPPI_AnExSP_Rep3_Fr_04.mzML	Human	21
PXD034353	20220323_HCPE_PEPPI_AnExSP_Rep2_Fr_04.mzML	Human	21
PXD034353	20220323_HCPE_PEPPI_classicMCW_Rep1_Fr_04.mzML	Human	21
PXD034353	20220323_HCPE_PEPPI_classicMCW_Rep3_Fr_04.mzML	Human	21
PXD034353	20220323_HCPE_PEPPI_classicMCW_Rep2_Fr_04.mzML	Human	21
MSV000086696	41140555_11F_24Dec19_Aragorn_18-12-01_-50CV3.mzML	Human	18
MSV000086696	41140555_11F_24Dec19_Aragorn_18-12-01_-20CV3.mzML	Human	18
MSV000086696	41140555_11F_24Dec19_Aragorn_18-12-01_-20CV1.mzML	Human	18
MSV000086696	41140555_11F_24Dec19_Aragorn_18-12-01_-20CV2.mzML	Human	18
MSV000086696	41140555_11F_24Dec19_Aragorn_18-12-01_-50CV2.mzML	Human	18
MSV000086696	41140555_11F_24Dec19_Aragorn_18-12-01_-50CV1.mzML	Human	18
MSV000086696	41140555_11F_24Dec19_Aragorn_18-12-01_-45CV3.mzML	Human	18
MSV000086696	41140555_11F_24Dec19_Aragorn_18-12-01_-45CV2.mzML	Human	18
MSV000086696	41140555_11F_24Dec19_Aragorn_18-12-01_-45CV1.mzML	Human	18
MSV000086696	41140555_11F_24Dec19_Aragorn_18-12-01_-25CV1.mzML	Human	18
MSV000086696	41140555_11F_24Dec19_Aragorn_18-12-01_-25CV3.mzML	Human	18
MSV000086696	41140555_11F_24Dec19_Aragorn_18-12-01_-25CV2.mzML	Human	18
MSV000086696	41140555_11F_24Dec19_Aragorn_18-12-01_-40CV2.mzML	Human	18
MSV000086696	41140555_11F_24Dec19_Aragorn_18-12-01_-40CV3.mzML	Human	18
MSV000086696	41140555_11F_24Dec19_Aragorn_18-12-01_-40CV1.mzML	Human	18
MSV000086696	41140555_11F_26Dec19_Aragorn_18-12-01_-35CV3.mzML	Human	18
MSV000086696	41140555_11F_24Dec19_Aragorn_18-12-01_-30CV2.mzML	Human	18
MSV000086696	41140555_11F_24Dec19_Aragorn_18-12-01_-30CV1.mzML	Human	18
MSV000086696	41140555_11F_24Dec19_Aragorn_18-12-01_-30CV3.mzML	Human	18
MSV000086696	41140555_11F_24Dec19_Aragorn_18-12-01_-35CV1.mzML	Human	18
MSV000086696	41140555_11F_24Dec19_Aragorn_18-12-01_-35CV2.mzML	Human	18
MSV000086696	41140555_11F_02Jan20_Aragorn_18-12-01_NoFAIMS1.mzML	Human	18
MSV000086696	41140555_11F_02Jan20_Aragorn_18-12-01_NoFAIMS2.mzML	Human	18
MSV000086696	41140555_11F_02Jan20_Aragorn_18-12-01_NoFAIMS3.mzML	Human	18
MSV000093728	Alz_TD_91018909_B_1_WO_11Oct20_Aragorn_18-12-13.mzML	Human	11
MSV000093728	Alz_TD_60848460_B_1_WO_10Oct20_Aragorn_18-12-13.mzML	Human	11
MSV000093728	Alz_TD_60747316_B_1_WO_10Oct20_Aragorn_18-12-13.mzML	Human	11
MSV000093728	Alz_TD_86177506_A_6_WO_30Dec20_Aragorn_20-11-01.mzML	Human	11
MSV000093728	Alz_TD_70917649_A_6_WO_30Dec20_Aragorn_20-11-01.mzML	Human	11
MSV000093728	Alz_TD_89614402_A_6_WO_30Dec20_Aragorn_20-11-01.mzML	Human	11
MSV000093728	Alz_TD_50405330_C_6_WO_30Dec20_Aragorn_20-11-01.mzML	Human	11
MSV000093728	Alz_TD_77330002_A_6_WO_30Dec20_Aragorn_20-11-01.mzML	Human	11
MSV000093728	Alz_TD_23004922_C_6_WO_30Dec20_Aragorn_20-11-01.mzML	Human	11
MSV000093728	Alz_TD_50108912_C_6_WO_30Dec20_Aragorn_20-11-01.mzML	Human	11
MSV000093728	Alz_TD_37527863_B_6_WO_30Dec20_Aragorn_20-11-01.mzML	Human	11
MSV000093728	Alz_TD_93462021_C_2_WO_11Dec20_Aragorn_20-11-01.mzML	Human	11
MSV000093728	Alz_TD_71626373_C_1_WO_10Oct20_Aragorn_18-12-13.mzML	Human	11
MSV000093728	Alz_TD_04879843_C_1_WO_10Oct20_Aragorn_18-12-13.mzML	Human	11
MSV000093728	Alz_TD_50101523_B_2_WO_11Dec20_Aragorn_20-11-01.mzML	Human	11
MSV000093728	Alz_TD_39484737_A_6_WO_30Dec20_Aragorn_20-11-01.mzML	Human	11
MSV000093728	Alz_TD_83984043_C_6_WO_30Dec20_Aragorn_20-11-01.mzML	Human	11
MSV000093728	Alz_TD_50403446_A_2_WO_11Dec20_Aragorn_20-11-01.mzML	Human	11
MSV000093728	Alz_TD_50401002_A_6_WO_30Dec20_Aragorn_20-11-01.mzML	Human	11
MSV000093728	Alz_TD_02525608_B_5_WO_26Dec20_Aragorn_20-11-01.mzML	Human	11
MSV000093728	Alz_TD_50409370_B_2_WO_11Dec20_Aragorn_20-11-01.mzML	Human	11
MSV000093728	Alz_TD_68745332_B_1_WO_10Oct20_Aragorn_18-12-13.mzML	Human	11
MSV000093728	Alz_TD_50103129_C_1_WO_10Oct20_Aragorn_18-12-13.mzML	Human	11
MSV000093728	Alz_TD_92393245_C_6_WO_30Dec20_Aragorn_20-11-01.mzML	Human	11
MSV000093728	Alz_TD_84417209_C_6_WO_30Dec20_Aragorn_20-11-01.mzML	Human	11
MSV000093728	Alz_TD_50106280_A_4_WO_21Dec20_Aragorn_20-11-01.mzML	Human	11
MSV000093728	Alz_TD_64493027_B_1_WO_08Oct20_Aragorn_18-12-15.mzML	Human	11
MSV000093728	Alz_TD_21362537_B_5_WO_26Dec20_Aragorn_20-11-01.mzML	Human	11
MSV000093728	Alz_TD_82684406_A_2_WO_11Dec20_Aragorn_20-11-01.mzML	Human	11
MSV000093728	Alz_TD_50400835_C_4_AB_16Nov20_Aragorn_20-10-02.mzML	Human	11
MSV000093728	Alz_TD_84653463_B_5_WO_26Dec20_Aragorn_20-11-01.mzML	Human	11
MSV000093728	Alz_TD_65652206_C_2_WO_11Dec20_Aragorn_20-11-01.mzML	Human	11
MSV000093728	Alz_TD_36492755_B_1_WO_10Oct20_Aragorn_18-12-13.mzML	Human	11
MSV000093728	Alz_TD_52311825_C_5_WO_26Dec20_Aragorn_20-11-01.mzML	Human	11
MSV000093728	Alz_TD_50402729_A_5_WO_26Dec20_Aragorn_20-11-01.mzML	Human	11
MSV000093728	Alz_TD_65001607_A_2_WO_11Dec20_Aragorn_20-11-01.mzML	Human	11
MSV000093728	Alz_TD_16513683_A_5_WO_26Dec20_Aragorn_20-11-01.mzML	Human	11
MSV000093728	Alz_TD_08132197_A_1_WO_08Oct20_Aragorn_18-12-15.mzML	Human	11
MSV000093728	Alz_TD_76867532_C_5_WO_26Dec20_Aragorn_20-11-01.mzML	Human	11
MSV000093728	Alz_TD_50402693_A_5_WO_26Dec20_Aragorn_20-11-01.mzML	Human	11
MSV000093728	Alz_TD_90942860_C_1_WO_10Oct20_Aragorn_18-12-13.mzML	Human	11
MSV000093728	Alz_TD_50500136_A_1_WO_08Oct20_Aragorn_18-12-15.mzML	Human	11
MSV000093728	Alz_TD_51400993_B_5_WO_26Dec20_Aragorn_20-11-01.mzML	Human	11
MSV000093728	Alz_TD_05779736_A_1_WO_08Oct20_Aragorn_18-12-15.mzML	Human	11
MSV000093728	Alz_TD_65292866_A_1_WO_08Oct20_Aragorn_18-12-15.mzML	Human	11
MSV000093728	Alz_TD_72188804_B_2_WO_11Dec20_Aragorn_20-11-01.mzML	Human	11
MSV000093728	Alz_TD_50400835_C_4_WO_21Dec20_Aragorn_20-11-01.mzML	Human	11
MSV000093728	Alz_TD_61142759_A_1_WO_08Oct20_Aragorn_18-12-15.mzML	Human	11
MSV000093728	Alz_TD_87779516_B_1_WO_10Oct20_Aragorn_18-12-13.mzML	Human	11
MSV000093728	Alz_TD_65736039_B_5_WO_26Dec20_Aragorn_20-11-01.mzML	Human	11
MSV000093728	Alz_TD_15387421_C_5_WO_26Dec20_Aragorn_20-11-01.mzML	Human	11
MSV000093728	Alz_TD_05689621_B_2_WO_11Dec20_Aragorn_20-11-01.mzML	Human	11
MSV000093728	Alz_TD_39989287_A_5_WO_26Dec20_Aragorn_20-11-01.mzML	Human	11
MSV000093728	Alz_TD_43074402_C_2_WO_11Dec20_Aragorn_20-11-01.mzML	Human	11
MSV000093728	Alz_TD_78452313_B_5_WO_26Dec20_Aragorn_20-11-01.mzML	Human	11
MSV000093728	Alz_TD_60725338_B_5_WO_26Dec20_Aragorn_20-11-01.mzML	Human	11
MSV000093728	Alz_TD_30819298_A_5_WO_26Dec20_Aragorn_20-11-01.mzML	Human	11
MSV000093728	Alz_TD_94430339_A_5_WO_26Dec20_Aragorn_20-11-01.mzML	Human	11
MSV000093728	Alz_TD_74753465_A_5_WO_26Dec20_Aragorn_20-11-01.mzML	Human	11
MSV000093728	Alz_TD_32705437_C_4_WO_21Dec20_Aragorn_20-11-01.mzML	Human	11
MSV000093728	Alz_TD_71727427_A_3_WO_16Dec20_Aragorn_20-11-01.mzML	Human	11
MSV000093728	Alz_TD_50500136_A_1_AB_30Nov20_Aragorn_20-10-02.mzML	Human	11
MSV000093728	Alz_TD_91921829_A_2_WO_11Dec20_Aragorn_20-11-01.mzML	Human	11
MSV000093728	Alz_TD_54122640_B_2_WO_11Dec20_Aragorn_20-11-01.mzML	Human	11
MSV000093728	Alz_TD_46246604_A_4_WO_21Dec20_Aragorn_20-11-01.mzML	Human	11
MSV000093728	Alz_TD_07311370_A_5_WO_26Dec20_Aragorn_20-11-01.mzML	Human	11
MSV000093728	Alz_TD_54458919_A_3_WO_16Dec20_Aragorn_20-11-01.mzML	Human	11
MSV000093728	Alz_TD_35941263_C_2_WO_11Dec20_Aragorn_20-11-01.mzML	Human	11
MSV000093728	Alz_TD_31509843_C_3_WO_16Dec20_Aragorn_20-11-01.mzML	Human	11
MSV000093728	Alz_TD_08109170_C_4_WO_21Dec20_Aragorn_20-11-01.mzML	Human	11
MSV000093728	Alz_TD_68015667_A_2_WO_11Dec20_Aragorn_20-11-01.mzML	Human	11
MSV000093728	Alz_TD_60848460_B_1_AB_30Nov20_Aragorn_20-10-02.mzML	Human	11
MSV000093728	Alz_TD_34962204_C_2_WO_11Dec20_Aragorn_20-11-01.mzML	Human	11
MSV000093728	Alz_TD_50402017_B_3_WO_16Dec20_Aragorn_20-11-01.mzML	Human	11
MSV000093728	Alz_TD_50302554_B_3_WO_16Dec20_Aragorn_20-11-01.mzML	Human	11
MSV000093728	Alz_TD_66406040_A_4_AB_16Nov20_Aragorn_20-10-02.mzML	Human	11
MSV000093728	Alz_TD_95491648_B_3_WO_16Dec20_Aragorn_20-11-01.mzML	Human	11
MSV000093728	Alz_TD_44019405_B_4_WO_21Dec20_Aragorn_20-11-01.mzML	Human	11
MSV000093728	Alz_TD_45115248_B_3_AB_11Nov20_Aragorn_20-10-02.mzML	Human	11
MSV000093728	Alz_TD_67429065_A_4_WO_21Dec20_Aragorn_20-11-01.mzML	Human	11
MSV000093728	Alz_TD_61029627_C_3_WO_16Dec20_Aragorn_20-11-01.mzML	Human	11
MSV000093728	Alz_TD_50108886_A_3_WO_16Dec20_Aragorn_20-11-01.mzML	Human	11
MSV000093728	Alz_TD_92613520_C_1_WO_08Oct20_Aragorn_18-12-15.mzML	Human	11
MSV000093728	Alz_TD_14184286_A_4_WO_21Dec20_Aragorn_20-11-01.mzML	Human	11
MSV000093728	Alz_TD_45566083_B_3_AB_11Nov20_Aragorn_20-10-02.mzML	Human	11
MSV000093728	Alz_TD_54458919_A_3_AB_11Nov20_Aragorn_20-10-02.mzML	Human	11
MSV000093728	Alz_TD_50106280_A_4_AB_16Nov20_Aragorn_20-10-02.mzML	Human	11
MSV000093728	Alz_TD_82624422_C_4_AB_16Nov20_Aragorn_20-10-02.mzML	Human	11
MSV000093728	Alz_TD_17219510_A_3_WO_16Dec20_Aragorn_20-11-01.mzML	Human	11
MSV000093728	Alz_TD_35286551_C_4_WO_21Dec20_Aragorn_20-11-01.mzML	Human	11
MSV000093728	Alz_TD_36492755_B_1_AB_30Nov20_Aragorn_20-10-02.mzML	Human	11
MSV000093728	Alz_TD_87410220_A_4_WO_21Dec20_Aragorn_20-11-01.mzML	Human	11
MSV000093728	Alz_TD_82317494_A_3_WO_16Dec20_Aragorn_20-11-01.mzML	Human	11
MSV000093728	Alz_TD_91018909_B_1_AB_30Nov20_Aragorn_20-10-02.mzML	Human	11
MSV000093728	Alz_TD_50406057_A_3_WO_16Dec20_Aragorn_20-11-01.mzML	Human	11
MSV000093728	Alz_TD_18414513_A_3_WO_16Dec20_Aragorn_20-11-01.mzML	Human	11
MSV000093728	Alz_TD_92996364_B_4_WO_21Dec20_Aragorn_20-11-01.mzML	Human	11
MSV000093728	Alz_TD_77239958_B_4_WO_21Dec20_Aragorn_20-11-01.mzML	Human	11
MSV000093728	Alz_TD_22776575_A_2_WO_11Dec20_Aragorn_20-11-01.mzML	Human	11
MSV000093728	Alz_TD_92393245_C_6_AB_29Oct20_Aragorn_20-10-01.mzML	Human	11
MSV000093728	Alz_TD_50402729_A_5_AB_24Nov20_Aragorn_20-10-02.mzML	Human	11
MSV000093728	Alz_TD_07253015_C_4_WO_21Dec20_Aragorn_20-11-01.mzML	Human	11
MSV000093728	Alz_TD_65292866_A_1_AB_30Nov20_Aragorn_20-10-02.mzML	Human	11
MSV000093728	Alz_TD_71727427_A_3_AB_11Nov20_Aragorn_20-10-02.mzML	Human	11
MSV000093728	Alz_TD_08109170_C_4_AB_16Nov20_Aragorn_20-10-02.mzML	Human	11
MSV000093728	Alz_TD_45115248_B_3_WO_16Dec20_Aragorn_20-11-01.mzML	Human	11
MSV000093728	Alz_TD_87779516_B_1_AB_30Nov20_Aragorn_20-10-02.mzML	Human	11
MSV000093728	Alz_TD_77239958_B_4_AB_16Nov20_Aragorn_20-10-02.mzML	Human	11
MSV000093728	Alz_TD_60747316_B_1_AB_30Nov20_Aragorn_20-10-02.mzML	Human	11
MSV000093728	Alz_TD_35286551_C_4_AB_16Nov20_Aragorn_20-10-02.mzML	Human	11
MSV000093728	Alz_TD_14498577_B_4_AB_16Nov20_Aragorn_20-10-02.mzML	Human	11
MSV000093728	Alz_TD_66406040_A_4_WO_21Dec20_Aragorn_20-11-01.mzML	Human	11
MSV000093728	Alz_TD_17219510_A_3_AB_11Nov20_Aragorn_20-10-02.mzML	Human	11
MSV000093728	Alz_TD_82624422_C_4_WO_21Dec20_Aragorn_20-11-01.mzML	Human	11
MSV000093728	Alz_TD_45566083_B_3_WO_16Dec20_Aragorn_20-11-01.mzML	Human	11
MSV000093728	Alz_TD_92613520_C_1_AB_30Nov20_Aragorn_20-10-02.mzML	Human	11
MSV000093728	Alz_TD_81852640_C_2_WO_11Dec20_Aragorn_20-11-01.mzML	Human	11
MSV000093728	Alz_TD_78452313_B_5_AB_24Nov20_Aragorn_20-10-02.mzML	Human	11
MSV000093728	Alz_TD_50402017_B_3_AB_11Nov20_Aragorn_20-10-02.mzML	Human	11
MSV000093728	Alz_TD_91707643_A_4_AB_16Nov20_Aragorn_20-10-02.mzML	Human	11
MSV000093728	Alz_TD_64493027_B_1_AB_30Nov20_Aragorn_20-10-02.mzML	Human	11
MSV000093728	Alz_TD_67429065_A_4_AB_16Nov20_Aragorn_20-10-02.mzML	Human	11
MSV000093728	Alz_TD_70816595_C_3_WO_16Dec20_Aragorn_20-11-01.mzML	Human	11
MSV000093728	Alz_TD_02525608_B_5_AB_24Nov20_Aragorn_20-10-02.mzML	Human	11
MSV000093728	Alz_TD_82317494_A_3_AB_11Nov20_Aragorn_20-10-02.mzML	Human	11
MSV000093728	Alz_TD_31509843_C_3_AB_11Nov20_Aragorn_20-10-02.mzML	Human	11
MSV000093728	Alz_TD_14498577_B_4_WO_21Dec20_Aragorn_20-11-01.mzML	Human	11
MSV000093728	Alz_TD_50103129_C_1_AB_30Nov20_Aragorn_20-10-02.mzML	Human	11
MSV000093728	Alz_TD_87410220_A_4_AB_16Nov20_Aragorn_20-10-02.mzML	Human	11
MSV000093728	Alz_TD_92113025_A_3_WO_16Dec20_Aragorn_20-11-01.mzML	Human	11
MSV000093728	Alz_TD_60725338_B_5_AB_24Nov20_Aragorn_20-10-02.mzML	Human	11
MSV000093728	Alz_TD_70816595_C_3_AB_11Nov20_Aragorn_20-10-02.mzML	Human	11
MSV000093728	Alz_TD_71626373_C_1_AB_30Nov20_Aragorn_20-10-02.mzML	Human	11
MSV000093728	Alz_TD_05779736_A_1_AB_30Nov20_Aragorn_20-10-02_20201204135840.mzML	Human	11
MSV000093728	Alz_TD_07253015_C_4_AB_16Nov20_Aragorn_20-10-02.mzML	Human	11
MSV000093728	Alz_TD_27313862_C_4_WO_21Dec20_Aragorn_20-11-01.mzML	Human	11
MSV000093728	Alz_TD_91707643_A_4_WO_21Dec20_Aragorn_20-11-01.mzML	Human	11
MSV000093728	Alz_TD_50302554_B_3_AB_11Nov20_Aragorn_20-10-02.mzML	Human	11
MSV000093728	Alz_TD_04879843_C_1_AB_30Nov20_Aragorn_20-10-02.mzML	Human	11
MSV000093728	Alz_TD_46246604_A_4_AB_16Nov20_Aragorn_20-10-02.mzML	Human	11
MSV000093728	Alz_TD_51815338_C_3_WO_16Dec20_Aragorn_20-11-01.mzML	Human	11
MSV000093728	Alz_TD_25580771_B_3_WO_16Dec20_Aragorn_20-11-01.mzML	Human	11
MSV000093728	Alz_TD_32705437_C_4_AB_16Nov20_Aragorn_20-10-02.mzML	Human	11
MSV000093728	Alz_TD_50410283_A_1_WO_08Oct20_Aragorn_18-12-15.mzML	Human	11
MSV000093728	Alz_TD_14184286_A_4_AB_16Nov20_Aragorn_20-10-02.mzML	Human	11
MSV000093728	Alz_TD_52311825_C_5_AB_24Nov20_Aragorn_20-10-02.mzML	Human	11
MSV000093728	Alz_TD_90942860_C_1_AB_30Nov20_Aragorn_20-10-02.mzML	Human	11
MSV000093728	Alz_TD_50108886_A_3_AB_11Nov20_Aragorn_20-10-02.mzML	Human	11
MSV000093728	Alz_TD_43074402_C_2_AB_5Nov20_Aragorn_20-10-02.mzML	Human	11
MSV000093728	Alz_TD_35941263_C_2_AB_7Nov20_Aragorn_20-10-02.mzML	Human	11
MSV000093728	Alz_TD_76867532_C_5_AB_24Nov20_Aragorn_20-10-02.mzML	Human	11
MSV000093728	Alz_TD_82684406_A_2_AB_7Nov20_Aragorn_20-10-02.mzML	Human	11
MSV000093728	Alz_TD_39989287_A_5_AB_24Nov20_Aragorn_20-10-02.mzML	Human	11
MSV000093728	Alz_TD_94430339_A_5_AB_24Nov20_Aragorn_20-10-02.mzML	Human	11
MSV000093728	Alz_TD_92113025_A_3_AB_11Nov20_Aragorn_20-10-02.mzML	Human	11
MSV000093728	Alz_TD_61142759_A_1_AB_30Nov20_Aragorn_20-10-02.mzML	Human	11
MSV000093728	Alz_TD_74753465_A_5_AB_24Nov20_Aragorn_20-10-02.mzML	Human	11
MSV000093728	Alz_TD_50410283_A_1_AB_30Nov20_Aragorn_20-10-02.mzML	Human	11
MSV000093728	Alz_TD_30819298_A_5_AB_24Nov20_Aragorn_20-10-02.mzML	Human	11
MSV000093728	Alz_TD_65736039_B_5_AB_24Nov20_Aragorn_20-10-02.mzML	Human	11
MSV000093728	Alz_TD_81852640_C_2_AB_7Nov20_Aragorn_20-10-02.mzML	Human	11
MSV000093728	Alz_TD_07311370_A_5_AB_24Nov20_Aragorn_20-10-02.mzML	Human	11
MSV000093728	Alz_TD_50409370_B_2_AB_7Nov20_Aragorn_20-10-02.mzML	Human	11
MSV000093728	Alz_TD_44019405_B_4_AB_16Nov20_Aragorn_20-10-02.mzML	Human	11
MSV000093728	Alz_TD_08132197_A_1_AB_30Nov20_Aragorn_20-10-02_20201204103853.mzML	Human	11
MSV000093728	Alz_TD_84653463_B_5_AB_24Nov20_Aragorn_20-10-02.mzML	Human	11
MSV000093728	Alz_TD_95491648_B_3_AB_11Nov20_Aragorn_20-10-02.mzML	Human	11
MSV000093728	Alz_TD_50402693_A_5_AB_24Nov20_Aragorn_20-10-02.mzML	Human	11
MSV000093728	Alz_TD_50401002_A_6_AB_29Oct20_Aragorn_20-10-01.mzML	Human	11
MSV000093728	Alz_TD_50406057_A_3_AB_11Nov20_Aragorn_20-10-02.mzML	Human	11
MSV000093728	Alz_TD_18414513_A_3_AB_11Nov20_Aragorn_20-10-02.mzML	Human	11
MSV000093728	Alz_TD_91921829_A_2_AB_5Nov20_Aragorn_20-10-02.mzML	Human	11
MSV000093728	Alz_TD_51815338_C_3_AB_11Nov20_Aragorn_20-10-02.mzML	Human	11
MSV000093728	Alz_TD_16513683_A_5_AB_24Nov20_Aragorn_20-10-02.mzML	Human	11
MSV000093728	Alz_TD_39484737_A_6_AB_29Oct20_Aragorn_20-10-01.mzML	Human	11
MSV000093728	Alz_TD_68745332_B_1_AB_30Nov20_Aragorn_20-10-02.mzML	Human	11
MSV000093728	Alz_TD_25580771_B_3_AB_11Nov20_Aragorn_20-10-02.mzML	Human	11
MSV000093728	Alz_TD_61029627_C_3_AB_11Nov20_Aragorn_20-10-02.mzML	Human	11
MSV000093728	Alz_TD_92996364_B_4_AB_16Nov20_Aragorn_20-10-02.mzML	Human	11
MSV000093728	Alz_TD_65001607_A_2_AB_7Nov20_Aragorn_20-10-02.mzML	Human	11
MSV000093728	Alz_TD_68015667_A_2_AB_5Nov20_Aragorn_20-10-02.mzML	Human	11
MSV000093728	Alz_TD_21362537_B_5_AB_24Nov20_Aragorn_20-10-02.mzML	Human	11
MSV000093728	Alz_TD_23004922_C_6_AB_30Oct20_Aragorn_20-10-01.mzML	Human	11
MSV000093728	Alz_TD_51400993_B_5_AB_24Nov20_Aragorn_20-10-02.mzML	Human	11
MSV000093728	Alz_TD_15387421_C_5_AB_24Nov20_Aragorn_20-10-02.mzML	Human	11
MSV000093728	Alz_TD_77330002_A_6_AB_30Oct20_Aragorn_20-10-01.mzML	Human	11
MSV000093728	Alz_TD_34962204_C_2_AB_7Nov20_Aragorn_20-10-02.mzML	Human	11
MSV000093728	Alz_TD_54122640_B_2_AB_5Nov20_Aragorn_20-10-02.mzML	Human	11
MSV000093728	Alz_TD_22776575_A_2_AB_7Nov20_Aragorn_20-10-02.mzML	Human	11
MSV000093728	Alz_TD_27313862_C_4_AB_16Nov20_Aragorn_20-10-02.mzML	Human	11
MSV000093728	Alz_TD_50101523_B_2_AB_5Nov20_Aragorn_20-10-02.mzML	Human	11
MSV000093728	Alz_TD_89614402_A_6_AB_30Oct20_Aragorn_20-10-01.mzML	Human	11
MSV000093728	Alz_TD_93462021_C_2_AB_5Nov20_Aragorn_20-10-02.mzML	Human	11
MSV000093728	Alz_TD_50108912_C_6_AB_5Nov20_Aragorn_20-10-02.mzML	Human	11
MSV000093728	Alz_TD_05689621_B_2_AB_7Nov20_Aragorn_20-10-02.mzML	Human	11
MSV000093728	Alz_TD_72188804_B_2_AB_5Nov20_Aragorn_20-10-02.mzML	Human	11
MSV000093728	Alz_TD_84417209_C_6_AB_29Oct20_Aragorn_20-10-01.mzML	Human	11
MSV000093728	Alz_TD_50405330_C_6_AB_5Nov20_Aragorn_20-10-02.mzML	Human	11
MSV000093728	Alz_TD_50403446_A_2_AB_7Nov20_Aragorn_20-10-02.mzML	Human	11
MSV000093728	Alz_TD_70917649_A_6_AB_5Nov20_Aragorn_20-10-02.mzML	Human	11
MSV000093728	Alz_TD_86177506_A_6_AB_5Nov20_Aragorn_20-10-02.mzML	Human	11
MSV000093728	Alz_TD_37527863_B_6_AB_29Oct20_Aragorn_20-10-01.mzML	Human	11
MSV000093728	Alz_TD_65652206_C_2_AB_5Nov20_Aragorn_20-10-02.mzML	Human	11
MSV000093728	Alz_TD_83984043_C_6_AB_30Oct20_Aragorn_20-10-01.mzML	Human	11
MSV000080257	CPTAC_Intact_CR33C_24Aug15_Bane_15-02-06-RZ.mzML	Human	4
MSV000080257	CPTAC_Intact_CR32D_24Aug15_Bane_15-02-06-RZ.mzML	Human	4
MSV000080257	CPTAC_Intact_CR33E_24Aug15_Bane_15-02-06-RZ.mzML	Human	4
MSV000080257	CPTAC_Intact_CR32F_24Aug15_Bane_15-02-06-RZ.mzML	Human	4
MSV000080257	CPTAC_Intact_CR32B_24Aug15_Bane_15-02-06-RZ.mzML	Human	4
MSV000080257	CPTAC_Intact_CR32E_24Aug15_Bane_15-02-06-RZ.mzML	Human	4
MSV000080257	CPTAC_Intact_CR33F_24Aug15_Bane_15-02-06-RZ.mzML	Human	4
MSV000080257	CPTAC_Intact_CR32C_24Aug15_Bane_15-02-06-RZ.mzML	Human	4
MSV000080257	CPTAC_Intact_CR33B_24Aug15_Bane_15-02-06-RZ.mzML	Human	4
MSV000080257	CPTAC_Intact_CR33D_24Aug15_Bane_15-02-06-RZ.mzML	Human	4
MSV000080257	CPTAC_Intact_rep10_15Jan15_Bane_C2-14-08-02RZ.mzML	Human	4
MSV000080257	CPTAC_Intact_rep6_15Jan15_Bane_C2-14-08-02RZ.mzML	Human	4
MSV000080257	CPTAC_Intact_rep8_15Jan15_Bane_C2-14-08-02RZ.mzML	Human	4
MSV000080257	CPTAC_Intact_rep5_15Jan15_Bane_C2-14-08-02RZ.mzML	Human	4
MSV000080257	CPTAC_Intact_rep7_15Jan15_Bane_C2-14-08-02RZ.mzML	Human	4
MSV000080257	CPTAC_Intact_rep9_15Jan15_Bane_C2-14-08-02RZ.mzML	Human	4
MSV000080257	CPTAC_Intact_rep1_15Jan15_Bane_C2-14-08-02RZ.mzML	Human	4
MSV000080257	CPTAC_Intact_rep2_15Jan15_Bane_C2-14-08-02RZ.mzML	Human	4
MSV000080257	CPTAC_Intact_rep3_15Jan15_Bane_C2-14-08-02RZ.mzML	Human	4
MSV000080257	CPTAC_Intact_rep4_15Jan15_Bane_C2-14-08-02RZ.mzML	Human	4
MSV000088565	20200707_rmi049_HuBMAP_PLRPS_Kidney_biorep05_frac01_01.mzML	Human	10
MSV000088565	20200707_rmi049_HuBMAP_PLRPS_Kidney_biorep05_frac01_02.mzML	Human	10
MSV000088565	20200707_rmi049_HuBMAP_PLRPS_Kidney_biorep05_frac02_01.mzML	Human	10
MSV000088565	20200707_rmi049_HuBMAP_PLRPS_Kidney_biorep03_frac04_01.mzML	Human	10
MSV000088565	20200707_rmi049_HuBMAP_PLRPS_Kidney_biorep03_frac03_02.mzML	Human	10
MSV000088565	20200707_rmi049_HuBMAP_PLRPS_Kidney_biorep03_frac04_02.mzML	Human	10
MSV000088565	20200707_rmi049_HuBMAP_PLRPS_Kidney_biorep05_frac04_01.mzML	Human	10
MSV000088565	20200707_rmi049_HuBMAP_PLRPS_Kidney_biorep05_frac02_02.mzML	Human	10
MSV000088565	20200707_rmi049_HuBMAP_PLRPS_Kidney_biorep05_frac04_02.mzML	Human	10
MSV000088565	20200707_rmi049_HuBMAP_PLRPS_Kidney_biorep04_frac04_01.mzML	Human	10
MSV000088565	20200707_rmi049_HuBMAP_PLRPS_Kidney_biorep04_frac04_02.mzML	Human	10
MSV000088565	20200707_rmi049_HuBMAP_PLRPS_Kidney_biorep04_frac01_02.mzML	Human	10
MSV000088565	20200707_rmi049_HuBMAP_PLRPS_Kidney_biorep02_frac04_02.mzML	Human	10
MSV000088565	20200707_rmi049_HuBMAP_PLRPS_Kidney_biorep04_frac03_02.mzML	Human	10
MSV000088565	20200707_rmi049_HuBMAP_PLRPS_Kidney_biorep02_frac04_01.mzML	Human	10
MSV000088565	20200707_rmi049_HuBMAP_PLRPS_Kidney_biorep03_frac02_02.mzML	Human	10
MSV000088565	20200707_rmi049_HuBMAP_PLRPS_Kidney_biorep04_frac02_01.mzML	Human	10
MSV000088565	20200707_rmi049_HuBMAP_PLRPS_Kidney_biorep04_frac02_02.mzML	Human	10
MSV000088565	20200707_rmi049_HuBMAP_PLRPS_Kidney_biorep05_frac03_02.mzML	Human	10
MSV000088565	20200707_rmi049_HuBMAP_PLRPS_Kidney_biorep05_frac03_01.mzML	Human	10
MSV000088565	20200707_rmi049_HuBMAP_PLRPS_Kidney_biorep02_frac03_02.mzML	Human	10
MSV000088565	20200707_rmi049_HuBMAP_PLRPS_Kidney_biorep04_frac03_01.mzML	Human	10
MSV000088565	20200707_rmi049_HuBMAP_PLRPS_Kidney_biorep03_frac03_01.mzML	Human	10
MSV000088565	20200707_rmi049_HuBMAP_PLRPS_Kidney_biorep02_frac02_02.mzML	Human	10
MSV000088565	20200707_rmi049_HuBMAP_PLRPS_Kidney_biorep01_frac04_02.mzML	Human	10
MSV000088565	20200707_rmi049_HuBMAP_PLRPS_Kidney_biorep03_frac02_01.mzML	Human	10
MSV000088565	20200707_rmi049_HuBMAP_PLRPS_Kidney_biorep02_frac02_01.mzML	Human	10
MSV000088565	20200707_rmi049_HuBMAP_PLRPS_Kidney_biorep04_frac01_01.mzML	Human	10
MSV000088565	20200707_rmi049_HuBMAP_PLRPS_Kidney_biorep01_frac04_01.mzML	Human	10
MSV000088565	20200707_rmi049_HuBMAP_PLRPS_Kidney_biorep02_frac03_01.mzML	Human	10
MSV000088565	20200707_rmi049_HuBMAP_PLRPS_Kidney_biorep03_frac01_02.mzML	Human	10
MSV000088565	20200707_rmi049_HuBMAP_PLRPS_Kidney_biorep01_frac05_01.mzML	Human	10
MSV000088565	20200707_rmi049_HuBMAP_PLRPS_Kidney_biorep01_frac05_02.mzML	Human	10
MSV000088565	20200707_rmi049_HuBMAP_PLRPS_Kidney_biorep01_frac03_02.mzML	Human	10
MSV000088565	20200707_rmi049_HuBMAP_PLRPS_Kidney_biorep02_frac01_02.mzML	Human	10
MSV000088565	20200707_rmi049_HuBMAP_PLRPS_Kidney_biorep01_frac02_02.mzML	Human	10
MSV000088565	20200707_rmi049_HuBMAP_PLRPS_Kidney_biorep02_frac01_01.mzML	Human	10
MSV000088565	20200707_rmi049_HuBMAP_PLRPS_Kidney_biorep03_frac01_01.mzML	Human	10
MSV000088565	20200707_rmi049_HuBMAP_PLRPS_Kidney_biorep01_frac02_01.mzML	Human	10
MSV000088565	20200707_rmi049_HuBMAP_PLRPS_Kidney_biorep01_frac01_02.mzML	Human	10
MSV000088565	20200707_rmi049_HuBMAP_PLRPS_Kidney_biorep01_frac03_01.mzML	Human	10
MSV000088565	20200707_rmi049_HuBMAP_PLRPS_Kidney_biorep01_frac01_01.mzML	Human	10
MSV000088565	20201116_bsd0560_HuBMAP_PLRPS_Lung_biorep03_frac03_04.mzML	Human	10
MSV000088565	20201116_bsd0560_HuBMAP_PLRPS_Lung_biorep02_frac03_01.mzML	Human	10
MSV000088565	20201116_bsd0560_HuBMAP_PLRPS_Lung_biorep02_frac04_01.mzML	Human	10
MSV000088565	20201116_bsd0560_HuBMAP_PLRPS_Lung_biorep02_frac03_02.mzML	Human	10
MSV000088565	20201116_bsd0560_HuBMAP_PLRPS_Lung_biorep02_frac04_03.mzML	Human	10
MSV000088565	20201116_bsd0560_HuBMAP_PLRPS_Lung_biorep02_frac04_02.mzML	Human	10
MSV000088565	20201116_bsd0560_HuBMAP_PLRPS_Lung_biorep02_frac03_03.mzML	Human	10
MSV000088565	20201116_bsd0560_HuBMAP_PLRPS_Lung_biorep03_frac02_01.mzML	Human	10
MSV000088565	20201116_bsd0560_HuBMAP_PLRPS_Lung_biorep02_frac02_02.mzML	Human	10
MSV000088565	20201116_bsd0560_HuBMAP_PLRPS_Lung_biorep03_frac03_01.mzML	Human	10
MSV000088565	20201116_bsd0560_HuBMAP_PLRPS_Lung_biorep03_frac03_02.mzML	Human	10
MSV000088565	20201116_bsd0560_HuBMAP_PLRPS_Lung_biorep03_frac04_03.mzML	Human	10
MSV000088565	20201116_bsd0560_HuBMAP_PLRPS_Lung_biorep03_frac02_02.mzML	Human	10
MSV000088565	20201116_bsd0560_HuBMAP_PLRPS_Lung_biorep03_frac04_01.mzML	Human	10
MSV000088565	20201116_bsd0560_HuBMAP_PLRPS_Lung_biorep03_frac02_03.mzML	Human	10
MSV000088565	20201116_bsd0560_HuBMAP_PLRPS_Lung_biorep03_frac04_02.mzML	Human	10
MSV000088565	20201116_bsd0560_HuBMAP_PLRPS_Lung_biorep03_frac03_03.mzML	Human	10
MSV000088565	20201116_bsd0560_HuBMAP_PLRPS_Lung_biorep02_frac02_01.mzML	Human	10
MSV000088565	20201116_bsd0560_HuBMAP_PLRPS_Lung_biorep02_frac02_03.mzML	Human	10
MSV000088565	20201116_bsd0560_HuBMAP_PLRPS_Lung_biorep01_frac04_03.mzML	Human	10
MSV000088565	20201116_bsd0560_HuBMAP_PLRPS_Lung_biorep01_frac04_01.mzML	Human	10
MSV000088565	20201116_bsd0560_HuBMAP_PLRPS_Lung_biorep01_frac04_02.mzML	Human	10
MSV000088565	20201116_bsd0560_HuBMAP_PLRPS_Lung_biorep01_frac03_03.mzML	Human	10
MSV000088565	20201116_bsd0560_HuBMAP_PLRPS_Lung_biorep01_frac03_02.mzML	Human	10
MSV000088565	20201116_bsd0560_HuBMAP_PLRPS_Lung_biorep03_frac05_02.mzML	Human	10
MSV000088565	20201116_bsd0560_HuBMAP_PLRPS_Lung_biorep03_frac05_01.mzML	Human	10
MSV000088565	20201116_bsd0560_HuBMAP_PLRPS_Lung_biorep02_frac05_02.mzML	Human	10
MSV000088565	20201116_bsd0560_HuBMAP_PLRPS_Lung_biorep02_frac05_01.mzML	Human	10
MSV000088565	20201116_bsd0560_HuBMAP_PLRPS_Lung_biorep01_frac03_01.mzML	Human	10
MSV000088565	20201116_bsd0560_HuBMAP_PLRPS_Lung_biorep01_frac05_01.mzML	Human	10
MSV000088565	20201116_bsd0560_HuBMAP_PLRPS_Lung_biorep02_frac01_03.mzML	Human	10
MSV000088565	20201116_bsd0560_HuBMAP_PLRPS_Lung_biorep01_frac05_02.mzML	Human	10
MSV000088565	20201116_bsd0560_HuBMAP_PLRPS_Lung_biorep01_frac02_01.mzML	Human	10
MSV000088565	20201116_bsd0560_HuBMAP_PLRPS_Lung_biorep02_frac01_01.mzML	Human	10
MSV000088565	20201116_bsd0560_HuBMAP_PLRPS_Lung_biorep01_frac02_02.mzML	Human	10
MSV000088565	20201116_bsd0560_HuBMAP_PLRPS_Lung_biorep02_frac01_02.mzML	Human	10
MSV000088565	20201116_bsd0560_HuBMAP_PLRPS_Lung_biorep01_frac02_03.mzML	Human	10
MSV000088565	20201116_bsd0560_HuBMAP_PLRPS_Lung_biorep03_frac01_01.mzML	Human	10
MSV000088565	20201116_bsd0560_HuBMAP_PLRPS_Lung_biorep03_frac01_03.mzML	Human	10
MSV000088565	20201116_bsd0560_HuBMAP_PLRPS_Lung_biorep03_frac01_02.mzML	Human	10
MSV000088565	20201116_bsd0560_HuBMAP_PLRPS_Lung_biorep01_frac01_03.mzML	Human	10
MSV000088565	20201116_bsd0560_HuBMAP_PLRPS_Lung_biorep01_frac01_01.mzML	Human	10
MSV000088565	20201116_bsd0560_HuBMAP_PLRPS_Lung_biorep01_frac01_02.mzML	Human	10
MSV000088565	20210325_bsd0560_HuBMAP_PLRPS_Spleen_biorep01_frac03_04.mzML	Human	10
MSV000088565	20210324_bsd0560_HuBMAP_PLRPS_Spleen_biorep01_frac04_03.mzML	Human	10
MSV000088565	20210324_bsd0560_HuBMAP_PLRPS_Spleen_biorep01_frac04_02.mzML	Human	10
MSV000088565	20210324_bsd0560_HuBMAP_PLRPS_Spleen_biorep01_frac04_01.mzML	Human	10
MSV000088565	20210325_bsd0560_HuBMAP_PLRPS_Spleen_biorep01_frac06_01.mzML	Human	10
MSV000088565	20210324_bsd0560_HuBMAP_PLRPS_Spleen_biorep01_frac05_04.mzML	Human	10
MSV000088565	20210324_bsd0560_HuBMAP_PLRPS_Spleen_biorep01_frac05_01.mzML	Human	10
MSV000088565	20210325_bsd0560_HuBMAP_PLRPS_Spleen_biorep01_frac06_03.mzML	Human	10
MSV000088565	20210325_bsd0560_HuBMAP_PLRPS_Spleen_biorep01_frac06_02.mzML	Human	10
MSV000088565	20210324_bsd0560_HuBMAP_PLRPS_Spleen_biorep01_frac05_02.mzML	Human	10
MSV000088565	20210324_bsd0560_HuBMAP_PLRPS_Spleen_biorep01_frac05_03.mzML	Human	10
MSV000088565	20210324_bsd0560_HuBMAP_PLRPS_Spleen_biorep01_frac03_03.mzML	Human	10
MSV000088565	20210324_bsd0560_HuBMAP_PLRPS_Spleen_biorep01_frac03_02.mzML	Human	10
MSV000088565	20210324_bsd0560_HuBMAP_PLRPS_Spleen_biorep01_frac03_01.mzML	Human	10
MSV000088565	20210323_bsd0560_HuBMAP_PLRPS_Spleen_biorep01_frac02_03.mzML	Human	10
MSV000088565	20210323_bsd0560_HuBMAP_PLRPS_Spleen_biorep01_frac01_03.mzML	Human	10
MSV000088565	20210323_bsd0560_HuBMAP_PLRPS_Spleen_biorep01_frac01_01.mzML	Human	10
MSV000088565	20210323_bsd0560_HuBMAP_PLRPS_Spleen_biorep01_frac01_02.mzML	Human	10
MSV000088565	20210323_bsd0560_HuBMAP_PLRPS_Spleen_biorep01_frac02_02.mzML	Human	10
MSV000088565	20210323_bsd0560_HuBMAP_PLRPS_Spleen_biorep01_frac02_01.mzML	Human	10
MSV000088565	20210324_kjb9186_HuBMAP_CESI_Spleen_biorep01_frac06_02.mzML	Human	10
MSV000088565	20210323_kjb9186_HuBMAP_CESI_Spleen_biorep01_frac05_02.mzML	Human	10
MSV000088565	20210323_kjb9186_HuBMAP_CESI_Spleen_biorep01_frac05_01.mzML	Human	10
MSV000088565	20210324_kjb9186_HuBMAP_CESI_Spleen_biorep01_frac06_01.mzML	Human	10
MSV000088565	20210324_kjb9186_HuBMAP_CESI_Spleen_biorep01_frac06_03.mzML	Human	10
MSV000088565	20210323_kjb9186_HuBMAP_CESI_Spleen_biorep01_frac05_03.mzML	Human	10
MSV000088565	20210323_kjb9186_HuBMAP_CESI_Spleen_biorep01_frac03_02.mzML	Human	10
MSV000088565	20210323_kjb9186_HuBMAP_CESI_Spleen_biorep01_frac03_01.mzML	Human	10
MSV000088565	20210323_kjb9186_HuBMAP_CESI_Spleen_biorep01_frac03_03.mzML	Human	10
MSV000088565	20210322_kjb9186_HuBMAP_CESI_Spleen_biorep01_frac02_03.mzML	Human	10
MSV000088565	20210322_kjb9186_HuBMAP_CESI_Spleen_biorep01_frac02_01.mzML	Human	10
MSV000088565	20210322_kjb9186_HuBMAP_CESI_Spleen_biorep01_frac02_02.mzML	Human	10
MSV000088565	20210322_kjb9186_HuBMAP_CESI_Spleen_biorep01_frac01_03.mzML	Human	10
MSV000088565	20210322_kjb9186_HuBMAP_CESI_Spleen_biorep01_frac01_02.mzML	Human	10
MSV000088565	20210322_kjb9186_HuBMAP_CESI_Spleen_biorep01_frac01_01.mzML	Human	10
MSV000088565	20210215_kjb9186_HuBMAP_CESI_SmInt_biorep01_frac06_01.mzML	Human	10
MSV000088565	20210215_kjb9186_HuBMAP_CESI_SmInt_biorep01_frac02_02.mzML	Human	10
MSV000088565	20210215_kjb9186_HuBMAP_CESI_SmInt_biorep01_frac06_02.mzML	Human	10
MSV000088565	20210215_kjb9186_HuBMAP_CESI_SmInt_biorep01_frac02_01.mzML	Human	10
MSV000088565	20210215_kjb9186_HuBMAP_CESI_SmInt_biorep01_frac02_03.mzML	Human	10
MSV000088565	20210215_kjb9186_HuBMAP_CESI_SmInt_biorep01_frac04_03.mzML	Human	10
MSV000088565	20210215_kjb9186_HuBMAP_CESI_SmInt_biorep01_frac04_01.mzML	Human	10
MSV000088565	20210215_kjb9186_HuBMAP_CESI_SmInt_biorep01_frac05_01.mzML	Human	10
MSV000088565	20210215_kjb9186_HuBMAP_CESI_SmInt_biorep01_frac05_02.mzML	Human	10
MSV000088565	20210215_kjb9186_HuBMAP_CESI_SmInt_biorep01_frac03_01.mzML	Human	10
MSV000088565	20210215_kjb9186_HuBMAP_CESI_SmInt_biorep01_frac04_02.mzML	Human	10
MSV000088565	20210215_kjb9186_HuBMAP_CESI_SmInt_biorep01_frac03_02.mzML	Human	10
MSV000088565	20210215_kjb9186_HuBMAP_CESI_SmInt_biorep01_frac06_03.mzML	Human	10
MSV000088565	20210215_kjb9186_HuBMAP_CESI_SmInt_biorep01_frac03_03.mzML	Human	10
MSV000088565	20210215_kjb9186_HuBMAP_CESI_SmInt_biorep01_frac05_03.mzML	Human	10
MSV000088565	20210215_kjb9186_HuBMAP_CESI_SmInt_biorep01_frac01_03.mzML	Human	10
MSV000088565	20210215_kjb9186_HuBMAP_CESI_SmInt_biorep01_frac01_02.mzML	Human	10
MSV000088565	20210215_kjb9186_HuBMAP_CESI_SmInt_biorep01_frac01_01.mzML	Human	10
MSV000088565	20210216_bsd0560_HuBMAP_PLRPS_SmInt_biorep01_frac02_02.mzML	Human	10
MSV000088565	20210216_bsd0560_HuBMAP_PLRPS_SmInt_biorep01_frac02_01.mzML	Human	10
MSV000088565	20210216_bsd0560_HuBMAP_PLRPS_SmInt_biorep01_frac02_03.mzML	Human	10
MSV000088565	20210216_bsd0560_HuBMAP_PLRPS_SmInt_biorep01_frac04_01.mzML	Human	10
MSV000088565	20210216_bsd0560_HuBMAP_PLRPS_SmInt_biorep01_frac04_02.mzML	Human	10
MSV000088565	20210216_bsd0560_HuBMAP_PLRPS_SmInt_biorep01_frac04_03.mzML	Human	10
MSV000088565	20210216_bsd0560_HuBMAP_PLRPS_SmInt_biorep01_frac03_03.mzML	Human	10
MSV000088565	20210216_bsd0560_HuBMAP_PLRPS_SmInt_biorep01_frac03_02.mzML	Human	10
MSV000088565	20210216_bsd0560_HuBMAP_PLRPS_SmInt_biorep01_frac03_01.mzML	Human	10
MSV000088565	20210216_bsd0560_HuBMAP_PLRPS_SmInt_biorep01_frac06_02.mzML	Human	10
MSV000088565	20210216_bsd0560_HuBMAP_PLRPS_SmInt_biorep01_frac06_01.mzML	Human	10
MSV000088565	20210216_bsd0560_HuBMAP_PLRPS_SmInt_biorep01_frac06_03.mzML	Human	10
MSV000088565	20210216_bsd0560_HuBMAP_PLRPS_SmInt_biorep01_frac05_01.mzML	Human	10
MSV000088565	20210216_bsd0560_HuBMAP_PLRPS_SmInt_biorep01_frac05_03.mzML	Human	10
MSV000088565	20210216_bsd0560_HuBMAP_PLRPS_SmInt_biorep01_frac05_02.mzML	Human	10
MSV000088565	20210216_bsd0560_HuBMAP_PLRPS_SmInt_biorep01_frac01_01.mzML	Human	10
MSV000088565	20210216_bsd0560_HuBMAP_PLRPS_SmInt_biorep01_frac01_03.mzML	Human	10
MSV000088565	20210216_bsd0560_HuBMAP_PLRPS_SmInt_biorep01_frac01_02.mzML	Human	10
MSV000088565	20210215_kjb9186_HuBMAP_CESI_Heart_biorep01_frac04_01.mzML	Human	10
MSV000088565	20210215_kjb9186_HuBMAP_CESI_Heart_biorep01_frac02_01.mzML	Human	10
MSV000088565	20210215_kjb9186_HuBMAP_CESI_Heart_biorep01_frac04_02.mzML	Human	10
MSV000088565	20210215_kjb9186_HuBMAP_CESI_Heart_biorep01_frac04_03.mzML	Human	10
MSV000088565	20210215_kjb9186_HuBMAP_CESI_Heart_biorep01_frac05_03.mzML	Human	10
MSV000088565	20210215_kjb9186_HuBMAP_CESI_Heart_biorep01_frac03_02.mzML	Human	10
MSV000088565	20210215_kjb9186_HuBMAP_CESI_Heart_biorep01_frac05_01.mzML	Human	10
MSV000088565	20210215_kjb9186_HuBMAP_CESI_Heart_biorep01_frac05_02.mzML	Human	10
MSV000088565	20210215_kjb9186_HuBMAP_CESI_Heart_biorep01_frac03_03.mzML	Human	10
MSV000088565	20210215_kjb9186_HuBMAP_CESI_Heart_biorep01_frac01_01.mzML	Human	10
MSV000088565	20210215_kjb9186_HuBMAP_CESI_Heart_biorep01_frac02_02.mzML	Human	10
MSV000088565	20210215_kjb9186_HuBMAP_CESI_Heart_biorep01_frac03_01.mzML	Human	10
MSV000088565	20210215_kjb9186_HuBMAP_CESI_Heart_biorep01_frac02_03.mzML	Human	10
MSV000088565	20210215_kjb9186_HuBMAP_CESI_Heart_biorep01_frac06_01.mzML	Human	10
MSV000088565	20210215_kjb9186_HuBMAP_CESI_Heart_biorep01_frac01_03.mzML	Human	10
MSV000088565	20210215_kjb9186_HuBMAP_CESI_Heart_biorep01_frac01_02.mzML	Human	10
MSV000088565	20210325_kjb9186_HuBMAP_CESI_Heart_biorep02_frac03_01.mzML	Human	10
MSV000088565	20210325_kjb9186_HuBMAP_CESI_Heart_biorep02_frac02_02.mzML	Human	10
MSV000088565	20210325_kjb9186_HuBMAP_CESI_Heart_biorep02_frac03_02.mzML	Human	10
MSV000088565	20210325_kjb9186_HuBMAP_CESI_Heart_biorep02_frac04_03.mzML	Human	10
MSV000088565	20210325_kjb9186_HuBMAP_CESI_Heart_biorep02_frac02_01.mzML	Human	10
MSV000088565	20210325_kjb9186_HuBMAP_CESI_Heart_biorep02_frac02_03.mzML	Human	10
MSV000088565	20210325_kjb9186_HuBMAP_CESI_Heart_biorep02_frac04_01.mzML	Human	10
MSV000088565	20210325_kjb9186_HuBMAP_CESI_Heart_biorep02_frac03_03.mzML	Human	10
MSV000088565	20210325_kjb9186_HuBMAP_CESI_Heart_biorep02_frac04_02.mzML	Human	10
MSV000088565	20210324_kjb9186_HuBMAP_CESI_Heart_biorep02_frac06_03.mzML	Human	10
MSV000088565	20210324_kjb9186_HuBMAP_CESI_Heart_biorep02_frac06_02.mzML	Human	10
MSV000088565	20210324_kjb9186_HuBMAP_CESI_Heart_biorep02_frac06_01.mzML	Human	10
MSV000088565	20210215_kjb9186_HuBMAP_CESI_Heart_biorep01_frac06_03.mzML	Human	10
MSV000088565	20210215_kjb9186_HuBMAP_CESI_Heart_biorep01_frac06_02.mzML	Human	10
MSV000088565	20210325_kjb9186_HuBMAP_CESI_Heart_biorep02_frac05_02.mzML	Human	10
MSV000088565	20210325_kjb9186_HuBMAP_CESI_Heart_biorep02_frac05_01.mzML	Human	10
MSV000088565	20210325_kjb9186_HuBMAP_CESI_Heart_biorep02_frac05_03.mzML	Human	10
MSV000088565	20210324_kjb9186_HuBMAP_CESI_Heart_biorep02_frac01_02.mzML	Human	10
MSV000088565	20210324_kjb9186_HuBMAP_CESI_Heart_biorep02_frac01_01.mzML	Human	10
MSV000088565	20210324_kjb9186_HuBMAP_CESI_Heart_biorep02_frac01_03.mzML	Human	10
MSV000088565	20210216_bsd0560_HuBMAP_PLRPS_Heart_biorep01_frac04_01.mzML	Human	10
MSV000088565	20210216_bsd0560_HuBMAP_PLRPS_Heart_biorep01_frac04_02.mzML	Human	10
MSV000088565	20210325_bsd0560_HuBMAP_PLRPS_Heart_biorep02_frac06_01.mzML	Human	10
MSV000088565	20210325_bsd0560_HuBMAP_PLRPS_Heart_biorep02_frac06_02.mzML	Human	10
MSV000088565	20210216_bsd0560_HuBMAP_PLRPS_Heart_biorep01_frac04_03.mzML	Human	10
MSV000088565	20210325_bsd0560_HuBMAP_PLRPS_Heart_biorep02_frac06_03.mzML	Human	10
MSV000088565	20210326_bsd0560_HuBMAP_PLRPS_Heart_biorep02_frac04_01.mzML	Human	10
MSV000088565	20210326_bsd0560_HuBMAP_PLRPS_Heart_biorep02_frac03_01.mzML	Human	10
MSV000088565	20210326_bsd0560_HuBMAP_PLRPS_Heart_biorep02_frac02_02.mzML	Human	10
MSV000088565	20210216_bsd0560_HuBMAP_PLRPS_Heart_biorep01_frac05_03.mzML	Human	10
MSV000088565	20210326_bsd0560_HuBMAP_PLRPS_Heart_biorep02_frac02_01.mzML	Human	10
MSV000088565	20210326_bsd0560_HuBMAP_PLRPS_Heart_biorep02_frac04_03.mzML	Human	10
MSV000088565	20210326_bsd0560_HuBMAP_PLRPS_Heart_biorep02_frac04_02.mzML	Human	10
MSV000088565	20210326_bsd0560_HuBMAP_PLRPS_Heart_biorep02_frac02_03.mzML	Human	10
MSV000088565	20210326_bsd0560_HuBMAP_PLRPS_Heart_biorep02_frac03_02.mzML	Human	10
MSV000088565	20210326_bsd0560_HuBMAP_PLRPS_Heart_biorep02_frac03_03.mzML	Human	10
MSV000088565	20210216_bsd0560_HuBMAP_PLRPS_Heart_biorep01_frac05_01.mzML	Human	10
MSV000088565	20210216_bsd0560_HuBMAP_PLRPS_Heart_biorep01_frac05_02.mzML	Human	10
MSV000088565	20210216_bsd0560_HuBMAP_PLRPS_Heart_biorep01_frac03_01.mzML	Human	10
MSV000088565	20210216_bsd0560_HuBMAP_PLRPS_Heart_biorep01_frac03_03.mzML	Human	10
MSV000088565	20210216_bsd0560_HuBMAP_PLRPS_Heart_biorep01_frac03_02.mzML	Human	10
MSV000088565	20210326_bsd0560_HuBMAP_PLRPS_Heart_biorep02_frac05_01.mzML	Human	10
MSV000088565	20210326_bsd0560_HuBMAP_PLRPS_Heart_biorep02_frac05_02.mzML	Human	10
MSV000088565	20210326_bsd0560_HuBMAP_PLRPS_Heart_biorep02_frac05_03.mzML	Human	10
MSV000088565	20210216_bsd0560_HuBMAP_PLRPS_Heart_biorep01_frac02_01.mzML	Human	10
MSV000088565	20210216_bsd0560_HuBMAP_PLRPS_Heart_biorep01_frac01_03.mzML	Human	10
MSV000088565	20210216_bsd0560_HuBMAP_PLRPS_Heart_biorep01_frac02_02.mzML	Human	10
MSV000088565	20210216_bsd0560_HuBMAP_PLRPS_Heart_biorep01_frac02_03.mzML	Human	10
MSV000088565	20210216_bsd0560_HuBMAP_PLRPS_Heart_biorep01_frac01_01.mzML	Human	10
MSV000088565	20210216_bsd0560_HuBMAP_PLRPS_Heart_biorep01_frac01_02.mzML	Human	10
MSV000088565	20210216_bsd0560_HuBMAP_PLRPS_Heart_biorep01_frac06_03.mzML	Human	10
MSV000088565	20210216_bsd0560_HuBMAP_PLRPS_Heart_biorep01_frac06_01.mzML	Human	10
MSV000088565	20210216_bsd0560_HuBMAP_PLRPS_Heart_biorep01_frac06_02.mzML	Human	10
MSV000088565	20210325_bsd0560_HuBMAP_PLRPS_Heart_biorep02_frac01_01.mzML	Human	10
MSV000088565	20210325_bsd0560_HuBMAP_PLRPS_Heart_biorep02_frac01_02.mzML	Human	10
MSV000088565	20210325_bsd0560_HuBMAP_PLRPS_Heart_biorep02_frac01_03.mzML	Human	10
PXD026127	LCA_08112018_CD3_FT_F8_CID_02.mzML	Human	23
PXD026127	LCA_08112018_CD3_FT_F8_CID_01.mzML	Human	23
PXD026127	LCA_08112018_CD3_FT_F7_CID_02.mzML	Human	23
PXD026127	LCA_08092018_CD3_FT_F3_CID_03.mzML	Human	23
PXD026127	LCA_08112018_CD3_FT_F6_CID_02.mzML	Human	23
PXD026127	LCA_08112018_CD3_FT_F7_CID_01.mzML	Human	23
PXD026127	LCA_08242018_CD3_pool_500_1M_F9_CID_01.mzML	Human	23
PXD026127	LCA_08112018_CD3_FT_F6_CID_01.mzML	Human	23
PXD026127	LCA_08242018_CD3_pool_500_1M_F9_CID_02.mzML	Human	23
PXD026127	LCA_08232018_CD3_pool_FT_200_F9_01.mzML	Human	23
PXD026127	LCA_08242018_CD3_500_F8_CID_01.mzML	Human	23
PXD026127	LCA_08242018_CD3_500_F8_CID_02.mzML	Human	23
PXD026127	LCA_08262018_CD3_FT_F8_CID_03.mzML	Human	23
PXD026127	LCA_08112018_CD3_FT_F5_CID_02.mzML	Human	23
PXD026127	LCA_08222018_CD3_200_F8_CID_01.mzML	Human	23
PXD026127	LCA_08232018_CD3_pool_FT_200_F9_02.mzML	Human	23
PXD026127	LCA_08222018_CD3_200_F8_CID_02.mzML	Human	23
PXD026127	LCA_08242018_CD3_500_F7_CID_02.mzML	Human	23
PXD026127	LCA_08242018_CD3_500_F7_CID_01.mzML	Human	23
PXD026127	LCA_08262018_CD3_1M_F8_CID_01.mzML	Human	23
PXD026127	LCA_08262018_CD3_1M_F8_CID_02.mzML	Human	23
PXD026127	LCA_08112018_CD3_FT_F5_CID_01.mzML	Human	23
PXD026127	LCA_08222018_CD3_200_F7_CID_02.mzML	Human	23
PXD026127	LCA_08262018_CD3_1M_F7_CID_01.mzML	Human	23
PXD026127	LCA_08222018_CD3_200_F7_CID_01.mzML	Human	23
PXD026127	LCA_08262018_CD3_1M_F7_CID_02.mzML	Human	23
PXD026127	LCA_08262018_CD3_1M_F5_CID_01.mzML	Human	23
PXD026127	LCA_08262018_CD3_FT_F6_CID_03.mzML	Human	23
PXD026127	LCA_08222018_CD3_200_F5_CID_02.mzML	Human	23
PXD026127	LCA_08262018_CD3_1M_F5_CID_02.mzML	Human	23
PXD026127	LCA_08222018_CD3_200_F5_CID_01.mzML	Human	23
PXD026127	LCA_08112018_CD3_FT_F4_CID_02.mzML	Human	23
PXD026127	LCA_08262018_CD3_1M_F6_CID_02.mzML	Human	23
PXD026127	LCA_08242018_CD3_500_F5_CID_01.mzML	Human	23
PXD026127	LCA_08262018_CD3_1M_F6_CID_01.mzML	Human	23
PXD026127	LCA_08242018_CD3_500_F5_CID_02.mzML	Human	23
PXD026127	LCA_08222018_CD3_200_F6_CID_02.mzML	Human	23
PXD026127	LCA_08092018_CD3_FT_F3_CID_01.mzML	Human	23
PXD026127	LCA_08222018_CD3_200_F6_CID_01.mzML	Human	23
PXD026127	LCA_08112018_rescue_F4_180811171512.mzML	Human	23
PXD026127	LCA_08242018_CD3_500_F6_CID_01.mzML	Human	23
PXD026127	LCA_08242018_CD3_500_F6_CID_02.mzML	Human	23
PXD026127	LCA_08232018_CD3_500_F4_CID_01.mzML	Human	23
PXD026127	LCA_08232018_CD3_500_F4_CID_02.mzML	Human	23
PXD026127	LCA_08212018_CD3_200_F4_CID_02.mzML	Human	23
PXD026127	LCA_08212018_CD3_200_F4_CID_01.mzML	Human	23
PXD026127	LCA_08232018_CD3_500_F3_CID_02.mzML	Human	23
PXD026127	LCA_08232018_CD3_500_F3_CID_01.mzML	Human	23
PXD026127	LCA_08252018_CD3_1M_F4_CID_02.mzML	Human	23
PXD026127	LCA_08252018_CD3_1M_F4_CID_01.mzML	Human	23
PXD026127	LCA_08092018_CD3_FT_F2_CID_03.mzML	Human	23
PXD026127	LCA_08252018_CD3_1M_F3_CID_01.mzML	Human	23
PXD026127	LCA_08252018_CD3_1M_F3_CID_02.mzML	Human	23
PXD026127	LCA_08212018_CD3_200_F1_CID_rescue_180821165104.mzML	Human	23
PXD026127	LCA_08212018_CD3_200_F3_CID_01.mzML	Human	23
PXD026127	LCA_08212018_CD3_200_F3_CID_02.mzML	Human	23
PXD026127	LCA_08092018_CD3_FT_F2_CID_01.mzML	Human	23
PXD026127	LCA_08252018_CD3_1M_F1_CID_01.mzML	Human	23
PXD026127	LCA_08252018_CD3_1M_F2_CID_02.mzML	Human	23
PXD026127	LCA_08252018_CD3_1M_F1_CID_02.mzML	Human	23
PXD026127	LCA_08252018_CD3_1M_F2_CID_01.mzML	Human	23
PXD026127	LCA_08232018_CD3_500_F2_CID_02.mzML	Human	23
PXD026127	LCA_08232018_CD3_500_F2_CID_01.mzML	Human	23
PXD026127	LCA_08092018_CD3_FT_F1_CID_03.mzML	Human	23
PXD026127	LCA_08092018_CD3_FT_F1_CID_01.mzML	Human	23
PXD026127	LCA_08212018_CD3_200_F2_CID_01.mzML	Human	23
PXD026127	LCA_08212018_CD3_200_F2_CID_02.mzML	Human	23
PXD026127	LCA_08212018_CD3_200_F1_CID_02.mzML	Human	23
PXD026127	LCA_08232018_CD3_500_F1_CID_01.mzML	Human	23
PXD026127	LCA_08232018_CD3_500_F1_CID_02.mzML	Human	23
PXD026127	LCA_08092018_CD8_FT_F3_ETD_02.mzML	Human	23
PXD026127	LCA_08262018_CD3_FT_F4_ETD_03.mzML	Human	23
PXD026127	LCA_08092018_CD3_FT_F2_ETD_02.mzML	Human	23
PXD026127	LCA_08092018_CD3_FT_F1_ETD_02.mzML	Human	23
PXD026147	LCA_05222018_NRTDP_Allen_CD4B1F7_CID.mzML	Human	23
PXD026147	LCA_05242018_NRTDP_Allen_CD4B2F7_CID.mzML	Human	23
PXD026147	LCA_05172018_NRTDP_Allen_CD4B1F2_CID.mzML	Human	23
PXD026147	LCA_05172018_NRTDP_Allen_CD4B1F4_CID.mzML	Human	23
PXD026147	LCA_05202018_NRTDP_Allen_CD4B1F5_CID.mzML	Human	23
PXD026147	LCA_05222018_NRTDP_Allen_CD4B1F6_CID.mzML	Human	23
PXD026147	LCA_05202018_NRTDP_Allen_CD4B1-2F4_CID.mzML	Human	23
PXD026147	LCA_05192018_NRTDP_Allen_CD4B2-2F2_CID.mzML	Human	23
PXD026147	LCA_05202018_NRTDP_Allen_CD4B2F6_CID.mzML	Human	23
PXD026147	LCA_05272018_NRTDP_Allen_CD4B1F8_CID.mzML	Human	23
PXD026147	LCA_05192018_NRTDP_Allen_CD4B2F5_CID.mzML	Human	23
PXD026147	LCA_05172018_NRTDP_Allen_CD4B2F2_CID.mzML	Human	23
PXD026147	LCA_05212018_NRTDP_Allen_CD4B1F3_CID.mzML	Human	23
PXD026147	LCA_05202018_NRTDP_Allen_CD4B1-2F2_CID.mzML	Human	23
PXD026147	LCA_05222018_NRTDP_Allen_CD4B1F1_CID.mzML	Human	23
PXD026147	LCA_05182018_NRTDP_Allen_CD4B2F4_CID.mzML	Human	23
PXD026147	LCA_05222018_NRTDP_Allen_CD4B2F3_CID.mzML	Human	23
PXD026147	LCA_05182018_NRTDP_Allen_CD4B2F1_CID.mzML	Human	23
PXD026147	LCA_05222018_NRTDP_Allen_CD4B1F7_ETD.mzML	Human	23
PXD026147	LCA_05242018_NRTDP_Allen_CD4B2F7_ETD.mzML	Human	23
PXD026147	LCA_05202018_NRTDP_Allen_CD4B1F5_ETD.mzML	Human	23
PXD026147	LCA_05222018_NRTDP_Allen_CD4B1F6_ETD.mzML	Human	23
PXD026147	LCA_05172018_NRTDP_Allen_CD4B1F4_ETD.mzML	Human	23
PXD026147	LCA_05192018_NRTDP_Allen_CD4B2F5_ETD.mzML	Human	23
PXD026147	LCA_05202018_NRTDP_Allen_CD4B2F6_ETD.mzML	Human	23
PXD026147	LCA_05202018_NRTDP_Allen_CD4B1-2F4_ETD.mzML	Human	23
PXD026147	LCA_05172018_NRTDP_Allen_CD4B1F2_ETD.mzML	Human	23
PXD026147	LCA_05212018_NRTDP_Allen_CD4B1F3_ETD.mzML	Human	23
PXD026147	LCA_05182018_NRTDP_Allen_CD4B2F4_ETD.mzML	Human	23
PXD026147	LCA_05222018_NRTDP_Allen_CD4B2F3_ETD.mzML	Human	23
PXD026147	LCA_05192018_NRTDP_Allen_CD4B2-2F2_ETD.mzML	Human	23
PXD026147	LCA_05172018_NRTDP_Allen_CD4B2F2_ETD.mzML	Human	23
PXD026147	LCA_05202018_NRTDP_Allen_CD4B1-2F2_ETD.mzML	Human	23
PXD026147	LCA_05222018_NRTDP_Allen_CD4B1F1_ETD.mzML	Human	23
PXD026147	LCA_05182018_NRTDP_Allen_CD4B2F1_ETD.mzML	Human	23
PXD026148	LCA_05262018_NRTDP_Allen_CD8B1F8_CID.mzML	Human	23
PXD026148	LCA_05232018_NRTDP_Allen_CD8B2F7_CID.mzML	Human	23
PXD026148	LCA_05232018_NRTDP_Allen_CD8B1F7_CID.mzML	Human	23
PXD026148	LCA_05202018_NRTDP_Allen_CD8B1F5_CID.mzML	Human	23
PXD026148	LCA_05182018_NRTDP_Allen_CD8B1F6_CID.mzML	Human	23
PXD026148	LCA_05192018_NRTDP_Allen_CD8B2F2_CID.mzML	Human	23
PXD026148	LCA_05212018_NRTDP_Allen_CD8B1F4_CID.mzML	Human	23
PXD026148	LCA_05172018_NRTDP_Allen_CD8B2F1_CID.mzML	Human	23
PXD026148	LCA_05222018_NRTDP_Allen_CD8B2F5_CID.mzML	Human	23
PXD026148	LCA_05212018_NRTDP_Allen_CD8B2F6_CID.mzML	Human	23
PXD026148	LCA_05212018_NRTDP_Allen_CD8B1F3_CID.mzML	Human	23
PXD026148	LCA_05192018_NRTDP_Allen_CD8B2F4_CID.mzML	Human	23
PXD026148	LCA_05192018_NRTDP_Allen_CD8B2-2F1_CID.mzML	Human	23
PXD026148	LCA_05192018_NRTDP_Allen_CD8B2F3_CID.mzML	Human	23
PXD026148	LCA_05202018_NRTDP_Allen_CD8B1F2_CID.mzML	Human	23
PXD026148	LCA_05182018_NRTDP_Allen_CD8B1F1_CID.mzML	Human	23
PXD026148	LCA_05262018_NRTDP_Allen_CD8B1F8_ETD.mzML	Human	23
PXD026148	LCA_05232018_NRTDP_Allen_CD8B2F7_ETD.mzML	Human	23
PXD026148	LCA_05232018_NRTDP_Allen_CD8B1F7_ETD.mzML	Human	23
PXD026148	LCA_05202018_NRTDP_Allen_CD8B1F5_ETD.mzML	Human	23
PXD026148	LCA_05182018_NRTDP_Allen_CD8B1F6_ETD.mzML	Human	23
PXD026148	LCA_05222018_NRTDP_Allen_CD8B2F5_ETD.mzML	Human	23
PXD026148	LCA_05212018_NRTDP_Allen_CD8B2F6_ETD.mzML	Human	23
PXD026148	LCA_05212018_NRTDP_Allen_CD8B1F4_ETD.mzML	Human	23
PXD026148	LCA_05212018_NRTDP_Allen_CD8B1F3_ETD.mzML	Human	23
PXD026148	LCA_05192018_NRTDP_Allen_CD8B2F4_ETD.mzML	Human	23
PXD026148	LCA_05192018_NRTDP_Allen_CD8B2F3_ETD.mzML	Human	23
PXD026148	LCA_05172018_NRTDP_Allen_CD8B2F1_ETD.mzML	Human	23
PXD026148	LCA_05192018_NRTDP_Allen_CD8B2F2_ETD.mzML	Human	23
PXD026148	LCA_05192018_NRTDP_Allen_CD8B2-2F1_ETD.mzML	Human	23
PXD026148	LCA_05202018_NRTDP_Allen_CD8B1F2_ETD.mzML	Human	23
PXD026148	LCA_05182018_NRTDP_Allen_CD8B1F1_ETD.mzML	Human	23
PXD026152	LCA_11112018_APA_DS45_F8A_02_3E6.mzML	Human	23
PXD026152	LCA_11112018_APA_DS45_F8A_01_3E6.mzML	Human	23
PXD026152	LCA_11102018_APA_DS45_F8A_02_1E6_8uSMS1_2uSMS2.mzML	Human	23
PXD026152	LCA_11102018_APA_DS45_F8A_01_1E6_6uSMS1_2uSMS2.mzML	Human	23
PXD026152	LCA_11102018_APA_DS45_F7A_02.mzML	Human	23
PXD026152	LCA_11092018_APA_DS45_F7A_01.mzML	Human	23
PXD026152	LCA_11092018_APA_DS45_F5A_01.mzML	Human	23
PXD026152	LCA_11092018_APA_DS45_F5A_02.mzML	Human	23
PXD026152	LCA_11092018_APA_DS45_F6A_01.mzML	Human	23
PXD026152	LCA_11092018_APA_DS45_F6A_02.mzML	Human	23
PXD026153	LCA_11102018_APA_DS46_F6A_02_8uSMS1_2uSMS2.mzML	Human	23
PXD026153	LCA_11172018_APA_DS46_F8_02.mzML	Human	23
PXD026153	LCA_11172018_APA_DS46_F8_01.mzML	Human	23
PXD026153	LCA_11172018_APA_DS46_F7_01.mzML	Human	23
PXD026153	LCA_11172018_APA_DS46_F7_02.mzML	Human	23
PXD026153	LCA_11102018_APA_DS46_F5A_01.mzML	Human	23
PXD026153	LCA_11102018_APA_DS46_F5A_02.mzML	Human	23
PXD026153	LCA_11102018_APA_DS46_F6A_01_4uSMS1.mzML	Human	23
PXD026153	DSB_20181116_APA_DS46_F4_01.mzML	Human	23
PXD026153	DSB_20181116_APA_DS46_F4_02.mzML	Human	23
PXD026153	DSB_20181116_APA_DS46_F3_01.mzML	Human	23
PXD026153	DSB_20181116_APA_DS46_F3_02.mzML	Human	23
PXD026153	DSB_20181116_APA_DS46_F2_01.mzML	Human	23
PXD026153	DSB_20181116_APA_DS46_F2_02.mzML	Human	23
PXD026153	DSB_20181116_APA_DS46_F1_02.mzML	Human	23
PXD026153	DSB_20181116_APA_DS46_F1_01.mzML	Human	23
PXD026154	LCA_11142018_APA_DS47_mono_F8p3_02_8uSMS1_2uSMS2.mzML	Human	23
PXD026154	LCA_11142018_APA_DS47_mono_F8p3_01_8uSMS1_2uSMS2.mzML	Human	23
PXD026154	LCA_11142018_APA_DS47_mono_F7p3_02_8uSMS1_2uSMS2.mzML	Human	23
PXD026154	LCA_11142018_APA_DS47_mono_F7p3_01_8uSMS1_2uSMS2.mzML	Human	23
PXD026154	LCA_11102018_APA_DS47_F6A_02_3E6_8uSMS1_2uSMS2.mzML	Human	23
PXD026154	LCA_11102018_APA_DS47_F6A_02_1E6_2uSMS2.mzML	Human	23
PXD026154	LCA_11102018_APA_DS47_F5A_01_3E6.mzML	Human	23
PXD026154	LCA_11102018_APA_DS47_F5A_02_3E6.mzML	Human	23
PXD026154	LCA_11102018_APA_DS47_F6A_01_3E6_4uSMS1.mzML	Human	23
PXD026154	DSB_20181115_APA_DS47_mono_F4_02.mzML	Human	23
PXD026154	DSB_20181115_APA_DS47_mono_F4_01.mzML	Human	23
PXD026154	DSB_20181115_APA_DS47_mono_F3_01.mzML	Human	23
PXD026154	DSB_20181115_APA_DS47_mono_F3_02.mzML	Human	23
PXD026154	LCA_11102018_APA_DS47_F5A_02_1E6.mzML	Human	23
PXD026154	LCA_11102018_APA_DS47_F5A_01_1E6.mzML	Human	23
PXD026154	LCA_11102018_APA_DS47_F6A_01_1E6.mzML	Human	23
PXD026154	DSB_20181115_APA_DS47_mono_F2_02.mzML	Human	23
PXD026154	DSB_20181115_APA_DS47_mono_F2_01.mzML	Human	23
PXD026154	DSB_20181115_APA_DS47_mono_F1_01.mzML	Human	23
PXD026154	DSB_20181115_APA_DS47_mono_F1_02.mzML	Human	23
PXD026155	LCA_11142018_APA_DS48_CD34_C1F8_01_8uSMS1_2uSMS2.mzML	Human	23
PXD026155	LCA_11132018_APA_DS48_CD34_C1F6_02_8uSMS1_2uSMS2.mzML	Human	23
PXD026155	LCA_11142018_APA_DS48_CD34_C1F7_02_8uSMS1_2uSMS2.mzML	Human	23
PXD026155	LCA_11142018_APA_DS48_CD34_C1F7_01_8uSMS1_2uSMS2.mzML	Human	23
PXD026155	LCA_11142018_APA_DS48_CD34_C1F8_02_8uSMS1_2uSMS2.mzML	Human	23
PXD026155	LCA_11132018_APA_DS48_CD34_C1F5_01.mzML	Human	23
PXD026155	LCA_11132018_APA_DS48_CD34_C1F5_02.mzML	Human	23
PXD026155	LCA_11132018_APA_DS48_CD34_C1F6_01_4uSMS1.mzML	Human	23
PXD026155	LCA_11122018_APA_DS48_CD34_C1F4_3E6_02.mzML	Human	23
PXD026155	LCA_11122018_APA_DS48_CD34_C1F3_3E6_02.mzML	Human	23
PXD026155	LCA_11132018_APA_DS48_CD34_C1F4_3E6_LONGGradient.mzML	Human	23
PXD026155	LCA_11122018_APA_DS48_CD34_C1F4_1p5E6_01.mzML	Human	23
PXD026155	LCA_11122018_APA_DS48_CD34_C1F2_1p5E6_01.mzML	Human	23
PXD026155	LCA_11122018_APA_DS48_CD34_C1F2_1p5E6_02.mzML	Human	23
PXD026155	LCA_11122018_APA_DS48_CD34_C1F3_1p5E6_01.mzML	Human	23
PXD026155	LCA_11122018_APA_DS48_CD34_C1F1_1p5E6_01.mzML	Human	23
PXD026155	LCA_11122018_APA_DS48_CD34_C1F1_1p5E6_02.mzML	Human	23
PXD026155	LCA_11132018_APA_DS48_CD34_C1F3_2E6_LONGGradient.mzML	Human	23
PXD026155	LCA_11132018_APA_DS48_CD34_C1F2_1p5E6_LONGGradient.mzML	Human	23
PXD026155	LCA_11132018_APA_DS48_CD34_C1F1_1p5E6_LONGGradient.mzML	Human	23
PXD026167	RM_20190810_CD19pos_F8_02.mzML	Human	23
PXD026167	RM_20190810_CD19pos_F7_02.mzML	Human	23
PXD026167	RM_20190808_CD19pos_F5_newGrad_03.mzML	Human	23
PXD026167	RM_20190808_CD19pos_F6_newGrad_03.mzML	Human	23
PXD026167	RM_20190807_CD19pos_F5_02.mzML	Human	23
PXD026167	RM_20190807_CD19pos_F5_01.mzML	Human	23
PXD026167	RM_20190810_CD19pos_F8_01.mzML	Human	23
PXD026167	RM_20190807_CD19pos_F6_01.mzML	Human	23
PXD026167	RM_20190807_CD19pos_F6_02.mzML	Human	23
PXD026167	RM_20190810_CD19pos_F7_01.mzML	Human	23
PXD026167	DSB_RM_20191130_Nuc_Bpos_CD19_F7_02.mzML	Human	23
PXD026167	DSB_RM_20191130_Nuc_Bpos_CD19_F7_01.mzML	Human	23
PXD026167	DSB_RM_20191130_Nuc_Bpos_CD19_F6_01.mzML	Human	23
PXD026167	DSB_RM_20191130_Nuc_Bpos_CD19_F6_02.mzML	Human	23
PXD026167	DSB_RM_20191130_Nuc_Bpos_CD19_F9_02.mzML	Human	23
PXD026167	RM_20190728_Bcells_CD19pos_F3_02.mzML	Human	23
PXD026167	RM_20190728_Bcells_CD19pos_F3_01.mzML	Human	23
PXD026167	RM_20190728_Bcells_CD19pos_F3_03.mzML	Human	23
PXD026167	DSB_RM_20191130_Nuc_Bpos_CD19_F5_01.mzML	Human	23
PXD026167	RM_20190728_Bcells_CD19pos_F2_01.mzML	Human	23
PXD026167	DSB_RM_20191130_Nuc_Bpos_CD19_F5_02.mzML	Human	23
PXD026167	RM_20190728_Bcells_CD19pos_F2_03.mzML	Human	23
PXD026167	DSB_RM_20191130_Nuc_Bpos_CD19_F4_02.mzML	Human	23
PXD026167	RM_20190728_Bcells_CD19pos_F2_02.mzML	Human	23
PXD026167	DSB_RM_20191130_Nuc_Bpos_CD19_F9_01.mzML	Human	23
PXD026167	RM_20190728_Bcells_CD19pos_F4_01.mzML	Human	23
PXD026167	RM_20190728_Bcells_CD19pos_F1_01.mzML	Human	23
PXD026167	RM_20190728_Bcells_CD19pos_F4_02.mzML	Human	23
PXD026167	DSB_RM_20191130_Nuc_Bpos_CD19_F4_01.mzML	Human	23
PXD026167	LCA_RM_20191129_Nuc_Bpos_CD19_F2_02.mzML	Human	23
PXD026167	RM_20190728_Bcells_CD19pos_F1_02.mzML	Human	23
PXD026167	DSB_RM_20191130_Nuc_Bpos_CD19_F8_02.mzML	Human	23
PXD026167	LCA_RM_20191129_Nuc_Bpos_CD19_F3_02.mzML	Human	23
PXD026167	RM_20190728_Bcells_CD19pos_F1_03.mzML	Human	23
PXD026167	LCA_RM_20191129_Nuc_Bpos_CD19_F3_01.mzML	Human	23
PXD026167	LCA_RM_20191129_Nuc_Bpos_CD19_F2_01.mzML	Human	23
PXD026167	DSB_RM_20191130_Nuc_Bpos_CD19_F8_01.mzML	Human	23
PXD026167	LCA_RM_20191129_Nuc_Bpos_CD19_F1_01.mzML	Human	23
PXD026167	LCA_RM_20191129_Nuc_Bpos_CD19_F1_02.mzML	Human	23
PXD026168	LCA_RM_20191008_Nuc_CD4_F7_02.mzML	Human	23
PXD026168	LCA_RM_20191008_Nuc_CD4_F7_01.mzML	Human	23
PXD026168	LCA_RM_20191008_Nuc_CD4_F8_01.mzML	Human	23
PXD026168	LCA_RM_20191008_Nuc_CD4_F9_01.mzML	Human	23
PXD026168	LCA_RM_20191008_Nuc_CD4_F8_02.mzML	Human	23
PXD026168	LCA_RM_20191008_Nuc_CD4_F9_02.mzML	Human	23
PXD026168	RM_20190809_CD4_F8_02.mzML	Human	23
PXD026168	RM_20190809_CD4_F7_02.mzML	Human	23
PXD026168	RM_20190806_CD4_F5_02.mzML	Human	23
PXD026168	LCA_RM_20191008_Nuc_CD4_F6_02.mzML	Human	23
PXD026168	LCA_RM_20191008_Nuc_CD4_F5_02.mzML	Human	23
PXD026168	LCA_RM_20191008_Nuc_CD4_F6_01.mzML	Human	23
PXD026168	LCA_RM_20191008_Nuc_CD4_F5_01.mzML	Human	23
PXD026168	RM_20190809_CD4_F8_01.mzML	Human	23
PXD026168	RM_20190809_CD4_F7_01.mzML	Human	23
PXD026168	RM_20190806_CD4_F5_01.mzML	Human	23
PXD026168	RM_20190806_CD4_F6_01.mzML	Human	23
PXD026168	RM_20190806_CD4_F6_02.mzML	Human	23
PXD026168	LCA_RM_20191007_Nuc_CD4_F1_01.mzML	Human	23
PXD026168	LCA_RM_20191007_Nuc_CD4_F2_01.mzML	Human	23
PXD026168	LCA_RM_20191007_Nuc_CD4_F1_02.mzML	Human	23
PXD026168	LCA_RM_20191007_Nuc_CD4_F2_02.mzML	Human	23
PXD026168	LCA_RM_20191007_Nuc_CD4_F4_01.mzML	Human	23
PXD026168	LCA_RM_20191007_Nuc_CD4_F4_02.mzML	Human	23
PXD026168	LCA_RM_20191007_Nuc_CD4_F3_01.mzML	Human	23
PXD026168	LCA_RM_20191007_Nuc_CD4_F3_02.mzML	Human	23
PXD026168	RM_20190729_Tcells_CD4pos_F2_03.mzML	Human	23
PXD026168	RM_20190729_Tcells_CD4pos_F2_01.mzML	Human	23
PXD026168	RM_20190729_Tcells_CD4pos_F2_02.mzML	Human	23
PXD026168	RM_20190730_Tcells_CD4pos_F3_02.mzML	Human	23
PXD026168	RM_20190730_Tcells_CD4pos_F3_01.mzML	Human	23
PXD026168	RM_20190730_Tcells_CD4pos_F4_02.mzML	Human	23
PXD026168	RM_20190730_Tcells_CD4pos_F4_01.mzML	Human	23
PXD026168	RM_20190729_Tcells_CD4pos_F1_01.mzML	Human	23
PXD026168	RM_20190729_Tcells_CD4pos_F1_02.mzML	Human	23
PXD026168	RM_20190729_Tcells_CD4pos_F1_03.mzML	Human	23
PXD026169	DSB_RM_20191013_Nuc_CD8_F7_01.mzML	Human	23
PXD026169	DSB_RM_20191013_Nuc_CD8_F7_02.mzML	Human	23
PXD026169	DSB_RM_20191013_Nuc_CD8_F9_01.mzML	Human	23
PXD026169	DSB_RM_20191013_Nuc_CD8_F9_02.mzML	Human	23
PXD026169	DSB_RM_20191013_Nuc_CD8_F8_01.mzML	Human	23
PXD026169	DSB_RM_20191013_Nuc_CD8_F8_02.mzML	Human	23
PXD026169	RM_20190809_CD8_F7_02.mzML	Human	23
PXD026169	RM_20190809_CD8_F8_02.mzML	Human	23
PXD026169	DSB_RM_20191013_Nuc_CD8_F6_02.mzML	Human	23
PXD026169	LCA_RM_20191012_Nuc_CD8_F5_01.mzML	Human	23
PXD026169	LCA_RM_20191012_Nuc_CD8_F5_02.mzML	Human	23
PXD026169	DSB_RM_20191013_Nuc_CD8_F6_01.mzML	Human	23
PXD026169	RM_20190809_CD8_F7_01.mzML	Human	23
PXD026169	RM_20190809_CD8_F8_01.mzML	Human	23
PXD026169	RM_20190806_CD8_F5_02.mzML	Human	23
PXD026169	RM_20190806_CD8_F5_01.mzML	Human	23
PXD026169	RM_20190806_CD8_F6_01.mzML	Human	23
PXD026169	RM_20190806_CD8_F6_02.mzML	Human	23
PXD026169	RM_20190731_Tcells_CD8pos_F4_02.mzML	Human	23
PXD026169	RM_20190731_Tcells_CD8pos_F4_01.mzML	Human	23
PXD026169	DSB_RM_20191011_Nuc_CD8_F2_01.mzML	Human	23
PXD026169	DSB_RM_20191011_Nuc_CD8_F2_02.mzML	Human	23
PXD026169	DSB_RM_20191011_Nuc_CD8_F3_01.mzML	Human	23
PXD026169	DSB_RM_20191011_Nuc_CD8_F3_02.mzML	Human	23
PXD026169	RM_20190731_Tcells_CD8pos_F3_02.mzML	Human	23
PXD026169	DSB_RM_20191011_Nuc_CD8_F4_02.mzML	Human	23
PXD026169	RM_20190731_Tcells_CD8pos_F3_01.mzML	Human	23
PXD026169	DSB_RM_20191011_Nuc_CD8_F4_01.mzML	Human	23
PXD026169	DSB_RM_20191011_Nuc_CD8_F1_02.mzML	Human	23
PXD026169	RM_20190730_Tcells_CD8pos_F2_03.mzML	Human	23
PXD026169	RM_20190730_Tcells_CD8pos_F2_01.mzML	Human	23
PXD026169	DSB_RM_20191011_Nuc_CD8_F1_01.mzML	Human	23
PXD026169	RM_20190730_Tcells_CD8pos_F2_02.mzML	Human	23
PXD026169	RM_20190730_Tcells_CD8pos_F1_01.mzML	Human	23
PXD026169	RM_20190730_Tcells_CD8pos_F1_02.mzML	Human	23
PXD026169	RM_20190730_Tcells_CD8pos_F1_03.mzML	Human	23
PXD026170	DSB_RM_20191010_Nuc_CD3_F7_01.mzML	Human	23
PXD026170	DSB_RM_20191010_Nuc_CD3_F7_02.mzML	Human	23
PXD026170	DSB_RM_20191010_Nuc_CD3_F9_02.mzML	Human	23
PXD026170	DSB_RM_20191010_Nuc_CD3_F9_01.mzML	Human	23
PXD026170	DSB_RM_20191010_Nuc_CD3_F8_02.mzML	Human	23
PXD026170	DSB_RM_20191010_Nuc_CD3_F8_01.mzML	Human	23
PXD026170	DSB_RM_20191010_Nuc_CD3_F5_01.mzML	Human	23
PXD026170	DSB_RM_20191010_Nuc_CD3_F6_01.mzML	Human	23
PXD026170	DSB_RM_20191010_Nuc_CD3_F6_02.mzML	Human	23
PXD026170	DSB_RM_20191010_Nuc_CD3_F5_02.mzML	Human	23
PXD026170	RM_20190805_TCells_CD3pos_F7_02.mzML	Human	23
PXD026170	RM_20190805_TCells_CD3pos_F7_01.mzML	Human	23
PXD026170	RM_20190805_TCells_CD3pos_F8_01.mzML	Human	23
PXD026170	RM_20190805_TCells_CD3pos_F6_02.mzML	Human	23
PXD026170	RM_20190805_TCells_CD3pos_F8_02.mzML	Human	23
PXD026170	RM_20190805_TCells_CD3pos_F6_01.mzML	Human	23
PXD026170	RM_20190805_TCells_CD3pos_F5_02.mzML	Human	23
PXD026170	RM_20190805_TCells_CD3pos_F5_01.mzML	Human	23
PXD026170	LCA_RM_20191009_Nuc_CD3_F1_01.mzML	Human	23
PXD026170	LCA_RM_20191009_Nuc_CD3_F1_02.mzML	Human	23
PXD026170	LCA_RM_20191009_Nuc_CD3_F4_02.mzML	Human	23
PXD026170	LCA_RM_20191009_Nuc_CD3_F4_01.mzML	Human	23
PXD026170	LCA_RM_20191009_Nuc_CD3_F3_02.mzML	Human	23
PXD026170	LCA_RM_20191009_Nuc_CD3_F3_01.mzML	Human	23
PXD026170	LCA_RM_20191009_Nuc_CD3_F2_01.mzML	Human	23
PXD026170	LCA_RM_20191009_Nuc_CD3_F2_02.mzML	Human	23
PXD026170	RM_20190802_TCells_CD3pos_F3_01.mzML	Human	23
PXD026170	RM_20190802_TCells_CD3pos_F3_02.mzML	Human	23
PXD026170	RM_20190802_TCells_CD3pos_F4_02.mzML	Human	23
PXD026170	RM_20190802_TCells_CD3pos_F4_01.mzML	Human	23
PXD026170	RM_20190802_TCells_CD3pos_F2_01.mzML	Human	23
PXD026170	RM_20190802_TCells_CD3pos_F2_03.mzML	Human	23
PXD026170	RM_20190802_TCells_CD3pos_F2_02.mzML	Human	23
PXD026170	RM_20190802_TCells_CD3pos_F1_01.mzML	Human	23
PXD026170	RM_20190802_TCells_CD3pos_F1_03.mzML	Human	23
PXD026170	RM_20190802_TCells_CD3pos_F1_02.mzML	Human	23
PXD026171	RM_20190810_NK_F7_02.mzML	Human	23
PXD026171	RM_20190810_NK_F8_02.mzML	Human	23
PXD026171	RM_20190808_NK_F6_newGrad_03.mzML	Human	23
PXD026171	RM_20190808_NK_F5_newGrad_03.mzML	Human	23
PXD026171	RM_20190807_NK_F6_02.mzML	Human	23
PXD026171	RM_20190810_NK_F7_01.mzML	Human	23
PXD026171	RM_20190807_NK_F5_01.mzML	Human	23
PXD026171	RM_20190807_NK_F5_02.mzML	Human	23
PXD026171	RM_20190810_NK_F8_01.mzML	Human	23
PXD026171	RM_20190807_NK_F6_01.mzML	Human	23
PXD026171	LCA_RM_20191127_Nuc_NK_F7_01.mzML	Human	23
PXD026171	RM_20190731_NK_F1_03.mzML	Human	23
PXD026171	LCA_RM_20191127_Nuc_NK_F6_01.mzML	Human	23
PXD026171	LCA_RM_20191127_Nuc_NK_F7_02.mzML	Human	23
PXD026171	LCA_RM_20191129_Nuc_NK_F9_01.mzML	Human	23
PXD026171	LCA_RM_20191127_Nuc_NK_F4_02.mzML	Human	23
PXD026171	LCA_RM_20191127_Nuc_NK_F6_02.mzML	Human	23
PXD026171	LCA_RM_20191129_Nuc_NK_F8_02.mzML	Human	23
PXD026171	LCA_RM_20191129_Nuc_NK_F9_02.mzML	Human	23
PXD026171	LCA_RM_20191127_Nuc_NK_F5_01.mzML	Human	23
PXD026171	RM_20190801_NK_F3_02.mzML	Human	23
PXD026171	LCA_RM_20191127_Nuc_NK_F4_01.mzML	Human	23
PXD026171	LCA_RM_20191127_Nuc_NK_F5_02.mzML	Human	23
PXD026171	RM_20190731_NK_F1_02.mzML	Human	23
PXD026171	LCA_RM_20191127_Nuc_NK_F3_02.mzML	Human	23
PXD026171	RM_20190731_NK_F1_01.mzML	Human	23
PXD026171	LCA_RM_20191127_Nuc_NK_F3_01.mzML	Human	23
PXD026171	RM_20190801_NK_F4_02.mzML	Human	23
PXD026171	LCA_RM_20191129_Nuc_NK_F8_01.mzML	Human	23
PXD026171	RM_20190801_NK_F3_01.mzML	Human	23
PXD026171	RM_20190801_NK_F2_01.mzML	Human	23
PXD026171	RM_20190801_NK_F4_01.mzML	Human	23
PXD026171	LCA_RM_20191127_Nuc_NK_F2_02.mzML	Human	23
PXD026171	RM_20190801_NK_F2_03.mzML	Human	23
PXD026171	RM_20190801_NK_F2_02.mzML	Human	23
PXD026171	LCA_RM_20191127_Nuc_NK_F2_01.mzML	Human	23
PXD026171	LCA_RM_20191127_Nuc_NK_F1_01.mzML	Human	23
PXD026171	LCA_RM_20191127_Nuc_NK_F1_02.mzML	Human	23
PXD026171	RM_20190801_NK_F1_04.mzML	Human	23
PXD026172	RM_20190810_CD19neg_F7_02.mzML	Human	23
PXD026172	RM_20190810_CD19neg_F8_02.mzML	Human	23
PXD026172	RM_20190806_CD19neg_F5_02.mzML	Human	23
PXD026172	RM_20190806_CD19neg_F5_01.mzML	Human	23
PXD026172	RM_20190806_CD19neg_F6_02.mzML	Human	23
PXD026172	RM_20190806_CD19neg_F6_01.mzML	Human	23
PXD026172	RM_20190810_CD19neg_F7_01.mzML	Human	23
PXD026172	RM_20190810_CD19neg_F8_01.mzML	Human	23
PXD026172	RM_20190803_TCells_CD19neg_F2_01.mzML	Human	23
PXD026172	RM_20190803_TCells_CD19neg_F2_02.mzML	Human	23
PXD026172	RM_20190803_TCells_CD19neg_F3_02.mzML	Human	23
PXD026172	RM_20190803_TCells_CD19neg_F4_02.mzML	Human	23
PXD026172	RM_20190803_TCells_CD19neg_F4_01.mzML	Human	23
PXD026172	RM_20190803_TCells_CD19neg_F2_03.mzML	Human	23
PXD026172	RM_20190803_TCells_CD19neg_F3_01.mzML	Human	23
PXD026172	RM_20190803_TCells_CD19neg_F1_03.mzML	Human	23
PXD026172	RM_20190803_TCells_CD19neg_F1_01.mzML	Human	23
PXD026172	RM_20190803_TCells_CD19neg_F1_02.mzML	Human	23
PXD026173	RM_20190808_CD19CD20_F5F6_newGrad_03.mzML	Human	23
PXD026173	RM_20190811_CD19CD20_F7F8_04.mzML	Human	23
PXD026173	RM_20190811_CD19CD20_F7F8_03.mzML	Human	23
PXD026173	RM_20190808_CD19CD20_F5F6_02.mzML	Human	23
PXD026173	RM_20190811_CD19CD20_F7F8_01.mzML	Human	23
PXD026173	RM_20190811_CD19CD20_F7F8_02.mzML	Human	23
PXD026173	RM_20190808_CD19CD20_F5F6_01.mzML	Human	23
PXD026173	RM_20190804_TCells_CD19CD20_F3F4_03.mzML	Human	23
PXD026173	RM_20190804_TCells_CD19CD20_F3F4_02.mzML	Human	23
PXD026173	RM_20190804_TCells_CD19CD20_F3F4_01.mzML	Human	23
PXD026173	RM_20190804_TCells_CD19CD20_F1F2_01.mzML	Human	23
PXD026173	RM_20190804_TCells_CD19CD20_F1F2_03.mzML	Human	23
PXD026173	RM_20190804_TCells_CD19CD20_F1F2_02.mzML	Human	23
PXD026174	LCA_RM_20190928_cyto_neutrophil_F6_01.mzML	Human	23
PXD026174	LCA_RM_20190928_cyto_neutrophil_F5_01.mzML	Human	23
PXD026174	LCA_RM_20190928_cyto_neutrophil_F6_02.mzML	Human	23
PXD026174	LCA_RM_20190928_cyto_neutrophil_F5_02.mzML	Human	23
PXD026174	LCA_RM_20190928_cyto_neutrophil_F4_01.mzML	Human	23
PXD026174	LCA_RM_20190928_cyto_neutrophil_F4_02.mzML	Human	23
PXD026174	LCA_RM_20190928_cyto_neutrophil_F3_02.mzML	Human	23
PXD026174	LCA_RM_20190928_cyto_neutrophil_F3_01.mzML	Human	23
PXD026174	DSB_RM_20190927_cyto_neutrophil_F2_01.mzML	Human	23
PXD026174	DSB_RM_20190927_cyto_neutrophil_F2_02.mzML	Human	23
PXD026174	DSB_RM_20190927_cyto_neutrophil_F1_01.mzML	Human	23
PXD026174	DSB_RM_20190927_cyto_neutrophil_F1_02.mzML	Human	23
PXD026175	LCA_RM_20191002_cyto_eosinophil_F6_02.mzML	Human	23
PXD026175	LCA_RM_20191002_cyto_eosinophil_F5_02.mzML	Human	23
PXD026175	LCA_RM_20191002_cyto_eosinophil_F6_01.mzML	Human	23
PXD026175	RM_20190929_cyto_eosinophil_F2_02.mzML	Human	23
PXD026175	RM_20190929_cyto_eosinophil_F2_01.mzML	Human	23
PXD026175	RM_20190929_cyto_eosinophil_F4_01.mzML	Human	23
PXD026175	RM_20190929_cyto_eosinophil_F3_02.mzML	Human	23
PXD026175	RM_20190929_cyto_eosinophil_F4_02.mzML	Human	23
PXD026175	RM_20190929_cyto_eosinophil_F3_01.mzML	Human	23
PXD026175	LCA_RM_20191002_cyto_eosinophil_F5_01.mzML	Human	23
PXD026175	RM_20190929_cyto_eosinophil_F1_02.mzML	Human	23
PXD026175	RM_20190929_cyto_eosinophil_F1_01.mzML	Human	23
PXD026178	LCA_RM_20191006_Platelets_F9A_02.mzML	Human	23
PXD026178	LCA_RM_20191006_Platelets_F9A_01.mzML	Human	23
PXD026178	LCA_RM_20191006_Platelets_F8A_02.mzML	Human	23
PXD026178	LCA_RM_20191006_Platelets_F8A_01.mzML	Human	23
PXD026178	LCA_RM_20191006_Platelets_F7A_02.mzML	Human	23
PXD026178	LCA_RM_20191006_Platelets_F7A_01.mzML	Human	23
PXD026178	LCA_RM_20191006_Platelets_F6A_01.mzML	Human	23
PXD026178	LCA_RM_20191006_Platelets_F6A_02.mzML	Human	23
PXD026178	LCA_RM_20191006_Platelets_F5AB_02.mzML	Human	23
PXD026178	LCA_RM_20191006_Platelets_F5AB_01.mzML	Human	23
PXD026178	LCA_RM_20191005_Platelets_F3AB_02.mzML	Human	23
PXD026178	LCA_RM_20191005_Platelets_F3AB_01.mzML	Human	23
PXD026178	LCA_RM_20191005_Platelets_F2AB_01.mzML	Human	23
PXD026178	LCA_RM_20191005_Platelets_F4AB_01.mzML	Human	23
PXD026178	LCA_RM_20191005_Platelets_F4AB_02.mzML	Human	23
PXD026178	LCA_RM_20191005_Platelets_F2AB_02.mzML	Human	23
PXD026178	LCA_RM_20191005_Platelets_F1AB_02.mzML	Human	23
PXD026178	LCA_RM_20191005_Platelets_F1AB_01.mzML	Human	23
PXD026136	20150927_BM_sort_2E6_CD19_pool_techrep02.mzML	Human	23
PXD026136	20150927_BM_sort_2E6_CD19_pool_techrep04.mzML	Human	23
PXD026136	20150927_BM_sort_2E6_CD19_pool_techrep03.mzML	Human	23
PXD026136	20150927_BM_sort_2E6_CD19_pool_techrep01.mzML	Human	23
PXD026137	20150927_BM_sort_2E6_CD19_highCD10_techrep01.mzML	Human	23
PXD026137	20150927_BM_sort_2E6_CD19_highCD10_techrep03.mzML	Human	23
PXD026137	20150927_BM_sort_2E6_CD19_highCD10_techrep04.mzML	Human	23
PXD026137	20150927_BM_sort_2E6_CD19_highCD10_techrep02.mzML	Human	23
PXD026138	20150927_BM_sort_2E6_CD19_midCD10_techrep03.mzML	Human	23
PXD026138	20150927_BM_sort_2E6_CD19_midCD10_techrep04.mzML	Human	23
PXD026138	20150927_BM_sort_2E6_CD19_midCD10_techrep01.mzML	Human	23
PXD026138	20150927_BM_sort_2E6_CD19_midCD10_techrep02.mzML	Human	23
PXD026139	20150927_BM_sort_2E6_CD19_dimCD10_techrep04.mzML	Human	23
PXD026139	20150927_BM_sort_2E6_CD19_dimCD10_techrep01.mzML	Human	23
PXD026139	20150927_BM_sort_2E6_CD19_dimCD10_techrep03.mzML	Human	23
PXD026139	20150927_BM_sort_2E6_CD19_dimCD10_techrep02.mzML	Human	23
PXD026140	20141110_RP-4H_5E6Bcells_10pctGF_120min_top2DD_HCD_GF06_inj01.mzML	Human	23
PXD026140	20141110_RP-4H_5E6Bcells_10pctGF_120min_top2DD_HCD_GF01_inj01.mzML	Human	23
PXD026140	20141110_RP-4H_5E6Bcells_10pctGF_120min_top2DD_HCD_GF05_inj01.mzML	Human	23
PXD026140	20141110_RP-4H_5E6Bcells_10pctGF_120min_top2DD_HCD_GF02_inj01.mzML	Human	23
PXD026140	20141016_RP-4H_15E5Bcells_120min_top2DD_HCD_01.mzML	Human	23
PXD026140	20141110_RP-4H_5E6Bcells_10pctGF_120min_top2DD_HCD_GF04_inj01.mzML	Human	23
PXD026140	20141110_RP-4H_5E6Bcells_10pctGF_120min_top2DD_HCD_GF03_inj01.mzML	Human	23
PXD026140	20141016_RP-4H_15E5Bcells_120min_top2DD_HCD_02.mzML	Human	23
PXD026140	20141016_RP-4H_15E5Bcells_180min_top2DD_HCD.mzML	Human	23
PXD026141	20150930_TDQ_BC_Memory_techrep_03.mzML	Human	23
PXD026141	20150930_TDQ_BC_Memory_techrep_04.mzML	Human	23
PXD026141	20150930_TDQ_BC_Memory_techrep_01.mzML	Human	23
PXD026141	20150930_TDQ_BC_Memory_techrep_02.mzML	Human	23
PXD026141	20150930_TDQ_BC_Memory_techrep_05.mzML	Human	23
PXD026142	20150930_TDQ_BC_Naive_techrep_05.mzML	Human	23
PXD026142	20150930_TDQ_BC_Naive_techrep_01.mzML	Human	23
PXD026142	20150930_TDQ_BC_Naive_techrep_03.mzML	Human	23
PXD026142	20150930_TDQ_BC_Naive_techrep_02.mzML	Human	23
PXD026142	20150930_TDQ_BC_Naive_techrep_04.mzML	Human	23
PXD026123	20180813_rmi049_75idPLRPS_APA_RBC_PM_F8_b.mzML	Human	23
PXD026123	20180813_rmi049_75idPLRPS_APA_RBC_PM_F8_a.mzML	Human	23
PXD026123	20180813_rmi049_75idPLRPS_APA_RBC_PM_F7_c.mzML	Human	23
PXD026123	20180813_rmi049_75idPLRPS_APA_RBC_PM_F7_b.mzML	Human	23
PXD026123	20180813_rmi049_75idPLRPS_APA_RBC_PM_F7_a.mzML	Human	23
PXD026123	20180813_rmi049_75idPLRPS_APA_RBC_PM_F6_a.mzML	Human	23
PXD026123	20180813_rmi049_75idPLRPS_APA_RBC_PM_F6_c.mzML	Human	23
PXD026123	20180813_rmi049_75idPLRPS_APA_RBC_PM_F6_b.mzML	Human	23
PXD026123	20180813_rmi049_75idPLRPS_APA_RBC_PM_F2_a.mzML	Human	23
PXD026123	20180813_rmi049_75idPLRPS_APA_RBC_PM_F1_a.mzML	Human	23
PXD026123	20180813_rmi049_75idPLRPS_APA_RBC_PM_F2_c.mzML	Human	23
PXD026123	20180813_rmi049_75idPLRPS_APA_RBC_PM_F2_b.mzML	Human	23
PXD026123	20180813_rmi049_75idPLRPS_APA_RBC_PM_F1_b.mzML	Human	23
PXD026123	20180813_rmi049_75idPLRPS_APA_RBC_PM_F5_a.mzML	Human	23
PXD026123	20180813_rmi049_75idPLRPS_APA_RBC_PM_F1_c.mzML	Human	23
PXD026123	20180813_rmi049_75idPLRPS_APA_RBC_PM_F5_b.mzML	Human	23
PXD026123	20180813_rmi049_75idPLRPS_APA_RBC_PM_F5_c.mzML	Human	23
PXD026123	20180813_rmi049_75idPLRPS_APA_RBC_PM_F3_a.mzML	Human	23
PXD026123	20180813_rmi049_75idPLRPS_APA_RBC_PM_F3_b.mzML	Human	23
PXD026123	20180813_rmi049_75idPLRPS_APA_RBC_PM_F3_c.mzML	Human	23
PXD026123	20180813_rmi049_75idPLRPS_APA_RBC_PM_F4_b.mzML	Human	23
PXD026123	20180813_rmi049_75idPLRPS_APA_RBC_PM_F4_a.mzML	Human	23
PXD026123	20180813_rmi049_75idPLRPS_APA_RBC_PM_F4_c.mzML	Human	23
PXD026126	20180615_rmi049_75idPLRPS_APA_PBMC_100_F1_b.mzML	Human	23
PXD026126	20180615_rmi049_75idPLRPS_APA_PBMC_700_F6_b.mzML	Human	23
PXD026126	20180615_rmi049_75idPLRPS_APA_PBMC_700_F6_c.mzML	Human	23
PXD026126	20180615_rmi049_75idPLRPS_APA_PBMC_700_F6_a.mzML	Human	23
PXD026126	20180615_rmi049_75idPLRPS_APA_PBMC_100_F6_a.mzML	Human	23
PXD026126	20180615_rmi049_75idPLRPS_APA_PBMC_100_F6_c.mzML	Human	23
PXD026126	20180615_rmi049_75idPLRPS_APA_PBMC_100_F6_b.mzML	Human	23
PXD026126	20180615_rmi049_75idPLRPS_APA_PBMC_400_F6_b.mzML	Human	23
PXD026126	20180615_rmi049_75idPLRPS_APA_PBMC_400_F6_a.mzML	Human	23
PXD026126	20180615_rmi049_75idPLRPS_APA_PBMC_700_F5_b.mzML	Human	23
PXD026126	20180615_rmi049_75idPLRPS_APA_PBMC_700_F5_a.mzML	Human	23
PXD026126	20180615_rmi049_75idPLRPS_APA_PBMC_400_F6_c.mzML	Human	23
PXD026126	20180615_rmi049_75idPLRPS_APA_PBMC_100_F5_b.mzML	Human	23
PXD026126	20180615_rmi049_75idPLRPS_APA_PBMC_400_F5_b.mzML	Human	23
PXD026126	20180615_rmi049_75idPLRPS_APA_PBMC_400_F5_a.mzML	Human	23
PXD026126	20180615_rmi049_75idPLRPS_APA_PBMC_700_F5_c.mzML	Human	23
PXD026126	20180615_rmi049_75idPLRPS_APA_PBMC_400_F5_c.mzML	Human	23
PXD026126	20180615_rmi049_75idPLRPS_APA_PBMC_100_F5_a.mzML	Human	23
PXD026126	20180615_rmi049_75idPLRPS_APA_PBMC_100_F5_c.mzML	Human	23
PXD026126	20180615_rmi049_75idPLRPS_APA_PBMC_200_F3_b.mzML	Human	23
PXD026126	20180615_rmi049_75idPLRPS_APA_PBMC_200_F3_a.mzML	Human	23
PXD026126	20180615_rmi049_75idPLRPS_APA_PBMC_100_F4_c.mzML	Human	23
PXD026126	20180615_rmi049_75idPLRPS_APA_PBMC_700_F4_a.mzML	Human	23
PXD026126	20180615_rmi049_75idPLRPS_APA_PBMC_100_F4_a.mzML	Human	23
PXD026126	20180615_rmi049_75idPLRPS_APA_PBMC_200_F3_c.mzML	Human	23
PXD026126	20180615_rmi049_75idPLRPS_APA_PBMC_FT_F6_a.mzML	Human	23
PXD026126	20180615_rmi049_75idPLRPS_APA_PBMC_700_F4_b.mzML	Human	23
PXD026126	20180615_rmi049_75idPLRPS_APA_PBMC_100_F4_b.mzML	Human	23
PXD026126	20180615_rmi049_75idPLRPS_APA_PBMC_700_F4_c.mzML	Human	23
PXD026126	20180615_rmi049_75idPLRPS_APA_PBMC_FT_F5_a.mzML	Human	23
PXD026126	20180615_rmi049_75idPLRPS_APA_PBMC_FT_F6_b.mzML	Human	23
PXD026126	20180615_rmi049_75idPLRPS_APA_PBMC_FT_F6_c.mzML	Human	23
PXD026126	20180615_rmi049_75idPLRPS_APA_PBMC_FT_F5_b.mzML	Human	23
PXD026126	20180615_rmi049_75idPLRPS_APA_PBMC_FT_F5_c.mzML	Human	23
PXD026126	20180615_rmi049_75idPLRPS_APA_PBMC_400_F4_a.mzML	Human	23
PXD026126	20180615_rmi049_75idPLRPS_APA_PBMC_400_F4_b.mzML	Human	23
PXD026126	20180615_rmi049_75idPLRPS_APA_PBMC_400_F4_c.mzML	Human	23
PXD026126	20180615_rmi049_75idPLRPS_APA_PBMC_200_F2_a.mzML	Human	23
PXD026126	20180615_rmi049_75idPLRPS_APA_PBMC_200_F2_b.mzML	Human	23
PXD026126	20180615_rmi049_75idPLRPS_APA_PBMC_FT_F4_a.mzML	Human	23
PXD026126	20180615_rmi049_75idPLRPS_APA_PBMC_FT_F4_c.mzML	Human	23
PXD026126	20180615_rmi049_75idPLRPS_APA_PBMC_700_F3_a.mzML	Human	23
PXD026126	20180615_rmi049_75idPLRPS_APA_PBMC_700_F3_c.mzML	Human	23
PXD026126	20180615_rmi049_75idPLRPS_APA_PBMC_200_F2_c.mzML	Human	23
PXD026126	20180615_rmi049_75idPLRPS_APA_PBMC_700_F3_b.mzML	Human	23
PXD026126	20180615_rmi049_75idPLRPS_APA_PBMC_FT_F4_b.mzML	Human	23
PXD026126	20180615_rmi049_75idPLRPS_APA_PBMC_400_F3_b.mzML	Human	23
PXD026126	20180615_rmi049_75idPLRPS_APA_PBMC_400_F3_a.mzML	Human	23
PXD026126	20180615_rmi049_75idPLRPS_APA_PBMC_400_F3_c.mzML	Human	23
PXD026126	20180615_rmi049_75idPLRPS_APA_PBMC_100_F3_a.mzML	Human	23
PXD026126	20180615_rmi049_75idPLRPS_APA_PBMC_100_F3_b.mzML	Human	23
PXD026126	20180615_rmi049_75idPLRPS_APA_PBMC_100_F3_c.mzML	Human	23
PXD026126	20180615_rmi049_75idPLRPS_APA_PBMC_FT_F3_a.mzML	Human	23
PXD026126	20180615_rmi049_75idPLRPS_APA_PBMC_200_F1_a.mzML	Human	23
PXD026126	20180615_rmi049_75idPLRPS_APA_PBMC_200_F1_d.mzML	Human	23
PXD026126	20180615_rmi049_75idPLRPS_APA_PBMC_200_F1_c.mzML	Human	23
PXD026126	20180615_rmi049_75idPLRPS_APA_PBMC_FT_F3_b.mzML	Human	23
PXD026126	20180615_rmi049_75idPLRPS_APA_PBMC_FT_F3_c.mzML	Human	23
PXD026126	20180615_rmi049_75idPLRPS_APA_PBMC_FT_F2_a.mzML	Human	23
PXD026126	20180615_rmi049_75idPLRPS_APA_PBMC_400_F2_b.mzML	Human	23
PXD026126	20180615_rmi049_75idPLRPS_APA_PBMC_700_F2_a.mzML	Human	23
PXD026126	20180615_rmi049_75idPLRPS_APA_PBMC_FT_F2_b.mzML	Human	23
PXD026126	20180615_rmi049_75idPLRPS_APA_PBMC_700_F2_b.mzML	Human	23
PXD026126	20180615_rmi049_75idPLRPS_APA_PBMC_400_F2_a.mzML	Human	23
PXD026126	20180615_rmi049_75idPLRPS_APA_PBMC_700_F2_c.mzML	Human	23
PXD026126	20180615_rmi049_75idPLRPS_APA_PBMC_FT_F2_c.mzML	Human	23
PXD026126	20180615_rmi049_75idPLRPS_APA_PBMC_400_F2_c.mzML	Human	23
PXD026126	20180615_rmi049_75idPLRPS_APA_PBMC_FT_F1_a.mzML	Human	23
PXD026126	20180615_rmi049_75idPLRPS_APA_PBMC_FT_F1_c.mzML	Human	23
PXD026126	20180615_rmi049_75idPLRPS_APA_PBMC_400_F1_d.mzML	Human	23
PXD026126	20180615_rmi049_75idPLRPS_APA_PBMC_FT_F1_b.mzML	Human	23
PXD026126	20180615_rmi049_75idPLRPS_APA_PBMC_700_F1_d.mzML	Human	23
PXD026126	20180615_rmi049_75idPLRPS_APA_PBMC_700_F1_c.mzML	Human	23
PXD026126	20180615_rmi049_75idPLRPS_APA_PBMC_400_F1_c.mzML	Human	23
PXD026126	20180615_rmi049_75idPLRPS_APA_PBMC_700_F1_a.mzML	Human	23
PXD026126	20180615_rmi049_75idPLRPS_APA_PBMC_400_F1_a.mzML	Human	23
PXD026126	20180615_rmi049_75idPLRPS_APA_PBMC_100_F2_a.mzML	Human	23
PXD026126	20180615_rmi049_75idPLRPS_APA_PBMC_100_F2_c.mzML	Human	23
PXD026126	20180615_rmi049_75idPLRPS_APA_PBMC_100_F2_b.mzML	Human	23
PXD026126	20180615_rmi049_75idPLRPS_APA_PBMC_100_F1_c.mzML	Human	23
PXD026126	20180615_rmi049_75idPLRPS_APA_PBMC_100_F1_d.mzML	Human	23
PXD026126	20180615_rmi049_75idPLRPS_APA_PBMC_100_F1_a.mzML	Human	23
PXD026128	081018_RVG262_PGAFF_RP4H_Neutros_GelFREE_8pF1_FAIMS_CV_-120_010.mzML	Human	23
PXD026128	081018_RVG262_PGAFF_RP4H_Neutros_GelFREE_8pF1_FAIMS_CV_-110_013.mzML	Human	23
PXD026128	081018_RVG262_PGAFF_RP4H_Neutros_GelFREE_8pF1_FAIMS_CV_-100_015.mzML	Human	23
PXD026128	081018_RVG262_PGAFF_RP4H_Neutros_GelFREE_8pF1_FAIMS_CV_60_008.mzML	Human	23
PXD026128	081018_RVG262_PGAFF_RP4H_Neutros_GelFREE_8pF1_FAIMS_CV_-90_017.mzML	Human	23
PXD026128	081018_RVG262_PGAFF_RP4H_Neutros_GelFREE_8pF1_FAIMS_CV_50_012.mzML	Human	23
PXD026128	081018_RVG262_PGAFF_RP4H_Neutros_GelFREE_8pF1_FAIMS_CV_-80_011.mzML	Human	23
PXD026128	081018_RVG262_PGAFF_RP4H_Neutros_GelFREE_8pF1_FAIMS_CV_40_006.mzML	Human	23
PXD026128	081018_RVG262_PGAFF_RP4H_Neutros_GelFREE_8pF1_FAIMS_CV_30_014.mzML	Human	23
PXD026128	081018_RVG262_PGAFF_RP4H_Neutros_GelFREE_8pF1_FAIMS_CV_20_004.mzML	Human	23
PXD026128	081018_RVG262_PGAFF_RP4H_Neutros_GelFREE_8pF1FAIMS_CV_10_016.mzML	Human	23
PXD026128	081018_RVG262_PGAFF_RP4H_Neutros_GelFREE_8pF1_FAIMS_CV_-70_021.mzML	Human	23
PXD026128	081018_RVG262_PGAFF_RP4H_Neutros_GelFREE_8pF1_FAIMS_CV_0_003.mzML	Human	23
PXD026128	081018_RVG262_PGAFF_RP4H_Neutros_GelFREE_8pF1_FAIMS_CV_-10_018.mzML	Human	23
PXD026128	081018_RVG262_PGAFF_RP4H_Neutros_GelFREE_8pF1_FAIMS_CV_-60_009.mzML	Human	23
PXD026128	081018_RVG262_PGAFF_RP4H_Neutros_GelFREE_8pF1_FAIMS_CV_-50_019.mzML	Human	23
PXD026128	081018_RVG262_PGAFF_RP4H_Neutros_GelFREE_8pF1_FAIMS_CV_-20_005.mzML	Human	23
PXD026128	081018_RVG262_PGAFF_RP4H_Neutros_GelFREE_8pF1_FAIMS_CV_-40_007.mzML	Human	23
PXD026128	081018_RVG262_PGAFF_RP4H_Neutros_GelFREE_8pF1_FAIMS_CV_-30_020.mzML	Human	23
PXD026129	LCA_11172018_APA_NK_C8_02.mzML	Human	23
PXD026129	LCA_11172018_APA_NK_C7_02.mzML	Human	23
PXD026129	LCA_11172018_APA_NK_C8_01.mzML	Human	23
PXD026129	LCA_11172018_APA_NK_C7_01.mzML	Human	23
PXD026129	20180817_rmi049_75idPLRPS_APA_NK_Cyto_F1_b.mzML	Human	23
PXD026129	20180817_rmi049_75idPLRPS_APA_NK_Cyto_F1_c.mzML	Human	23
PXD026129	20180817_rmi049_75idPLRPS_APA_NK_Cyto_F2_c.mzML	Human	23
PXD026129	20180817_rmi049_75idPLRPS_APA_NK_Cyto_F2_b.mzML	Human	23
PXD026129	20180817_rmi049_75idPLRPS_APA_NK_Cyto_F2_a.mzML	Human	23
PXD026129	20180817_rmi049_75idPLRPS_APA_NK_Cyto_F1_a_20180818060053.mzML	Human	23
PXD026129	20180821_rmi049_75idPLRPS_APA_NK_Nucl_F3_c.mzML	Human	23
PXD026129	20180821_rmi049_75idPLRPS_APA_NK_Nucl_F3_b.mzML	Human	23
PXD026129	20180817_rmi049_75idPLRPS_APA_NK_Cyto_F3_a.mzML	Human	23
PXD026129	20180817_rmi049_75idPLRPS_APA_NK_Cyto_F3_b.mzML	Human	23
PXD026129	20180821_rmi049_75idPLRPS_APA_NK_Nucl_F3_a.mzML	Human	23
PXD026129	20180817_rmi049_75idPLRPS_APA_NK_Cyto_F3_c.mzML	Human	23
PXD026129	20180821_rmi049_75idPLRPS_APA_NK_Nucl_F4_c.mzML	Human	23
PXD026129	20180821_rmi049_75idPLRPS_APA_NK_Nucl_F4_b.mzML	Human	23
PXD026129	20180821_rmi049_75idPLRPS_APA_NK_Nucl_F4_a.mzML	Human	23
PXD026129	20180817_rmi049_75idPLRPS_APA_NK_Cyto_F4_a.mzML	Human	23
PXD026129	20180821_rmi049_75idPLRPS_APA_NK_Nucl_F2_a.mzML	Human	23
PXD026129	20180821_rmi049_75idPLRPS_APA_NK_Nucl_F2_b.mzML	Human	23
PXD026129	20180821_rmi049_75idPLRPS_APA_NK_Nucl_F2_c.mzML	Human	23
PXD026129	20180817_rmi049_75idPLRPS_APA_NK_Cyto_F4_c.mzML	Human	23
PXD026129	20180817_rmi049_75idPLRPS_APA_NK_Cyto_F4_b.mzML	Human	23
PXD026129	20180821_rmi049_75idPLRPS_APA_NK_Nucl_F1_a.mzML	Human	23
PXD026129	20180821_rmi049_75idPLRPS_APA_NK_Nucl_F1_b.mzML	Human	23
PXD026129	20180821_rmi049_75idPLRPS_APA_NK_Nucl_F1_c.mzML	Human	23
PXD026130	20180927_rmi049_75idPLRPS_APA_Macrophage_Nuc_F4_b.mzML	Human	23
PXD026130	20180927_rmi049_75idPLRPS_APA_Macrophage_Nuc_F4_a.mzML	Human	23
PXD026130	20180927_rmi049_75idPLRPS_APA_Macrophage_Nuc_F4_c.mzML	Human	23
PXD026130	20180927_rmi049_75idPLRPS_APA_Macrophage_Nuc_F3_b.mzML	Human	23
PXD026130	20180927_rmi049_75idPLRPS_APA_Macrophage_Nuc_F3_c.mzML	Human	23
PXD026130	20180927_rmi049_75idPLRPS_APA_Macrophage_Nuc_F3_a.mzML	Human	23
PXD026130	20180927_rmi049_75idPLRPS_APA_Macrophage_Nuc_F2_c.mzML	Human	23
PXD026130	20180927_rmi049_75idPLRPS_APA_Macrophage_Nuc_F2_a.mzML	Human	23
PXD026130	20180927_rmi049_75idPLRPS_APA_Macrophage_Nuc_F2_b.mzML	Human	23
PXD026130	20180927_rmi049_75idPLRPS_APA_Macrophage_Nuc_F1_c.mzML	Human	23
PXD026130	20180927_rmi049_75idPLRPS_APA_Macrophage_Nuc_F1_b.mzML	Human	23
PXD026130	20180927_rmi049_75idPLRPS_APA_Macrophage_Nuc_F1_a.mzML	Human	23
PXD026130	20180920_rmi049_75idPLRPS_APA_Macrophage_Cyto_F4_c.mzML	Human	23
PXD026130	20180920_rmi049_75idPLRPS_APA_Macrophage_Cyto_F4_b.mzML	Human	23
PXD026130	20180920_rmi049_75idPLRPS_APA_Macrophage_Cyto_F4_a.mzML	Human	23
PXD026130	20180920_rmi049_75idPLRPS_APA_Macrophage_Cyto_F3_a.mzML	Human	23
PXD026130	20180920_rmi049_75idPLRPS_APA_Macrophage_Cyto_F3_b.mzML	Human	23
PXD026130	20180920_rmi049_75idPLRPS_APA_Macrophage_Cyto_F1_a.mzML	Human	23
PXD026130	20180920_rmi049_75idPLRPS_APA_Macrophage_Cyto_F1_c.mzML	Human	23
PXD026130	20180920_rmi049_75idPLRPS_APA_Macrophage_Cyto_F1_b.mzML	Human	23
PXD026130	20180920_rmi049_75idPLRPS_APA_Macrophage_Cyto_F3_c.mzML	Human	23
PXD026130	20180920_rmi049_75idPLRPS_APA_Macrophage_Cyto_F2_a.mzML	Human	23
PXD026130	20180920_rmi049_75idPLRPS_APA_Macrophage_Cyto_F2_b.mzML	Human	23
PXD026130	20180920_rmi049_75idPLRPS_APA_Macrophage_Cyto_F2_c.mzML	Human	23
PXD026131	20180929_rmi049_75idPLRPS_APA_DC_Nuc_F3_c.mzML	Human	23
PXD026131	20180929_rmi049_75idPLRPS_APA_DC_Nuc_F3_b.mzML	Human	23
PXD026131	20180929_rmi049_75idPLRPS_APA_DC_Nuc_F3_a.mzML	Human	23
PXD026131	20180929_rmi049_75idPLRPS_APA_DC_Nuc_F4_a.mzML	Human	23
PXD026131	20180929_rmi049_75idPLRPS_APA_DC_Nuc_F4_b.mzML	Human	23
PXD026131	20180923_rmi049_75idPLRPS_APA_DC_Cyto_F4_c.mzML	Human	23
PXD026131	20180929_rmi049_75idPLRPS_APA_DC_Nuc_F4_c.mzML	Human	23
PXD026131	20180923_rmi049_75idPLRPS_APA_DC_Cyto_F4_b.mzML	Human	23
PXD026131	20180923_rmi049_75idPLRPS_APA_DC_Cyto_F4_a.mzML	Human	23
PXD026131	20180923_rmi049_75idPLRPS_APA_DC_Cyto_F3_b.mzML	Human	23
PXD026131	20180923_rmi049_75idPLRPS_APA_DC_Cyto_F3_a.mzML	Human	23
PXD026131	20180923_rmi049_75idPLRPS_APA_DC_Cyto_F3_c.mzML	Human	23
PXD026131	20181002_rmi049_75idPLRPS_APA_DC_Nuc_F2_a.mzML	Human	23
PXD026131	20181002_rmi049_75idPLRPS_APA_DC_Nuc_F2_b.mzML	Human	23
PXD026131	20181002_rmi049_75idPLRPS_APA_DC_Nuc_F2_c.mzML	Human	23
PXD026131	20181002_rmi049_75idPLRPS_APA_DC_Nuc_F1_c.mzML	Human	23
PXD026131	20181002_rmi049_75idPLRPS_APA_DC_Nuc_F1_a.mzML	Human	23
PXD026131	20181002_rmi049_75idPLRPS_APA_DC_Nuc_F1_b.mzML	Human	23
PXD026131	20180923_rmi049_75idPLRPS_APA_DC_Cyto_F2_a.mzML	Human	23
PXD026131	20180923_rmi049_75idPLRPS_APA_DC_Cyto_F2_b.mzML	Human	23
PXD026131	20180923_rmi049_75idPLRPS_APA_DC_Cyto_F2_c.mzML	Human	23
PXD026131	20180923_rmi049_75idPLRPS_APA_DC_Cyto_F1_c.mzML	Human	23
PXD026131	20180923_rmi049_75idPLRPS_APA_DC_Cyto_F1_b.mzML	Human	23
PXD026131	20180923_rmi049_75idPLRPS_APA_DC_Cyto_F1_a.mzML	Human	23
PXD026132	LCA_11182018_APA_DS10_Eos_F8p2_01.mzML	Human	23
PXD026132	LCA_11182018_APA_DS10_Eos_F8p2_02.mzML	Human	23
PXD026132	LCA_11182018_APA_DS10_Eos_F7p2_02.mzML	Human	23
PXD026132	LCA_11182018_APA_DS10_Eos_F7p2_01.mzML	Human	23
PXD026132	20180925_rmi049_75idPLRPS_APA_EOS_Cyto_F4_a.mzML	Human	23
PXD026132	20180925_rmi049_75idPLRPS_APA_EOS_Cyto_F4_c.mzML	Human	23
PXD026132	20180925_rmi049_75idPLRPS_APA_EOS_Cyto_F4_b.mzML	Human	23
PXD026132	20180930_rmi049_75idPLRPS_APA_EOS_Nuc_F2_a.mzML	Human	23
PXD026132	20180930_rmi049_75idPLRPS_APA_EOS_Nuc_F4_b.mzML	Human	23
PXD026132	20180930_rmi049_75idPLRPS_APA_EOS_Nuc_F4_a.mzML	Human	23
PXD026132	20180930_rmi049_75idPLRPS_APA_EOS_Nuc_F4_c.mzML	Human	23
PXD026132	20180925_rmi049_75idPLRPS_APA_EOS_Cyto_F2_c.mzML	Human	23
PXD026132	20180925_rmi049_75idPLRPS_APA_EOS_Cyto_F2_b.mzML	Human	23
PXD026132	20180925_rmi049_75idPLRPS_APA_EOS_Cyto_F2_a.mzML	Human	23
PXD026132	20180925_rmi049_75idPLRPS_APA_EOS_Cyto_F3_a.mzML	Human	23
PXD026132	20180930_rmi049_75idPLRPS_APA_EOS_Nuc_F2_b.mzML	Human	23
PXD026132	20180930_rmi049_75idPLRPS_APA_EOS_Nuc_F1_c.mzML	Human	23
PXD026132	20180925_rmi049_75idPLRPS_APA_EOS_Cyto_F3_b.mzML	Human	23
PXD026132	20180925_rmi049_75idPLRPS_APA_EOS_Cyto_F3_c.mzML	Human	23
PXD026132	20180930_rmi049_75idPLRPS_APA_EOS_Nuc_F3_a.mzML	Human	23
PXD026132	20180930_rmi049_75idPLRPS_APA_EOS_Nuc_F1_b.mzML	Human	23
PXD026132	20180930_rmi049_75idPLRPS_APA_EOS_Nuc_F3_c.mzML	Human	23
PXD026132	20180930_rmi049_75idPLRPS_APA_EOS_Nuc_F3_b.mzML	Human	23
PXD026132	20180930_rmi049_75idPLRPS_APA_EOS_Nuc_F2_c.mzML	Human	23
PXD026132	20180930_rmi049_75idPLRPS_APA_EOS_Nuc_F1_a.mzML	Human	23
PXD026132	20180925_rmi049_75idPLRPS_APA_EOS_Cyto_F1_c.mzML	Human	23
PXD026132	20180925_rmi049_75idPLRPS_APA_EOS_Cyto_F1_a.mzML	Human	23
PXD026132	20180925_rmi049_75idPLRPS_APA_EOS_Cyto_F1_b.mzML	Human	23
PXD026133	081418_RVG262_PGAFF_RP4H_Neutros_200_FAIMS_CV_-20-10-0_051.mzML	Human	23
PXD026133	081418_RVG262_PGAFF_RP4H_Neutros_FT_FAIMS_CV_-20-10-0_047.mzML	Human	23
PXD026133	081418_RVG262_PGAFF_RP4H_Neutros_FT_FAIMS_CV_-50-40-30_046.mzML	Human	23
PXD026133	081418_RVG262_PGAFF_RP4H_Neutros_500_FAIMS_CV_-20-10-0_055.mzML	Human	23
PXD026133	081418_RVG262_PGAFF_RP4H_Neutros_200_FAIMS_CV_-50-40-30_050.mzML	Human	23
PXD026133	081418_RVG262_PGAFF_RP4H_Neutros_1000_FAIMS_CV_-20-10-0_061.mzML	Human	23
PXD026133	081418_RVG262_PGAFF_RP4H_Neutros_1000_FAIMS_CV_-50-40-30_060.mzML	Human	23
PXD026133	081418_RVG262_PGAFF_RP4H_Neutros_FT_FAIMS_CV_-120_031.mzML	Human	23
PXD026133	081418_RVG262_PGAFF_RP4H_Neutros_500__FAIMS_CV_-50-40-30_054.mzML	Human	23
PXD026133	081418_RVG262_PGAFF_RP4H_Neutros_FT_FAIMS_CV_-110_034.mzML	Human	23
PXD026133	081418_RVG262_PGAFF_RP4H_Neutros_FT_FAIMS_CV_-100_036.mzML	Human	23
PXD026133	081418_RVG262_PGAFF_RP4H_Neutros_FT_FAIMS_CV_-90_038.mzML	Human	23
PXD026133	081418_RVG262_PGAFF_RP4H_Neutros_FT_FAIMS_CV_-80_032.mzML	Human	23
PXD026133	081418_RVG262_PGAFF_RP4H_Neutros_FT_FAIMS_CV_60_029.mzML	Human	23
PXD026133	081418_RVG262_PGAFF_RP4H_Neutros_1000_FAIMS_CV__10_20_30_120K_60K_064.mzML	Human	23
PXD026133	081418_RVG262_PGAFF_RP4H_Neutros_FT_FAIMS_CV_50_033.mzML	Human	23
PXD026133	081418_RVG262_PGAFF_RP4H_Neutros_500_FAIMS_CV__10_20_30_120K_60K_058.mzML	Human	23
PXD026133	081418_RVG262_PGAFF_RP4H_Neutros_FT_FAIMS_CV_40_027.mzML	Human	23
PXD026133	081418_RVG262_PGAFF_RP4H_Neutros_FT_FAIMS_CV__10_20_30_120K_60K_067.mzML	Human	23
PXD026133	081418_RVG262_PGAFF_RP4H_Neutros_FT_FAIMS_CV_20_025.mzML	Human	23
PXD026133	081418_RVG262_PGAFF_RP4H_Neutros_FT_FAIMS_CV_0_024.mzML	Human	23
PXD026133	081418_RVG262_PGAFF_RP4H_Neutros_FT_FAIMS_CV_-70_042.mzML	Human	23
PXD026133	081418_RVG262_PGAFF_RP4H_Neutros_1000_FAIMS_CV__10_20_30_60K_60K_063.mzML	Human	23
PXD026133	081418_RVG262_PGAFF_RP4H_Neutros_200_FAIMS_CV_10_20_30_60K_60K_069.mzML	Human	23
PXD026133	081418_RVG262_PGAFF_RP4H_Neutros_FT_FAIMS_CV_30_035.mzML	Human	23
PXD026133	081418_RVG262_PGAFF_RP4H_Neutros_FT_FAIMS_CV_10_037.mzML	Human	23
PXD026133	081418_RVG262_PGAFF_RP4H_Neutros_FT_FAIMS_CV__10_20_30_60K_60K_066.mzML	Human	23
PXD026133	081418_RVG262_PGAFF_RP4H_Neutros_FT_FAIMS_CV_-60_030.mzML	Human	23
PXD026133	081418_RVG262_PGAFF_RP4H_Neutros_500_FAIMS_CV__10_20_30_60K_60K_057.mzML	Human	23
PXD026133	081418_RVG262_PGAFF_RP4H_Neutros_FT_FAIMS_CV_-40_028.mzML	Human	23
PXD026133	081418_RVG262_PGAFF_RP4H_Neutros_1000_FAIMS_CV__10_20_30_60K_30K_062.mzML	Human	23
PXD026133	081418_RVG262_PGAFF_RP4H_Neutros_FT_FAIMS_CV_-20_026.mzML	Human	23
PXD026133	081418_RVG262_PGAFF_RP4H_Neutros_FT_FAIMS_CV_-30_041.mzML	Human	23
PXD026133	081418_RVG262_PGAFF_RP4H_Neutros_200_FAIMS_CV__10_20_30_60K_30K_052.mzML	Human	23
PXD026133	081418_RVG262_PGAFF_RP4H_Neutros_FT_FAIMS_CV__10_20_30_60K_30K_048.mzML	Human	23
PXD026133	081418_RVG262_PGAFF_RP4H_Neutros_500_FAIMS_CV__10_20_30_60K_30K_056.mzML	Human	23
PXD026134	20181022_rmi049_75idPLRPS_APA_Mono_Nuc_F4_a.mzML	Human	23
PXD026134	20181022_rmi049_75idPLRPS_APA_Mono_Nuc_F4_b.mzML	Human	23
PXD026134	20181022_rmi049_75idPLRPS_APA_Mono_Nuc_F4_c.mzML	Human	23
PXD026134	20181010_rmi049_75idPLRPS_APA_Mono_Cyto_F4_a.mzML	Human	23
PXD026134	20181022_rmi049_75idPLRPS_APA_Mono_Nuc_F3_b.mzML	Human	23
PXD026134	20181010_rmi049_75idPLRPS_APA_Mono_Cyto_F4_c.mzML	Human	23
PXD026134	20181022_rmi049_75idPLRPS_APA_Mono_Nuc_F3_c.mzML	Human	23
PXD026134	20181022_rmi049_75idPLRPS_APA_Mono_Nuc_F3_a.mzML	Human	23
PXD026134	20181010_rmi049_75idPLRPS_APA_Mono_Cyto_F4_b.mzML	Human	23
PXD026134	20181010_rmi049_75idPLRPS_APA_Mono_Cyto_F3_a.mzML	Human	23
PXD026134	20181010_rmi049_75idPLRPS_APA_Mono_Cyto_F3_c.mzML	Human	23
PXD026134	20181010_rmi049_75idPLRPS_APA_Mono_Cyto_F3_b.mzML	Human	23
PXD026134	20181022_rmi049_75idPLRPS_APA_Mono_Nuc_F2_a.mzML	Human	23
PXD026134	20181022_rmi049_75idPLRPS_APA_Mono_Nuc_F2_b.mzML	Human	23
PXD026134	20181022_rmi049_75idPLRPS_APA_Mono_Nuc_F2_c.mzML	Human	23
PXD026134	20181022_rmi049_75idPLRPS_APA_Mono_Nuc_F1_c.mzML	Human	23
PXD026134	20181010_rmi049_75idPLRPS_APA_Mono_Cyto_F2_a.mzML	Human	23
PXD026134	20181022_rmi049_75idPLRPS_APA_Mono_Nuc_F1_b.mzML	Human	23
PXD026134	20181010_rmi049_75idPLRPS_APA_Mono_Cyto_F2_c.mzML	Human	23
PXD026134	20181010_rmi049_75idPLRPS_APA_Mono_Cyto_F2_b.mzML	Human	23
PXD026134	20181010_rmi049_75idPLRPS_APA_Mono_Cyto_F1_a.mzML	Human	23
PXD026134	20181010_rmi049_75idPLRPS_APA_Mono_Cyto_F1_b.mzML	Human	23
PXD026134	20181010_rmi049_75idPLRPS_APA_Mono_Cyto_F1_c.mzML	Human	23
PXD026134	20181022_rmi049_75idPLRPS_APA_Mono_Nuc_F1_a.mzML	Human	23
PXD026135	20181018_rmi049_75idPLRPS_APA_T-Reg_Cyto_F2_c.mzML	Human	23
PXD026135	20181018_rmi049_75idPLRPS_APA_T-Reg_Cyto_F1_b.mzML	Human	23
PXD026135	20181018_rmi049_75idPLRPS_APA_T-Reg_Cyto_F2_a.mzML	Human	23
PXD026135	20181018_rmi049_75idPLRPS_APA_T-Reg_Cyto_F2_b.mzML	Human	23
PXD026135	20181018_rmi049_75idPLRPS_APA_T-Reg_Cyto_F1_c.mzML	Human	23
PXD026135	20181018_rmi049_75idPLRPS_APA_T-Reg_Cyto_F1_a.mzML	Human	23
PXD026135	LCA_11182018_APA_DS17_Treg_F7p2_01.mzML	Human	23
PXD026135	LCA_11182018_APA_DS17_Treg_F7p2_02.mzML	Human	23
PXD026135	LCA_11182018_APA_DS17_Treg_F8p2_01.mzML	Human	23
PXD026135	LCA_11182018_APA_DS17_Treg_F8p2_02.mzML	Human	23
PXD026135	20181018_rmi049_75idPLRPS_APA_T-Reg_Cyto_F3_a.mzML	Human	23
PXD026135	20181018_rmi049_75idPLRPS_APA_T-Reg_Cyto_F3_b.mzML	Human	23
PXD026135	20181018_rmi049_75idPLRPS_APA_T-Reg_Cyto_F3_c.mzML	Human	23
PXD026135	20181121_rmi049_75idPLRPS_APA_Treg_Cyto_F2_b.mzML	Human	23
PXD026135	20181121_rmi049_75idPLRPS_APA_Treg_Cyto_F2_c.mzML	Human	23
PXD026135	20181121_rmi049_75idPLRPS_APA_Treg_Cyto_F2_a.mzML	Human	23
PXD026135	20181121_rmi049_75idPLRPS_APA_Treg_Cyto_F1_b.mzML	Human	23
PXD026135	20181121_rmi049_75idPLRPS_APA_Treg_Cyto_F1_c.mzML	Human	23
PXD026135	20181018_rmi049_75idPLRPS_APA_T-Reg_Cyto_F4_a.mzML	Human	23
PXD026135	20181018_rmi049_75idPLRPS_APA_T-Reg_Cyto_F4_b.mzML	Human	23
PXD026135	20181018_rmi049_75idPLRPS_APA_T-Reg_Cyto_F4_c.mzML	Human	23
PXD026135	20181121_rmi049_75idPLRPS_APA_Treg_Cyto_F1_a.mzML	Human	23
PXD026135	20181121_rmi049_75idPLRPS_APA_Treg_Cyto_F3_a.mzML	Human	23
PXD026135	20181121_rmi049_75idPLRPS_APA_Treg_Cyto_F3_c.mzML	Human	23
PXD026135	20181121_rmi049_75idPLRPS_APA_Treg_Cyto_F3_b.mzML	Human	23
PXD026135	20181121_rmi049_75idPLRPS_APA_Treg_Cyto_F4_a.mzML	Human	23
PXD026135	20181121_rmi049_75idPLRPS_APA_Treg_Cyto_F4_b.mzML	Human	23
PXD026135	20181121_rmi049_75idPLRPS_APA_Treg_Cyto_F4_c.mzML	Human	23
PXD026135	20181020_rmi049_75idPLRPS_APA_T-Reg_Nuc_F4_c.mzML	Human	23
PXD026135	20181020_rmi049_75idPLRPS_APA_T-Reg_Nuc_F4_b.mzML	Human	23
PXD026135	20181020_rmi049_75idPLRPS_APA_T-Reg_Nuc_F4_a.mzML	Human	23
PXD026135	20181020_rmi049_75idPLRPS_APA_T-Reg_Nuc_F3_c.mzML	Human	23
PXD026135	20181020_rmi049_75idPLRPS_APA_T-Reg_Nuc_F3_a.mzML	Human	23
PXD026135	20181020_rmi049_75idPLRPS_APA_T-Reg_Nuc_F3_b.mzML	Human	23
PXD026135	20181020_rmi049_75idPLRPS_APA_T-Reg_Nuc_F2_a.mzML	Human	23
PXD026135	20181020_rmi049_75idPLRPS_APA_T-Reg_Nuc_F2_c.mzML	Human	23
PXD026135	20181020_rmi049_75idPLRPS_APA_T-Reg_Nuc_F2_b.mzML	Human	23
PXD026135	20181020_rmi049_75idPLRPS_APA_T-Reg_Nuc_F1_a.mzML	Human	23
PXD026135	20181020_rmi049_75idPLRPS_APA_T-Reg_Nuc_F1_c.mzML	Human	23
PXD026135	20181020_rmi049_75idPLRPS_APA_T-Reg_Nuc_F1_b.mzML	Human	23
PXD026143	20170309_ksn5514_FACS_BC_RP4H_10547771_B_SEP_biorep_02_techrep_02.mzML	Human	23
PXD026143	20170309_ksn5514_FACS_BC_RP4H_10547771_D2_B_SEP_tech_rep_02.mzML	Human	23
PXD026143	20170309_ksn5514_FACS_BC_RP4H_10547771_B_SEP_biorep_02_techrep_01.mzML	Human	23
PXD026143	20170309_ksn5514_FACS_BC_RP4H_10547771_D2_B_SEP_tech_rep_01.mzML	Human	23
PXD026143	20170309_ksn5514_FACS_BC_RP4H_10547771_B_SEP_biorep_02_techrep_03.mzML	Human	23
PXD026143	20170309_ksn5514_FACS_BC_RP4H_10547771_D2_B_SEP_tech_rep_03.mzML	Human	23
PXD026143	20170309_ksn5514_FACS_BC_RP4H_10547771_B_SEP_biorep_01_techrep_01.mzML	Human	23
PXD026143	20170309_ksn5514_FACS_BC_RP4H_10547771_D1_B_SEP_tech_rep_01.mzML	Human	23
PXD026143	20170309_ksn5514_FACS_BC_RP4H_10547771_D1_B_SEP_tech_rep_02.mzML	Human	23
PXD026143	20170309_ksn5514_FACS_BC_RP4H_10547771_D3_B_SEP_tech_rep_01.mzML	Human	23
PXD026143	20170309_ksn5514_FACS_BC_RP4H_10547771_B_SEP_biorep_03_techrep_03.mzML	Human	23
PXD026143	20170309_ksn5514_FACS_BC_RP4H_10547771_D3_B_SEP_tech_rep_03.mzML	Human	23
PXD026143	20170309_ksn5514_FACS_BC_RP4H_10547771_B_SEP_biorep_03_techrep_02.mzML	Human	23
PXD026143	20170309_ksn5514_FACS_BC_RP4H_10547771_D3_B_SEP_tech_rep_02.mzML	Human	23
PXD026143	20170309_ksn5514_FACS_BC_RP4H_10547771_B_SEP_biorep_01_techrep_03.mzML	Human	23
PXD026143	20170309_ksn5514_FACS_BC_RP4H_10547771_D1_B_SEP_tech_rep_03.mzML	Human	23
PXD026143	20170309_ksn5514_FACS_BC_RP4H_10547771_B_SEP_biorep_01_techrep_02.mzML	Human	23
PXD026144	20170307_ksn5514_FACS_BC_RP4H_10547771_D1_B_FACS_tech_rep_03.mzML	Human	23
PXD026144	20170307_ksn5514_FACS_BC_RP4H_10547771_D2_B_FACS_tech_rep_01.mzML	Human	23
PXD026144	20170309_ksn5514_FACS_BC_RP4H_10547771_D1_B_FACS_tech_rep_01.mzML	Human	23
PXD026144	20170309_ksn5514_FACS_BC_RP4H_10547771_B_FACS_biorep_03_techrep_03.mzML	Human	23
PXD026144	20170309_ksn5514_FACS_BC_RP4H_10547771_D3_B_FACS_tech_rep_03.mzML	Human	23
PXD026144	20170309_ksn5514_FACS_BC_RP4H_10547771_D3_B_FACS_tech_rep_02.mzML	Human	23
PXD026144	20170309_ksn5514_FACS_BC_RP4H_10547771_B_FACS_biorep_02_techrep_03.mzML	Human	23
PXD026144	20170309_ksn5514_FACS_BC_RP4H_10547771_D2_B_FACS_tech_rep_03.mzML	Human	23
PXD026144	20170309_ksn5514_FACS_BC_RP4H_10547771_B_FACS_biorep_01_techrep_01.mzML	Human	23
PXD026144	20170309_ksn5514_FACS_BC_RP4H_10547771_B_FACS_biorep_01_techrep_02.mzML	Human	23
PXD026144	20170309_ksn5514_FACS_BC_RP4H_10547771_D1_B_FACS_tech_rep_02.mzML	Human	23
PXD026144	20170309_ksn5514_FACS_BC_RP4H_10547771_D3_B_FACS_tech_rep_01.mzML	Human	23
PXD026144	20170309_ksn5514_FACS_BC_RP4H_10547771_D2_B_FACS_tech_rep_02.mzML	Human	23
PXD026145	20170307_ksn5514_FACS_BC_RP4H_10547771_D2_T_SEP_tech_rep_01.mzML	Human	23
PXD026145	20170307_ksn5514_FACS_BC_RP4H_10547771_D3_T_SEP_tech_rep_02.mzML	Human	23
PXD026145	20170307_ksn5514_FACS_BC_RP4H_10547771_D2_T_SEP_tech_rep_03.mzML	Human	23
PXD026145	20170307_ksn5514_FACS_BC_RP4H_10547771_D3_T_SEP_tech_rep_01.mzML	Human	23
PXD026145	20170307_ksn5514_FACS_BC_RP4H_10547771_D2_T_SEP_tech_rep_02.mzML	Human	23
PXD026145	20170309_ksn5514_FACS_BC_RP4H_10547771_D1_T_SEP_tech_rep_01.mzML	Human	23
PXD026145	20170309_ksn5514_FACS_BC_RP4H_10547771_D3_T_SEP_tech_rep_03.mzML	Human	23
PXD026145	20170309_ksn5514_FACS_BC_RP4H_10547771_T_SEP_biorep_03_techrep_03.mzML	Human	23
PXD026145	20170309_ksn5514_FACS_BC_RP4H_10547771_T_SEP_biorep_01_techrep_01.mzML	Human	23
PXD026145	20170309_ksn5514_FACS_BC_RP4H_10547771_D1_T_SEP_tech_rep_03.mzML	Human	23
PXD026145	20170309_ksn5514_FACS_BC_RP4H_10547771_T_SEP_biorep_01_techrep_03.mzML	Human	23
PXD026145	20170309_ksn5514_FACS_BC_RP4H_10547771_D1_T_SEP_tech_rep_02.mzML	Human	23
PXD026145	20170309_ksn5514_FACS_BC_RP4H_10547771_T_SEP_biorep_01_techrep_02.mzML	Human	23
PXD026146	20170307_ksn5514_FACS_BC_RP4H_10547771_D3_T_FACS_tech_rep_03.mzML	Human	23
PXD026146	20170307_ksn5514_FACS_BC_RP4H_10547771_D3_T_FACS_tech_rep_02.mzML	Human	23
PXD026146	20170309_ksn5514_FACS_BC_RP4H_10547771_D2_T_FACS_tech_rep_01.mzML	Human	23
PXD026146	20170309_ksn5514_FACS_BC_RP4H_10547771_D3_T_FACS_tech_rep_01.mzML	Human	23
PXD026146	20170309_ksn5514_FACS_BC_RP4H_10547771_D3_T_FACS_tech_rep_03.mzML	Human	23
PXD026146	20170309_ksn5514_FACS_BC_RP4H_10547771_T_FACS_biorep_03_techrep_03.mzML	Human	23
PXD026146	20170309_ksn5514_FACS_BC_RP4H_10547771_D3_T_FACS_tech_rep_02.mzML	Human	23
PXD026146	20170309_ksn5514_FACS_BC_RP4H_10547771_T_FACS_biorep_03_techrep_02.mzML	Human	23
PXD026146	20170309_ksn5514_FACS_BC_RP4H_10547771_D2_T_FACS_tech_rep_03.mzML	Human	23
PXD026146	20170309_ksn5514_FACS_BC_RP4H_10547771_T_FACS_biorep_02_techrep_03.mzML	Human	23
PXD026146	20170309_ksn5514_FACS_BC_RP4H_10547771_T_FACS_biorep_02_techrep_01.mzML	Human	23
PXD026146	20170309_ksn5514_FACS_BC_RP4H_10547771_D2_T_FACS_tech_rep_02.mzML	Human	23
PXD026146	20170309_ksn5514_FACS_BC_RP4H_10547771_T_FACS_biorep_02_techrep_02.mzML	Human	23
PXD026146	20170309_ksn5514_FACS_BC_RP4H_10547771_D1_T_FACS_tech_rep_01.mzML	Human	23
PXD026146	20170309_ksn5514_FACS_BC_RP4H_10547771_T_FACS_biorep_01_techrep_01.mzML	Human	23
PXD026146	20170309_ksn5514_FACS_BC_RP4H_10547771_D1_T_FACS_tech_rep_02.mzML	Human	23
PXD026146	20170309_ksn5514_FACS_BC_RP4H_10547771_T_FACS_biorep_01_techrep_02.mzML	Human	23
PXD026146	20170309_ksn5514_FACS_BC_RP4H_10547771_D1_T_FACS_tech_rep_03.mzML	Human	23
PXD026146	20170309_ksn5514_FACS_BC_RP4H_10547771_T_FACS_biorep_01_techrep_03.mzML	Human	23
PXD026149	20181030_rmi049_75idPLRPS_APA_CD3_IEX_500_F4_c.mzML	Human	23
PXD026149	20181101_rmi049_75idPLRPS_APA_CD3_IEX_1M_F4_c.mzML	Human	23
PXD026149	20181101_rmi049_75idPLRPS_APA_CD3_IEX_1M_F4_a.mzML	Human	23
PXD026149	20180828_rmi049_75idPLRPS_APA_CD3_IEX_200_F4_c.mzML	Human	23
PXD026149	20180828_rmi049_75idPLRPS_APA_CD3_IEX_200_F4_a.mzML	Human	23
PXD026149	20181101_rmi049_75idPLRPS_APA_CD3_IEX_1M_F4_b.mzML	Human	23
PXD026149	20180828_rmi049_75idPLRPS_APA_CD3_IEX_200_F4_b.mzML	Human	23
PXD026149	20181030_rmi049_75idPLRPS_APA_CD3_IEX_500_F4_a.mzML	Human	23
PXD026149	20181030_rmi049_75idPLRPS_APA_CD3_IEX_500_F4_b.mzML	Human	23
PXD026149	20181030_rmi049_75idPLRPS_APA_CD3_IEX_500_F3_a.mzML	Human	23
PXD026149	20181030_rmi049_75idPLRPS_APA_CD3_IEX_500_F3_c.mzML	Human	23
PXD026149	20181030_rmi049_75idPLRPS_APA_CD3_IEX_500_F3_b.mzML	Human	23
PXD026149	20181101_rmi049_75idPLRPS_APA_CD3_IEX_1M_F3_a.mzML	Human	23
PXD026149	20181101_rmi049_75idPLRPS_APA_CD3_IEX_1M_F3_c.mzML	Human	23
PXD026149	20180826_rmi049_75idPLRPS_APA_CD3_IEX_FT_F4_c.mzML	Human	23
PXD026149	20180826_rmi049_75idPLRPS_APA_CD3_IEX_FT_F4_b.mzML	Human	23
PXD026149	20181101_rmi049_75idPLRPS_APA_CD3_IEX_1M_F3_b.mzML	Human	23
PXD026149	20180826_rmi049_75idPLRPS_APA_CD3_IEX_FT_F4_a.mzML	Human	23
PXD026149	20180828_rmi049_75idPLRPS_APA_CD3_IEX_200_F3_a.mzML	Human	23
PXD026149	20180828_rmi049_75idPLRPS_APA_CD3_IEX_200_F3_c.mzML	Human	23
PXD026149	20180828_rmi049_75idPLRPS_APA_CD3_IEX_200_F3_b.mzML	Human	23
PXD026149	20180826_rmi049_75idPLRPS_APA_CD3_IEX_FT_F3_a.mzML	Human	23
PXD026149	20180826_rmi049_75idPLRPS_APA_CD3_IEX_FT_F3_b.mzML	Human	23
PXD026149	20180826_rmi049_75idPLRPS_APA_CD3_IEX_FT_F3_c.mzML	Human	23
PXD026149	20181101_rmi049_75idPLRPS_APA_CD3_IEX_1M_F2_c.mzML	Human	23
PXD026149	20181101_rmi049_75idPLRPS_APA_CD3_IEX_1M_F2_b.mzML	Human	23
PXD026149	20181101_rmi049_75idPLRPS_APA_CD3_IEX_1M_F2_a.mzML	Human	23
PXD026149	20180828_rmi049_75idPLRPS_APA_CD3_IEX_200_F2_a.mzML	Human	23
PXD026149	20181030_rmi049_75idPLRPS_APA_CD3_IEX_500_F2_b.mzML	Human	23
PXD026149	20181030_rmi049_75idPLRPS_APA_CD3_IEX_500_F2_c.mzML	Human	23
PXD026149	20180828_rmi049_75idPLRPS_APA_CD3_IEX_200_F2_c.mzML	Human	23
PXD026149	20180828_rmi049_75idPLRPS_APA_CD3_IEX_200_F2_b.mzML	Human	23
PXD026149	20181030_rmi049_75idPLRPS_APA_CD3_IEX_500_F2_a.mzML	Human	23
PXD026149	20180828_rmi049_75idPLRPS_APA_CD3_IEX_200_F1_c.mzML	Human	23
PXD026149	20180828_rmi049_75idPLRPS_APA_CD3_IEX_200_F1_b.mzML	Human	23
PXD026149	20180826_rmi049_75idPLRPS_APA_CD3_IEX_FT_F2_c.mzML	Human	23
PXD026149	20180828_rmi049_75idPLRPS_APA_CD3_IEX_200_F1_a.mzML	Human	23
PXD026149	20180826_rmi049_75idPLRPS_APA_CD3_IEX_FT_F2_b.mzML	Human	23
PXD026149	20180826_rmi049_75idPLRPS_APA_CD3_IEX_FT_F2_a.mzML	Human	23
PXD026149	20180826_rmi049_75idPLRPS_APA_CD3_IEX_FT_F1_a.mzML	Human	23
PXD026149	20180826_rmi049_75idPLRPS_APA_CD3_IEX_FT_F1_c.mzML	Human	23
PXD026149	20180826_rmi049_75idPLRPS_APA_CD3_IEX_FT_F1_b.mzML	Human	23
PXD026149	20181030_rmi049_75idPLRPS_APA_CD3_IEX_500_F1_a.mzML	Human	23
PXD026149	20181030_rmi049_75idPLRPS_APA_CD3_IEX_500_F1_c.mzML	Human	23
PXD026149	20181030_rmi049_75idPLRPS_APA_CD3_IEX_500_F1_b.mzML	Human	23
PXD026149	20181101_rmi049_75idPLRPS_APA_CD3_IEX_1M_F1_a.mzML	Human	23
PXD026149	20181101_rmi049_75idPLRPS_APA_CD3_IEX_1M_F1_c.mzML	Human	23
PXD026149	20181101_rmi049_75idPLRPS_APA_CD3_IEX_1M_F1_b.mzML	Human	23
PXD026150	20181103_rmi049_75idPLRPS_APA_Platelets_GF12_F4_b.mzML	Human	23
PXD026150	20181103_rmi049_75idPLRPS_APA_Platelets_GF12_F4_a.mzML	Human	23
PXD026150	20181103_rmi049_75idPLRPS_APA_Platelets_GF12_F4_c.mzML	Human	23
PXD026150	20181103_rmi049_75idPLRPS_APA_Platelets_GF12_F3_b.mzML	Human	23
PXD026150	20181103_rmi049_75idPLRPS_APA_Platelets_GF12_F3_c.mzML	Human	23
PXD026150	20181103_rmi049_75idPLRPS_APA_Platelets_GF12_F3_a.mzML	Human	23
PXD026150	20181103_rmi049_75idPLRPS_APA_Platelets_GF12_F1_c.mzML	Human	23
PXD026150	20181103_rmi049_75idPLRPS_APA_Platelets_GF12_F2_c.mzML	Human	23
PXD026150	20181103_rmi049_75idPLRPS_APA_Platelets_GF12_F2_b.mzML	Human	23
PXD026150	20181103_rmi049_75idPLRPS_APA_Platelets_GF12_F2_a.mzML	Human	23
PXD026150	20181103_rmi049_75idPLRPS_APA_Platelets_GF12_F1_a.mzML	Human	23
PXD026150	20181103_rmi049_75idPLRPS_APA_Platelets_GF12_F1_b.mzML	Human	23
PXD026151	20181116_rmi049_75idPLRPS_APA_Platelets_PM_F6_c.mzML	Human	23
PXD026151	20181116_rmi049_75idPLRPS_APA_Platelets_PM_F6_b.mzML	Human	23
PXD026151	20181116_rmi049_75idPLRPS_APA_Platelets_PM_F6_a.mzML	Human	23
PXD026151	20181116_rmi049_75idPLRPS_APA_Platelets_PM_F5_c.mzML	Human	23
PXD026151	20181116_rmi049_75idPLRPS_APA_Platelets_PM_F5_b.mzML	Human	23
PXD026151	20181116_rmi049_75idPLRPS_APA_Platelets_PM_F5_a.mzML	Human	23
PXD026151	20181116_rmi049_75idPLRPS_APA_Platelets_PM_F9_b.mzML	Human	23
PXD026151	20181116_rmi049_75idPLRPS_APA_Platelets_PM_F9_a.mzML	Human	23
PXD026151	20181116_rmi049_75idPLRPS_APA_Platelets_PM_F8_c.mzML	Human	23
PXD026151	20181116_rmi049_75idPLRPS_APA_Platelets_PM_F8_b.mzML	Human	23
PXD026151	20181116_rmi049_75idPLRPS_APA_Platelets_PM_F8_a.mzML	Human	23
PXD026151	20181116_rmi049_75idPLRPS_APA_Platelets_PM_F7_a.mzML	Human	23
PXD026151	20181116_rmi049_75idPLRPS_APA_Platelets_PM_F4_c.mzML	Human	23
PXD026151	20181116_rmi049_75idPLRPS_APA_Platelets_PM_F9_c.mzML	Human	23
PXD026151	20181116_rmi049_75idPLRPS_APA_Platelets_PM_F7_c.mzML	Human	23
PXD026151	20181116_rmi049_75idPLRPS_APA_Platelets_PM_F7_b.mzML	Human	23
PXD026151	20181116_rmi049_75idPLRPS_APA_Platelets_PM_F4_b.mzML	Human	23
PXD026151	20181116_rmi049_75idPLRPS_APA_Platelets_PM_F4_a.mzML	Human	23
PXD026151	20181116_rmi049_75idPLRPS_APA_Platelets_PM_F3_c.mzML	Human	23
PXD026151	20181116_rmi049_75idPLRPS_APA_Platelets_PM_F3_a.mzML	Human	23
PXD026151	20181116_rmi049_75idPLRPS_APA_Platelets_PM_F3_b.mzML	Human	23
PXD026151	20181116_rmi049_75idPLRPS_APA_Platelets_PM_F2_a.mzML	Human	23
PXD026151	20181116_rmi049_75idPLRPS_APA_Platelets_PM_F2_c.mzML	Human	23
PXD026151	20181116_rmi049_75idPLRPS_APA_Platelets_PM_F2_b.mzML	Human	23
PXD026151	20181116_rmi049_75idPLRPS_APA_Platelets_PM_F1_a.mzML	Human	23
PXD026151	20181116_rmi049_75idPLRPS_APA_Platelets_PM_F1_c.mzML	Human	23
PXD026151	20181116_rmi049_75idPLRPS_APA_Platelets_PM_F1_b.mzML	Human	23
PXD026156	20181105_rmi049_75idPLRPS_APA_CD34_Cyto_F3_b_2.mzML	Human	23
PXD026156	20181107_rmi049_75idPLRPS_APA_CD34_Nuc_F4_a.mzML	Human	23
PXD026156	20181107_rmi049_75idPLRPS_APA_CD34_Nuc_F4_c.mzML	Human	23
PXD026156	20181107_rmi049_75idPLRPS_APA_CD34_Nuc_F4_b.mzML	Human	23
PXD026156	20181107_rmi049_75idPLRPS_APA_CD34_Nuc_F3_c.mzML	Human	23
PXD026156	20181107_rmi049_75idPLRPS_APA_CD34_Nuc_F3_b.mzML	Human	23
PXD026156	20181107_rmi049_75idPLRPS_APA_CD34_Nuc_F3_a.mzML	Human	23
PXD026156	20181107_rmi049_75idPLRPS_APA_CD34_Nuc_F2_c.mzML	Human	23
PXD026156	20181105_rmi049_75idPLRPS_APA_CD34_Cyto_F4_b.mzML	Human	23
PXD026156	20181105_rmi049_75idPLRPS_APA_CD34_Cyto_F4_c.mzML	Human	23
PXD026156	20181107_rmi049_75idPLRPS_APA_CD34_Nuc_F2_b.mzML	Human	23
PXD026156	20181105_rmi049_75idPLRPS_APA_CD34_Cyto_F3_b.mzML	Human	23
PXD026156	20181105_rmi049_75idPLRPS_APA_CD34_Cyto_F4_a.mzML	Human	23
PXD026156	20181107_rmi049_75idPLRPS_APA_CD34_Nuc_F2_a.mzML	Human	23
PXD026156	20181105_rmi049_75idPLRPS_APA_CD34_Cyto_F3_a.mzML	Human	23
PXD026156	20181107_rmi049_75idPLRPS_APA_CD34_Nuc_F1_c.mzML	Human	23
PXD026156	20181105_rmi049_75idPLRPS_APA_CD34_Cyto_F3_c.mzML	Human	23
PXD026156	20181105_rmi049_75idPLRPS_APA_CD34_Cyto_F2_a.mzML	Human	23
PXD026156	20181107_rmi049_75idPLRPS_APA_CD34_Nuc_F1_b.mzML	Human	23
PXD026156	20181105_rmi049_75idPLRPS_APA_CD34_Cyto_F2_b.mzML	Human	23
PXD026156	20181107_rmi049_75idPLRPS_APA_CD34_Nuc_F1_a.mzML	Human	23
PXD026156	20181105_rmi049_75idPLRPS_APA_CD34_Cyto_F2_c.mzML	Human	23
PXD026156	20181105_rmi049_75idPLRPS_APA_CD34_Cyto_F1_c.mzML	Human	23
PXD026156	20181105_rmi049_75idPLRPS_APA_CD34_Cyto_F1_b.mzML	Human	23
PXD026156	20181105_rmi049_75idPLRPS_APA_CD34_Cyto_F1_a.mzML	Human	23
PXD026157	20190107_rvg262_75idPLRPS_APA_CD3_F2_T3_20190108192909.mzML	Human	23
PXD026157	20190107_rvg262_75idPLRPS_APA_CD3_F2_T2_20190108175514.mzML	Human	23
PXD026157	20190107_rvg262_75idPLRPS_APA_CD3_F2_T1_20190108160401.mzML	Human	23
PXD026157	20190107_rvg262_75idPLRPS_APA_CD3_F1_T3_20190109093408.mzML	Human	23
PXD026157	20190107_rvg262_75idPLRPS_APA_CD3_F1_T2_20190109080009.mzML	Human	23
PXD026157	20190107_rvg262_75idPLRPS_APA_CD3_F1_T1_20190109062616.mzML	Human	23
PXD026157	20190107_rvg262_75idPLRPS_APA_CD3_F1_T3.mzML	Human	23
PXD026157	20190107_rvg262_75idPLRPS_APA_CD3_F1_T1_20190107161827.mzML	Human	23
PXD026157	20190107_rvg262_75idPLRPS_APA_CD3_F1_T2.mzML	Human	23
PXD026159	20181120_rmi049_75idPLRPS_APA_RBC_Water-U_grad22-45_a.mzML	Human	23
PXD026159	20181120_rmi049_75idPLRPS_APA_RBC_Water_grad28-38_a.mzML	Human	23
PXD026159	20181120_rmi049_75idPLRPS_APA_RBC_Water-U_grad28-38_a.mzML	Human	23
PXD026159	20181120_rmi049_75idPLRPS_APA_RBC_Water_a.mzML	Human	23
PXD026159	20181120_rmi049_75idPLRPS_APA_RBC_Water_grad25-40_a.mzML	Human	23
PXD026159	20181120_rmi049_75idPLRPS_APA_RBC_Water_grad22-45_a.mzML	Human	23
PXD026160	20190225_rmi049_75idPLRPS_APA_Mono_CD14_CD16-_Neg_Nuc_F2_a.mzML	Human	23
PXD026160	20190225_rmi049_75idPLRPS_APA_Mono_CD14_CD16-_Neg_Nuc_F3_b.mzML	Human	23
PXD026160	20190225_rmi049_75idPLRPS_APA_Mono_CD14_CD16-_Neg_Nuc_F3_c.mzML	Human	23
PXD026160	20190225_rmi049_75idPLRPS_APA_Mono_CD14_CD16-_Neg_Nuc_F3_a.mzML	Human	23
PXD026160	20190225_rmi049_75idPLRPS_APA_Mono_CD14_CD16-_Neg_Nuc_F2_b.mzML	Human	23
PXD026160	20190225_rmi049_75idPLRPS_APA_Mono_CD14_CD16-_Neg_Nuc_F4_c.mzML	Human	23
PXD026160	20190225_rmi049_75idPLRPS_APA_Mono_CD14_CD16-_Neg_Nuc_F4_a.mzML	Human	23
PXD026160	20190225_rmi049_75idPLRPS_APA_Mono_CD14_CD16-_Neg_Nuc_F4_b.mzML	Human	23
PXD026160	20190225_rmi049_75idPLRPS_APA_Mono_CD14_CD16-_Neg_Nuc_F2_c_20190226130738.mzML	Human	23
PXD026160	20190225_rmi049_75idPLRPS_APA_Mono_CD14_CD16-_Neg_Nuc_F1_c.mzML	Human	23
PXD026160	20190225_rmi049_75idPLRPS_APA_Mono_CD14_CD16-_Neg_Nuc_F1_b_20190225220851.mzML	Human	23
PXD026160	20190225_rmi049_75idPLRPS_APA_Mono_CD14_CD16-_Neg_Nuc_F1_a_20190225203603.mzML	Human	23
PXD026160	20190221_rmi049_75idPLRPS_APA_Mono_CD14_CD16-_Neg_Cyto_F4_a.mzML	Human	23
PXD026160	20190221_rmi049_75idPLRPS_APA_Mono_CD14_CD16-_Neg_Cyto_F4_c.mzML	Human	23
PXD026160	20190221_rmi049_75idPLRPS_APA_Mono_CD14_CD16-_Neg_Cyto_F4_b.mzML	Human	23
PXD026160	20190221_rmi049_75idPLRPS_APA_Mono_CD14_CD16-_Neg_Cyto_F3_a.mzML	Human	23
PXD026160	20190221_rmi049_75idPLRPS_APA_Mono_CD14_CD16-_Neg_Cyto_F3_b.mzML	Human	23
PXD026160	20190221_rmi049_75idPLRPS_APA_Mono_CD14_CD16-_Neg_Cyto_F3_c.mzML	Human	23
PXD026160	20190221_rmi049_75idPLRPS_APA_Mono_CD14_CD16-_Neg_Cyto_F2_a.mzML	Human	23
PXD026160	20190221_rmi049_75idPLRPS_APA_Mono_CD14_CD16-_Neg_Cyto_F1_c.mzML	Human	23
PXD026160	20190221_rmi049_75idPLRPS_APA_Mono_CD14_CD16-_Neg_Cyto_F2_b.mzML	Human	23
PXD026160	20190221_rmi049_75idPLRPS_APA_Mono_CD14_CD16-_Neg_Cyto_F2_c.mzML	Human	23
PXD026160	20190221_rmi049_75idPLRPS_APA_Mono_CD14_CD16-_Neg_Cyto_F1_b.mzML	Human	23
PXD026160	20190221_rmi049_75idPLRPS_APA_Mono_CD14_CD16-_Neg_Cyto_F1_a.mzML	Human	23
PXD026161	20190227_rmi049_75idPLRPS_APA_Mono_CD14__Pos_Nuc_F3_a.mzML	Human	23
PXD026161	20190227_rmi049_75idPLRPS_APA_Mono_CD14__Pos_Nuc_F3_c.mzML	Human	23
PXD026161	20190227_rmi049_75idPLRPS_APA_Mono_CD14__Pos_Nuc_F3_b.mzML	Human	23
PXD026161	20190227_rmi049_75idPLRPS_APA_Mono_CD14__Pos_Nuc_F4_a.mzML	Human	23
PXD026161	20190227_rmi049_75idPLRPS_APA_Mono_CD14__Pos_Nuc_F4_b.mzML	Human	23
PXD026161	20190227_rmi049_75idPLRPS_APA_Mono_CD14__Pos_Nuc_F4_c.mzML	Human	23
PXD026161	20190227_rmi049_75idPLRPS_APA_Mono_CD14__Pos_Nuc_F2_a.mzML	Human	23
PXD026161	20190227_rmi049_75idPLRPS_APA_Mono_CD14__Pos_Nuc_F2_b.mzML	Human	23
PXD026161	20190227_rmi049_75idPLRPS_APA_Mono_CD14__Pos_Nuc_F2_c.mzML	Human	23
PXD026161	20190227_rmi049_75idPLRPS_APA_Mono_CD14__Pos_Nuc_F1_b.mzML	Human	23
PXD026161	20190227_rmi049_75idPLRPS_APA_Mono_CD14__Pos_Nuc_F1_c.mzML	Human	23
PXD026161	20190227_rmi049_75idPLRPS_APA_Mono_CD14__Pos_Nuc_F1_a.mzML	Human	23
PXD026161	20190221_rmi049_75idPLRPS_APA_Mono_CD14__Pos_Cyto_F2_a.mzML	Human	23
PXD026161	20190221_rmi049_75idPLRPS_APA_Mono_CD14__Pos_Cyto_F4_a.mzML	Human	23
PXD026161	20190221_rmi049_75idPLRPS_APA_Mono_CD14__Pos_Cyto_F4_b.mzML	Human	23
PXD026161	20190221_rmi049_75idPLRPS_APA_Mono_CD14__Pos_Cyto_F4_c.mzML	Human	23
PXD026161	20190221_rmi049_75idPLRPS_APA_Mono_CD14__Pos_Cyto_F2_c.mzML	Human	23
PXD026161	20190221_rmi049_75idPLRPS_APA_Mono_CD14__Pos_Cyto_F2_b.mzML	Human	23
PXD026161	20190221_rmi049_75idPLRPS_APA_Mono_CD14__Pos_Cyto_F3_a.mzML	Human	23
PXD026161	20190221_rmi049_75idPLRPS_APA_Mono_CD14__Pos_Cyto_F3_b.mzML	Human	23
PXD026161	20190221_rmi049_75idPLRPS_APA_Mono_CD14__Pos_Cyto_F3_c.mzML	Human	23
PXD026161	20190221_rmi049_75idPLRPS_APA_Mono_CD14__Pos_Cyto_F1_c.mzML	Human	23
PXD026161	20190221_rmi049_75idPLRPS_APA_Mono_CD14__Pos_Cyto_F1_b.mzML	Human	23
PXD026161	20190221_rmi049_75idPLRPS_APA_Mono_CD14__Pos_Cyto_F1_a.mzML	Human	23
PXD026162	06102019_RVG262_PLRPS_FAIMS_CV_neg120_F1_CD3.mzML	Human	23
PXD026162	06102019_RVG262_PLRPS_FAIMS_CV_neg110_F1_CD3.mzML	Human	23
PXD026162	06102019_RVG262_PLRPS_FAIMS_CV_Neg100_F1_CD3.mzML	Human	23
PXD026162	06102019_RVG262_PLRPS_FAIMS_CV_neg90_F1_CD3.mzML	Human	23
PXD026162	06102019_RVG262_PLRPS_FAIMS_CV_neg80_F1_CD3.mzML	Human	23
PXD026162	06102019_RVG262_PLRPS_FAIMS_CV_neg70_F1_CD3.mzML	Human	23
PXD026162	06102019_RVG262_PLRPS_FAIMS_CV__F2_CD3_0L_Plus20.mzML	Human	23
PXD026162	06102019_RVG262_PLRPS_FAIMS_CV__F2_CD3_0L_Plus10.mzML	Human	23
PXD026162	06102019_RVG262_PLRPS_FAIMS_CV_neg60_F1_CD3.mzML	Human	23
PXD026162	06102019_RVG262_PLRPS_FAIMS_CV_plus10_F1_CD3.mzML	Human	23
PXD026162	06102019_RVG262_PLRPS_FAIMS_CV_plus20_F1_CD3.mzML	Human	23
PXD026162	06102019_RVG262_PLRPS_FAIMS_CV__F2_CD3_0L_Plus30.mzML	Human	23
PXD026162	06102019_RVG262_PLRPS_FAIMS_CV__F2_CD3_0L_Plus40.mzML	Human	23
PXD026162	16mar2019_RVG262_APA_CD3_cyto_PLRPS_FAIMS_HH_p50.mzML	Human	23
PXD026162	06102019_RVG262_PLRPS_FAIMS_CV_plus30_F1_CD3.mzML	Human	23
PXD026162	06102019_RVG262_PLRPS_FAIMS_CV__F1_CD3_0L_Plus30.mzML	Human	23
PXD026162	06102019_RVG262_PLRPS_FAIMS_CV_zero_F1_CD3.mzML	Human	23
PXD026162	06102019_RVG262_PLRPS_FAIMS_CV_neg50_F1_CD3.mzML	Human	23
PXD026162	16mar2019_RVG262_APA_CD3_cyto_PLRPS_FAIMS_HH_p40.mzML	Human	23
PXD026162	06102019_RVG262_PLRPS_FAIMS_CV__F2_CD3_0L_Neg20.mzML	Human	23
PXD026162	20mar2019_RVG262_APA_CD3_NUC_PLRPS_FAIMS_HH_P35.mzML	Human	23
PXD026162	16mar2019_RVG262_APA_CD3_cyto_PLRPS_FAIMS_HH_p30.mzML	Human	23
PXD026162	20mar2019_RVG262_APA_CD3_NUC_PLRPS_FAIMS_HH_P30.mzML	Human	23
PXD026162	20mar2019_RVG262_APA_CD3_NUC_PLRPS_FAIMS_HH_P40_20190322042500.mzML	Human	23
PXD026162	16mar2019_RVG262_APA_CD3_F2_PLRPS_FAIMS_HH_P35.mzML	Human	23
PXD026162	20mar2019_RVG262_APA_CD3_NUC_PLRPS_FAIMS_HH_P20.mzML	Human	23
PXD026162	16mar2019_RVG262_APA_CD3_F2_PLRPS_FAIMS_HH_P40.mzML	Human	23
PXD026162	20mar2019_RVG262_APA_CD3_NUC_PLRPS_FAIMS_HH_P25.mzML	Human	23
PXD026162	16mar2019_RVG262_APA_CD3_cyto_PLRPS_FAIMS_HH_p20.mzML	Human	23
PXD026162	18mar2019_RVG262_APA_CD3_F3n4_PLRPS_FAIMS_HH_P20.mzML	Human	23
PXD026162	20mar2019_RVG262_APA_CD3_NUC_PLRPS_FAIMS_HH_P10_20190321190139.mzML	Human	23
PXD026162	06102019_RVG262_PLRPS_FAIMS_CV__F2_CD3_0L_ZERO.mzML	Human	23
PXD026162	06102019_RVG262_PLRPS_FAIMS_CV_neg40_F1_CD3.mzML	Human	23
PXD026162	16mar2019_RVG262_APA_CD3_F2_PLRPS_FAIMS_HH_P30.mzML	Human	23
PXD026162	18mar2019_RVG262_APA_CD3_F3n4_PLRPS_FAIMS_HH_P30.mzML	Human	23
PXD026162	16mar2019_RVG262_APA_CD3_F2_PLRPS_FAIMS_HH_P25.mzML	Human	23
PXD026162	20mar2019_RVG262_APA_CD3_NUC_PLRPS_FAIMS_HH_P15.mzML	Human	23
PXD026162	18mar2019_RVG262_APA_CD3_F3n4_PLRPS_FAIMS_HH_P10.mzML	Human	23
PXD026162	16mar2019_RVG262_APA_CD3_F1_PLRPS_FAIMS_HH_P35.mzML	Human	23
PXD026162	16mar2019_RVG262_APA_CD3_F2_PLRPS_FAIMS_HH_P15.mzML	Human	23
PXD026162	20mar2019_RVG262_APA_CD3_NUC_PLRPS_FAIMS_HH_zero.mzML	Human	23
PXD026162	16mar2019_RVG262_APA_CD3_F2_PLRPS_FAIMS_HH_P20.mzML	Human	23
PXD026162	06102019_RVG262_PLRPS_FAIMS_CV__F1_CD3_0L_Plus10.mzML	Human	23
PXD026162	16mar2019_RVG262_APA_CD3_F2_PLRPS_FAIMS_HH_P10.mzML	Human	23
PXD026162	06102019_RVG262_PLRPS_FAIMS_CV__F1_CD3_0L_ZERO.mzML	Human	23
PXD026162	06102019_RVG262_PLRPS_FAIMS_CV__F1_CD3_0L_Plus20.mzML	Human	23
PXD026162	16mar2019_RVG262_APA_CD3_F1_PLRPS_FAIMS_HH_P05.mzML	Human	23
PXD026162	16mar2019_RVG262_APA_CD3_F1_PLRPS_FAIMS_HH_P30.mzML	Human	23
PXD026162	16mar2019_RVG262_APA_CD3_F1_PLRPS_FAIMS_HH_P20.mzML	Human	23
PXD026162	16mar2019_RVG262_APA_CD3_F1_PLRPS_FAIMS_HH_zero.mzML	Human	23
PXD026162	16mar2019_RVG262_APA_CD3_F1_PLRPS_FAIMS_HH_P40.mzML	Human	23
PXD026162	16mar2019_RVG262_APA_CD3_F1_PLRPS_FAIMS_HH_P15.mzML	Human	23
PXD026162	18mar2019_RVG262_APA_CD3_F3n4_PLRPS_FAIMS_HH_zero.mzML	Human	23
PXD026162	16mar2019_RVG262_APA_CD3_F1_PLRPS_FAIMS_HH_P10.mzML	Human	23
PXD026162	20mar2019_RVG262_APA_CD3_NUC_PLRPS_FAIMS_HH_P5.mzML	Human	23
PXD026162	16mar2019_RVG262_APA_CD3_F2_PLRPS_FAIMS_HH_P05.mzML	Human	23
PXD026162	16mar2019_RVG262_APA_CD3_F1_PLRPS_FAIMS_HH_P25.mzML	Human	23
PXD026162	06102019_RVG262_PLRPS_FAIMS_CV_neg30_F1_CD3.mzML	Human	23
PXD026162	16mar2019_RVG262_APA_CD3_F2_PLRPS_FAIMS_HH_zero.mzML	Human	23
PXD026162	20mar2019_RVG262_APA_CD3_NUC_PLRPS_FAIMS_HH_M5.mzML	Human	23
PXD026162	16mar2019_RVG262_APA_CD3_cyto_PLRPS_FAIMS_HH_zero.mzML	Human	23
PXD026162	06102019_RVG262_PLRPS_FAIMS_CV__F2_CD3_0L_Neg10.mzML	Human	23
PXD026162	16mar2019_RVG262_APA_CD3_F1_PLRPS_FAIMS_HH_M05.mzML	Human	23
PXD026162	16mar2019_RVG262_APA_CD3_F2_PLRPS_FAIMS_HH_M05.mzML	Human	23
PXD026162	06102019_RVG262_PLRPS_FAIMS_CV_neg10_F1_CD3.mzML	Human	23
PXD026162	16mar2019_RVG262_APA_CD3_cyto_PLRPS_FAIMS_HH_m10.mzML	Human	23
PXD026162	16mar2019_RVG262_APA_CD3_cyto_PLRPS_FAIMS_HH_p10.mzML	Human	23
PXD026162	18mar2019_RVG262_APA_CD3_F3n4_PLRPS_FAIMS_HH_M10.mzML	Human	23
PXD026162	06102019_RVG262_PLRPS_FAIMS_CV_neg20_F1_CD3.mzML	Human	23
PXD026162	16mar2019_RVG262_APA_CD3_F2_PLRPS_FAIMS_HH_M10.mzML	Human	23
PXD026162	06102019_RVG262_PLRPS_FAIMS_CV__F2_CD3_0L_Neg30.mzML	Human	23
PXD026162	16mar2019_RVG262_APA_CD3_cyto_PLRPS_FAIMS_HH_m20.mzML	Human	23
PXD026162	18mar2019_RVG262_APA_CD3_F3n4_PLRPS_FAIMS_HH_M20.mzML	Human	23
PXD026162	19MAR2019_RVG262_APA_CD3_F3n4_PLRPS_noFAIMS_HH_2.mzML	Human	23
PXD026162	20mar2019_RVG262_APA_CD3_NUC_PLRPS_FAIMS_HH_M10.mzML	Human	23
PXD026162	16mar2019_RVG262_APA_CD3_F2_PLRPS_FAIMS_HH_M20.mzML	Human	23
PXD026162	06102019_RVG262_PLRPS_FAIMS_CV__F1_CD3_0L_Neg40.mzML	Human	23
PXD026162	16mar2019_RVG262_APA_CD3_F2_PLRPS_FAIMS_HH_M15.mzML	Human	23
PXD026162	16mar2019_RVG262_APA_CD3_F1_PLRPS_FAIMS_HH_M10.mzML	Human	23
PXD026162	06102019_RVG262_PLRPS_FAIMS_CV__F1_CD3_0L_Neg10.mzML	Human	23
PXD026162	19MAR2019_RVG262_APA_CD3_F3n4_PLRPS_noFAIMS_HH_1.mzML	Human	23
PXD026162	06102019_RVG262_PLRPS_FAIMS_CV__F1_CD3_0L_Neg30.mzML	Human	23
PXD026162	20mar2019_RVG262_APA_CD3_NUC_PLRPS_FAIMS_HH_M15.mzML	Human	23
PXD026162	20mar2019_RVG262_APA_CD3_NUC_PLRPS_FAIMS_HH_M20.mzML	Human	23
PXD026162	16mar2019_RVG262_APA_CD3_F1_PLRPS_FAIMS_HH_M20.mzML	Human	23
PXD026162	16mar2019_RVG262_APA_CD3_F1_PLRPS_FAIMS_HH_M15.mzML	Human	23
PXD026162	19MAR2019_RVG262_APA_CD3_F2_PLRPS_noFAIMS_HH_2.mzML	Human	23
PXD026162	19MAR2019_RVG262_APA_CD3_F2_PLRPS_HH_1.mzML	Human	23
PXD026162	19MAR2019_RVG262_APA_CD3_cyto_PLRPS_noFAIMS_HH_2.mzML	Human	23
PXD026162	06102019_RVG262_PLRPS_FAIMS_CV__F1_CD3_0L_Neg20.mzML	Human	23
PXD026162	19MAR2019_RVG262_APA_CD3_cyto_PLRPS_noFAIMS_HH_1.mzML	Human	23
PXD026162	06102019_RVG262_PLRPS_FAIMS_CV__F2_NOFAIMS_CD3_T7.mzML	Human	23
PXD026162	06102019_RVG262_PLRPS_FAIMS_CV__F2_NOFAIMS_CD3_T6.mzML	Human	23
PXD026162	06102019_RVG262_PLRPS_FAIMS_CV__F2_NOFAIMS_CD3_T2.mzML	Human	23
PXD026162	06102019_RVG262_PLRPS_FAIMS_CV__F2_NOFAIMS_CD3_T5.mzML	Human	23
PXD026162	06102019_RVG262_PLRPS_FAIMS_CV__F2_NOFAIMS_CD3_T3.mzML	Human	23
PXD026162	06102019_RVG262_PLRPS_FAIMS_CV__F2_NOFAIMS_CD3_T4.mzML	Human	23
PXD026162	06102019_RVG262_PLRPS_FAIMS_CV__F2_NOFAIMS_CD3_T1.mzML	Human	23
PXD026162	19MAR2019_RVG262_APA_CD3_F1_PLRPS_noFAIMS_HH_1.mzML	Human	23
PXD026162	06102019_RVG262_PLRPS_FAIMS_CV_noFAIMS_F1_CD3_Tech10.mzML	Human	23
PXD026162	06102019_RVG262_PLRPS_FAIMS_CV_noFAIMS_F1_CD3_Tech8.mzML	Human	23
PXD026162	06102019_RVG262_PLRPS_FAIMS_CV_noFAIMS_F1_CD3_Tech7.mzML	Human	23
PXD026162	06102019_RVG262_PLRPS_FAIMS_CV_noFAIMS_F1_CD3_Tech9.mzML	Human	23
PXD026162	06102019_RVG262_PLRPS_FAIMS_CV_noFAIMS_F1_CD3_Tech6.mzML	Human	23
PXD026162	06102019_RVG262_PLRPS_FAIMS_CV_noFAIMS_F1_CD3_Tech5.mzML	Human	23
PXD026162	06102019_RVG262_PLRPS_FAIMS_CV_noFAIMS_F1_CD3_Tech4.mzML	Human	23
PXD026162	06102019_RVG262_PLRPS_FAIMS_CV_noFAIMS_F1_CD3_Tech3.mzML	Human	23
PXD026162	06102019_RVG262_PLRPS_FAIMS_CV_noFAIMS_F1_CD3_Tech2.mzML	Human	23
PXD026162	06102019_RVG262_PLRPS_FAIMS_CV_noFAIMS_F1_CD3_Tech1.mzML	Human	23
PXD026162	22mar2019_RVG262_APA_CD3_NUC_PLRPS_noFAIMS_HH_02.mzML	Human	23
PXD026162	22mar2019_RVG262_APA_CD3_NUC_PLRPS_noFAIMS_HH_01.mzML	Human	23
PXD026162	22mar2019_RVG262_APA_CD3_NUC_PLRPS_noFAIMS_HH_03.mzML	Human	23
PXD026163	20190523_rmi049_75idPLRPS_APA_Neutro_Cyto_F4_b.mzML	Human	23
PXD026163	20190523_rmi049_75idPLRPS_APA_Neutro_Cyto_F4_c.mzML	Human	23
PXD026163	20190523_rmi049_75idPLRPS_APA_Neutro_Cyto_F4_a.mzML	Human	23
PXD026163	20190523_rmi049_75idPLRPS_APA_Neutro_Cyto_F3_c.mzML	Human	23
PXD026163	20190523_rmi049_75idPLRPS_APA_Neutro_Cyto_F3_b.mzML	Human	23
PXD026163	20190523_rmi049_75idPLRPS_APA_Neutro_Cyto_F3_a.mzML	Human	23
PXD026163	20190523_rmi049_75idPLRPS_APA_Neutro_Cyto_F2_c.mzML	Human	23
PXD026163	20190523_rmi049_75idPLRPS_APA_Neutro_Cyto_F2_b.mzML	Human	23
PXD026163	20190523_rmi049_75idPLRPS_APA_Neutro_Cyto_F2_a.mzML	Human	23
PXD026163	20190523_rmi049_75idPLRPS_APA_Neutro_Cyto_F1_c.mzML	Human	23
PXD026163	20190523_rmi049_75idPLRPS_APA_Neutro_Cyto_F1_b.mzML	Human	23
PXD026163	20190523_rmi049_75idPLRPS_APA_Neutro_Cyto_F1_a.mzML	Human	23
PXD026164	20190521_rmi049_75idPLRPS_APA_CD4_Cyto_F2_c.mzML	Human	23
PXD026164	20190521_rmi049_75idPLRPS_APA_CD4_Cyto_F2_b.mzML	Human	23
PXD026164	20190521_rmi049_75idPLRPS_APA_CD4_Cyto_F2_a.mzML	Human	23
PXD026164	20190521_rmi049_75idPLRPS_APA_CD4_Cyto_F1_b.mzML	Human	23
PXD026164	20190521_rmi049_75idPLRPS_APA_CD4_Cyto_F1_a.mzML	Human	23
PXD026164	20190521_rmi049_75idPLRPS_APA_CD4_Cyto_F1_c.mzML	Human	23
PXD026164	20190521_rmi049_75idPLRPS_APA_CD4_Cyto_F3_c.mzML	Human	23
PXD026164	20190521_rmi049_75idPLRPS_APA_CD4_Cyto_F3_a.mzML	Human	23
PXD026164	20190521_rmi049_75idPLRPS_APA_CD4_Cyto_F3_b.mzML	Human	23
PXD026164	20190521_rmi049_75idPLRPS_APA_CD4_Cyto_F4_b.mzML	Human	23
PXD026164	20190521_rmi049_75idPLRPS_APA_CD4_Cyto_F4_a.mzML	Human	23
PXD026164	20190521_rmi049_75idPLRPS_APA_CD4_Cyto_F4_c.mzML	Human	23
PXD026165	20190517_rmi049_75idPLRPS_APA_B_Cyto_F1_c.mzML	Human	23
PXD026165	20190517_rmi049_75idPLRPS_APA_B_Cyto_F1_b.mzML	Human	23
PXD026165	20190517_rmi049_75idPLRPS_APA_B_Cyto_F1_a.mzML	Human	23
PXD026165	20190517_rmi049_75idPLRPS_APA_B_Cyto_F4_a.mzML	Human	23
PXD026165	20190517_rmi049_75idPLRPS_APA_B_Cyto_F4_b.mzML	Human	23
PXD026165	20190517_rmi049_75idPLRPS_APA_B_Cyto_F4_c.mzML	Human	23
PXD026165	20190517_rmi049_75idPLRPS_APA_B_Cyto_F2_c.mzML	Human	23
PXD026165	20190517_rmi049_75idPLRPS_APA_B_Cyto_F3_c.mzML	Human	23
PXD026165	20190517_rmi049_75idPLRPS_APA_B_Cyto_F2_b.mzML	Human	23
PXD026165	20190517_rmi049_75idPLRPS_APA_B_Cyto_F2_a.mzML	Human	23
PXD026165	20190517_rmi049_75idPLRPS_APA_B_Cyto_F3_a.mzML	Human	23
PXD026165	20190517_rmi049_75idPLRPS_APA_B_Cyto_F3_b.mzML	Human	23
PXD026166	20190410_rmi049_75idPLRPS_APA_Neutro_Cyto_F4_b.mzML	Human	23
PXD026166	20190410_rmi049_75idPLRPS_APA_Neutro_Cyto_F4_a.mzML	Human	23
PXD026166	20190410_rmi049_75idPLRPS_APA_Neutro_Cyto_F4_c.mzML	Human	23
PXD026166	20190410_rmi049_75idPLRPS_APA_Neutro_Cyto_F3_a.mzML	Human	23
PXD026166	20190410_rmi049_75idPLRPS_APA_Neutro_Cyto_F3_c.mzML	Human	23
PXD026166	20190410_rmi049_75idPLRPS_APA_Neutro_Cyto_F3_b.mzML	Human	23
PXD026166	20190410_rmi049_75idPLRPS_APA_Neutro_Cyto_F2_a.mzML	Human	23
PXD026166	20190410_rmi049_75idPLRPS_APA_Neutro_Cyto_F2_c.mzML	Human	23
PXD026166	20190410_rmi049_75idPLRPS_APA_Neutro_Cyto_F2_b.mzML	Human	23
PXD026166	20190410_rmi049_75idPLRPS_APA_Neutro_Cyto_F1_a.mzML	Human	23
PXD026166	20190410_rmi049_75idPLRPS_APA_Neutro_Cyto_F1_b.mzML	Human	23
PXD026166	20190410_rmi049_75idPLRPS_APA_Neutro_Cyto_F1_c.mzML	Human	23
PXD035339	1cell_THP1_2.mzML	Human	15
PXD035339	1cell_THP1_3.mzML	Human	15
PXD035339	1cell_THP1_1.mzML	Human	15
PXD026124	20180824_rmi049_75idPLRPS_APA_Plasma_PM_F9_c.mzML	Human	23
PXD026124	20180824_rmi049_75idPLRPS_APA_Plasma_PM_F9_a.mzML	Human	23
PXD026124	20180824_rmi049_75idPLRPS_APA_Plasma_PM_F9_b.mzML	Human	23
PXD026124	20180824_rmi049_75idPLRPS_APA_Plasma_PM_F8_a.mzML	Human	23
PXD026124	20180824_rmi049_75idPLRPS_APA_Plasma_PM_F8_c.mzML	Human	23
PXD026124	20180824_rmi049_75idPLRPS_APA_Plasma_PM_F8_b.mzML	Human	23
PXD026124	20180824_rmi049_75idPLRPS_APA_Plasma_PM_F10_a.mzML	Human	23
PXD026124	20180824_rmi049_75idPLRPS_APA_Plasma_PM_F10_c.mzML	Human	23
PXD026124	20180824_rmi049_75idPLRPS_APA_Plasma_PM_F11_b.mzML	Human	23
PXD026124	20180824_rmi049_75idPLRPS_APA_Plasma_PM_F10_b.mzML	Human	23
PXD026124	20180824_rmi049_75idPLRPS_APA_Plasma_PM_F11_a.mzML	Human	23
PXD026124	20180824_rmi049_75idPLRPS_APA_Plasma_PM_F11_c.mzML	Human	23
PXD026124	20180824_rmi049_75idPLRPS_APA_Plasma_PM_F12_a.mzML	Human	23
PXD026124	20180824_rmi049_75idPLRPS_APA_Plasma_PM_F12_b.mzML	Human	23
PXD026124	20180824_rmi049_75idPLRPS_APA_Plasma_PM_F12_c.mzML	Human	23
PXD026124	20180824_rmi049_75idPLRPS_APA_Plasma_PM_F7_c.mzML	Human	23
PXD026124	20180824_rmi049_75idPLRPS_APA_Plasma_PM_F7_b.mzML	Human	23
PXD026124	20180824_rmi049_75idPLRPS_APA_Plasma_PM_F7_a.mzML	Human	23
PXD026176	LCA_RM_20191004_Plasma_F7Aonly_02.mzML	Human	23
PXD026176	LCA_RM_20191004_Plasma_F7Aonly_01.mzML	Human	23
PXD026176	LCA_RM_20191004_Plasma_F8Aonly_01.mzML	Human	23
PXD026176	LCA_RM_20191004_Plasma_F9Aonly_02.mzML	Human	23
PXD026176	LCA_RM_20191004_Plasma_F9Aonly_01.mzML	Human	23
PXD026176	LCA_RM_20191004_Plasma_F8Aonly_02.mzML	Human	23
PXD026176	DB_RM_20191003_plasma_F5_01.mzML	Human	23
PXD026176	DB_RM_20191003_plasma_F5_02.mzML	Human	23
PXD026176	DB_RM_20191003_plasma_F6_01.mzML	Human	23
PXD026176	DB_RM_20191003_plasma_F6_02.mzML	Human	23
PXD026176	LCA_RM_20191002_plasma_F1F2_02.mzML	Human	23
PXD026176	LCA_RM_20191002_plasma_F1F2_01.mzML	Human	23
PXD026176	DB_RM_20191002_plasma_F3_02.mzML	Human	23
PXD026176	DB_RM_20191002_plasma_F3_01.mzML	Human	23
PXD026176	DB_RM_20191002_plasma_F4_02.mzML	Human	23
PXD026176	DB_RM_20191002_plasma_F4_01.mzML	Human	23
PXD026177	LCA_RM_20191012_PPM_F9_01.mzML	Human	23
PXD026177	LCA_RM_20191012_PPM_F7F8_01.mzML	Human	23
PXD026177	LCA_RM_20191012_PPM_F5F6_02.mzML	Human	23
PXD026177	LCA_RM_20191012_PPM_F5F6_01.mzML	Human	23
PXD026177	DB_RM_20191003_PlasmaPM_F1_02.mzML	Human	23
PXD026177	DB_RM_20191003_PlasmaPM_F2_02.mzML	Human	23
PXD026177	LCA_RM_20191012_PPM_F4_03.mzML	Human	23
PXD026177	DB_RM_20191003_PlasmaPM_F1_01.mzML	Human	23
PXD026177	DB_RM_20191003_PlasmaPM_F2_01.mzML	Human	23
PXD026177	LCA_RM_20191012_PPM_F3_04.mzML	Human	23
MSV000092574	FAIMS_ProteoExtract_0-15kDa_BioRep1_TechRep3.mzML	Human	36
MSV000092574	FAIMS_ProteoExtract_0-15kDa_BioRep2_TechRep3.mzML	Human	36
MSV000092574	FAIMS_HighSelect_0-15kDa_BioRep1_TechRep3.mzML	Human	36
MSV000092574	FAIMS_HighSelect_0-15kDa_BioRep2_TechRep3.mzML	Human	36
MSV000092574	FAIMS_HighSelect_0-15kDa_BioRep1_TechRep1.mzML	Human	36
MSV000092574	FAIMS_HighSelect_0-15kDa_BioRep2_TechRep1.mzML	Human	36
MSV000092574	FAIMS_ProteoExtract_0-15kDa_BioRep1_TechRep1.mzML	Human	36
MSV000092574	FAIMS_ProteoExtract_0-15kDa_BioRep2_TechRep1.mzML	Human	36
MSV000092574	FAIMS_HighSelect_15-30kDa_BioRep2_TechRep1.mzML	Human	36
MSV000092574	FAIMS_HighSelect_MCW_0-15kDa_TechRep1.mzML	Human	36
MSV000092574	FAIMS_HighSelect_15-30kDa_BioRep1_TechRep1.mzML	Human	36
MSV000092574	FAIMS_ProteoExtract_15-30kDa_BioRep1_TechRep1.mzML	Human	36
MSV000092574	FAIMS_ProteoExtract_0-15kDa_BioRep1_TechRep2.mzML	Human	36
MSV000092574	FAIMS_ProteoExtract_0-15kDa_BioRep2_TechRep2.mzML	Human	36
MSV000092574	FAIMS_ProteoExtract_15-30kDa_BioRep2_TechRep1.mzML	Human	36
MSV000092574	FAIMS_HighSelect_0-15kDa_BioRep2_TechRep2.mzML	Human	36
MSV000092574	FAIMS_HighSelect_0-15kDa_BioRep1_TechRep2.mzML	Human	36
MSV000092574	FAIMS_ProteoExtract_15-30kDa_BioRep1_TechRep2.mzML	Human	36
MSV000092574	FAIMS_HighSelect_15-30kDa_BioRep2_TechRep2.mzML	Human	36
MSV000092574	FAIMS_ProteoExtract_15-30kDa_BioRep2_TechRep2.mzML	Human	36
MSV000092574	FAIMS_HighSelect_HiPPR_0-15kDa_TechRep3.mzML	Human	36
MSV000092574	FAIMS_HighSelect_MCW_0-15kDa_TechRep3.mzML	Human	36
MSV000092574	FAIMS_HighSelect_15-30kDa_BioRep1_TechRep2.mzML	Human	36
MSV000092574	FAIMS_HighSelect_HiPPR_0-15kDa_TechRep2.mzML	Human	36
MSV000092574	FAIMS_HighSelect_AnExSP_15-30kDa_TechRep3.mzML	Human	36
MSV000092574	FAIMS_HighSelect_MCW_0-15kDa_TechRep2.mzML	Human	36
MSV000092574	FAIMS_HighSelect_HiPPR_15-30kDa_TechRep3.mzML	Human	36
MSV000092574	FAIMS_HighSelect_MCW_15-30kDa_TechRep2.mzML	Human	36
MSV000092574	FAIMS_HighSelect_MCW_15-30kDa_TechRep1.mzML	Human	36
MSV000092574	FAIMS_HighSelect_MCW_15-30kDa_TechRep3.mzML	Human	36
MSV000092574	FAIMS_HighSelect_HiPPR_15-30kDa_TechRep2.mzML	Human	36
MSV000092574	FAIMS_HighSelect_AnExSP_0-15kDa_TechRep3.mzML	Human	36
MSV000092574	FAIMS_HighSelect_AnExSP_0-15kDa_TechRep2.mzML	Human	36
MSV000092574	FAIMS_HighSelect_HiPPR_15-30kDa_TechRep1.mzML	Human	36
MSV000092574	FAIMS_HighSelect_AnExSP_15-30kDa_TechRep2.mzML	Human	36
MSV000092574	FAIMS_HighSelect_AnExSP_15-30kDa_TechRep1.mzML	Human	36
MSV000092574	NoFAIMS_ProteoExtract_15-30kDa_BioRep2_TechRep2.mzML	Human	36
MSV000092574	NoFAIMS_HighSelect_15-30kDa_BioRep2_TechRep2.mzML	Human	36
MSV000092574	NoFAIMS_HighSelect_15-30kDa_BioRep2_TechRep1.mzML	Human	36
MSV000092574	NoFAIMS_ProteoExtract_15-30kDa_BioRep2_TechRep1.mzML	Human	36
MSV000092574	NoFAIMS_HighSelect_15-30kDa_BioRep1_TechRep1.mzML	Human	36
MSV000092574	NoFAIMS_ProteoExtract_15-30kDa_BioRep1_TechRep2.mzML	Human	36
MSV000092574	NoFAIMS_HighSelect_15-30kDa_BioRep2_TechRep3.mzML	Human	36
MSV000092574	NoFAIMS_ProteoExtract_15-30kDa_BioRep2_TechRep3.mzML	Human	36
MSV000092574	NoFAIMS_ProteoExtract_15-30kDa_BioRep1_TechRep3.mzML	Human	36
MSV000092574	FAIMS_HighSelect_HiPPR_0-15kDa_TechRep1.mzML	Human	36
MSV000092574	FAIMS_HighSelect_AnExSP_0-15kDa_TechRep1.mzML	Human	36
MSV000092574	NoFAIMS_HighSelect_15-30kDa_BioRep1_TechRep3.mzML	Human	36
MSV000092574	NoFAIMS_ProteoExtract_15-30kDa_BioRep1_TechRep1.mzML	Human	36
MSV000092574	NoFAIMS_HighSelect_0-15kDa_BioRep2_TechRep1.mzML	Human	36
MSV000092574	NoFAIMS_ProteoExtract_0-15kDa_BioRep2_TechRep2.mzML	Human	36
MSV000092574	NoFAIMS_ProteoExtract_0-15kDa_BioRep1_TechRep1.mzML	Human	36
MSV000092574	NoFAIMS_HighSelect_0-15kDa_BioRep2_TechRep2.mzML	Human	36
MSV000092574	NoFAIMS_ProteoExtract_0-15kDa_BioRep1_TechRep3.mzML	Human	36
MSV000092574	NoFAIMS_ProteoExtract_0-15kDa_BioRep2_TechRep3.mzML	Human	36
MSV000092574	NoFAIMS_ProteoExtract_0-15kDa_BioRep2_TechRep1.mzML	Human	36
MSV000092574	NoFAIMS_HighSelect_0-15kDa_BioRep2_TechRep3.mzML	Human	36
MSV000092574	NoFAIMS_HighSelect_0-15kDa_BioRep1_TechRep2.mzML	Human	36
MSV000092574	NoFAIMS_HighSelect_0-15kDa_BioRep1_TechRep3.mzML	Human	36
MSV000092574	NoFAIMS_HighSelect_0-15kDa_BioRep1_TechRep1.mzML	Human	36
MSV000092574	NoFAIMS_HighSelect_15-30kDa_BioRep1_TechRep2.mzML	Human	36
PXD019792	191018_Mmazei_BR2-2_2_HCD_5sec.mzML	Methanosarcina mazei	27
PXD019792	191018_Mmazei_BR4-1_2_HCD_5sec.mzML	Methanosarcina mazei	27
PXD019792	191018_Mmazei_BR1-3_1_HCD_5sec.mzML	Methanosarcina mazei	27
PXD019792	191018_Mmazei_BR2-2_1_HCD_5sec.mzML	Methanosarcina mazei	27
PXD019792	191018_Mmazei_BR1-3_2_HCD_5sec.mzML	Methanosarcina mazei	27
PXD019792	191018_Mmazei_R2_3_HCD_5sec.mzML	Methanosarcina mazei	27
PXD019792	191018_Mmazei_BR3-4_2_HCD_5sec.mzML	Methanosarcina mazei	27
PXD019792	191018_Mmazei_R2_12_HCD_5sec.mzML	Methanosarcina mazei	27
PXD019792	191018_Mmazei_BR3-4_1_HCD_5sec.mzML	Methanosarcina mazei	27
PXD019792	191018_Mmazei_BR4-1_1_HCD_5sec.mzML	Methanosarcina mazei	27
PXD019792	191025_Mmazei_BR2-2_3_Red_HCD_5sec.mzML	Methanosarcina mazei	27
PXD019792	191025_Mmazei_R2_4_Red_HCD_5sec.mzML	Methanosarcina mazei	27
PXD019792	191025_Mmazei_BR4-1_3_Red_HCD_5sec.mzML	Methanosarcina mazei	27
PXD019792	191018_Mmazei_BR2-2_3_HCD_5sec.mzML	Methanosarcina mazei	27
PXD019792	191025_Mmazei_BR3-4_3_Red_HCD_5sec.mzML	Methanosarcina mazei	27
PXD019792	191025_Mmazei_BR1-3_3_Red_HCD_5sec.mzML	Methanosarcina mazei	27
PXD019792	191018_Mmazei_R2_4_HCD_5sec.mzML	Methanosarcina mazei	27
PXD019792	191018_Mmazei_BR4-1_3_HCD_5sec.mzML	Methanosarcina mazei	27
PXD019792	191018_Mmazei_BR3-4_3_HCD_5sec.mzML	Methanosarcina mazei	27
PXD019792	191018_Mmazei_BR1-3_3_HCD_5sec.mzML	Methanosarcina mazei	27
PXD019792	191216_Mmazei_BR2-1_noSCX_HCD_All.mzML	Methanosarcina mazei	27
PXD019792	191216_Mmazei_BR4-4_noSCX_HCD_All.mzML	Methanosarcina mazei	27
PXD019792	191216_Mmazei_BR1-4_noSCX_HCD_All.mzML	Methanosarcina mazei	27
PXD019792	191018_Mmazei_BR2-2_2_ETHCD_5sec.mzML	Methanosarcina mazei	27
PXD019792	191018_Mmazei_R2_3_ETHCD_5sec.mzML	Methanosarcina mazei	27
PXD019792	191018_Mmazei_BR1-3_1_ETHCD_5sec.mzML	Methanosarcina mazei	27
PXD019792	191018_Mmazei_BR4-1_2_ETHCD_5sec.mzML	Methanosarcina mazei	27
PXD019792	191025_Mmazei_BR1-3_3_Red_ETHCD_5sec.mzML	Methanosarcina mazei	27
PXD019792	191018_Mmazei_BR2-2_1_ETHCD_5sec.mzML	Methanosarcina mazei	27
PXD019792	191018_Mmazei_BR1-3_2_ETHCD_5sec.mzML	Methanosarcina mazei	27
PXD019792	191018_Mmazei_BR3-4_2_ETHCD_5sec.mzML	Methanosarcina mazei	27
PXD019792	191025_Mmazei_R2_4_Red_ETHCD_5sec.mzML	Methanosarcina mazei	27
PXD019792	191018_Mmazei_R2_12_ETHCD_5sec.mzML	Methanosarcina mazei	27
PXD019792	191018_Mmazei_BR3-4_1_ETHCD_5sec.mzML	Methanosarcina mazei	27
PXD019792	191018_Mmazei_BR4-1_1_ETHCD_5sec.mzML	Methanosarcina mazei	27
PXD019792	191018_Mmazei_BR2-2_3_ETHCD_5sec.mzML	Methanosarcina mazei	27
PXD019792	191216_Mmazei_BR2-1_noSCX_EThcD_5sec_20191216180254.mzML	Methanosarcina mazei	27
PXD019792	191216_Mmazei_BR4-4_noSCX_EThcD_5sec.mzML	Methanosarcina mazei	27
PXD019792	191216_Mmazei_BR1-4_noSCX_EThcD_5sec.mzML	Methanosarcina mazei	27
PXD019792	191018_Mmazei_BR1-3_3_ETHCD_5sec.mzML	Methanosarcina mazei	27
PXD019792	191018_Mmazei_BR3-4_3_ETHCD_5sec.mzML	Methanosarcina mazei	27
PXD019792	191018_Mmazei_BR4-1_3_ETHCD_5sec.mzML	Methanosarcina mazei	27
PXD038038	F_RC_36H_US_1A18_11_HH_18_181211071122.mzML	C. glutamicum	14
PXD038038	F_RC_36H_US_1A18_09_HH_18_181211005553.mzML	C. glutamicum	14
PXD038038	F_RC_36H_US_1A18_07_HH_18_181210184028.mzML	C. glutamicum	14
PXD038038	F_RC_36H_US_1A18_04_HH_18_181208030753.mzML	C. glutamicum	14
PXD038038	F_RC_36H_US_1A18_04_HH_18_181208012457.mzML	C. glutamicum	14
PXD038038	F_RC_36H_US_1A18_05_HH_18_181208174659.mzML	C. glutamicum	14
PXD038038	F_RC_36H_US_1A18_11_HH_18_181211052818.mzML	C. glutamicum	14
PXD038038	F_RC_36H_US_1A18_09_HH_18.mzML	C. glutamicum	14
PXD038038	F_RC_36H_US_1A18_11_HH_18.mzML	C. glutamicum	14
PXD038038	F_RC_36H_US_1A18_04_HH_18.mzML	C. glutamicum	14
PXD038038	F_RC_36H_US_1A18_09_HH_18_181210231253.mzML	C. glutamicum	14
PXD038038	F_RC_36H_US_1A18_05_HH_18_181210122513.mzML	C. glutamicum	14
PXD038038	F_RC_36H_US_1A18_07_HH_18_181210165732.mzML	C. glutamicum	14
PXD038038	F_RC_36H_US_1A18_07_HH_18.mzML	C. glutamicum	14
PXD038038	F_RC_36H_US_1A18_01_HH_18_181028025534.mzML	C. glutamicum	14
PXD038038	F_RC_36H_US_1A18_05_HH_18.mzML	C. glutamicum	14
PXD038038	F_RC_36H_US_1A18_03_HH_18_181028234223.mzML	C. glutamicum	14
PXD038038	F_RC_36H_US_1A18_03_HH_18.mzML	C. glutamicum	14
PXD038038	F_RC_36H_US_1A18_02_HH_18_181028191002.mzML	C. glutamicum	14
PXD038038	F_RC_36H_US_1A18_00_HH_18.mzML	C. glutamicum	14
PXD038038	F_RC_36H_US_1A18_02_HH_18_181028172706.mzML	C. glutamicum	14
PXD038038	F_RC_36H_US_1A18_02_HH_18.mzML	C. glutamicum	14
PXD038038	F_RC_36H_US_1A18_00_HH_18_181027185709.mzML	C. glutamicum	14
PXD038038	F_RC_36H_US_1A18_00_HH_18_181027204011.mzML	C. glutamicum	14
PXD038038	F_RC_36H_US_1A18_01_HH_18_181028011235.mzML	C. glutamicum	14
PXD038038	F_RC_36H_US_1A18_01_HH_18.mzML	C. glutamicum	14
PXD041979	B_Producta_pH7_B_ACN_NaCl_MultiCVFAIMS_R2.mzML	Blautia producta	37
PXD041979	B_Producta_pH6_B_ACN_NaCl_MultiCVFAIMS_R1.mzML	Blautia producta	37
PXD041979	B_Producta_pH7_C_ACN_NaCl_MultiCVFAIMS_R2.mzML	Blautia producta	37
PXD041979	B_Producta_pH7_A_ACN_NaCl_MultiCVFAIMS_REDUCED.mzML	Blautia producta	37
PXD041979	B_Producta_pH6_C_ACN_NaCl_MultiCVFAIMS_R2.mzML	Blautia producta	37
PXD041979	B_Producta_pH7_A_ACN_NaCl_MultiCVFAIMS_R3.mzML	Blautia producta	37
PXD041979	B_Producta_pH7_B_ACN_NaCl_MultiCVFAIMS_R1.mzML	Blautia producta	37
PXD041979	B_Producta_pH6_B_ACN_NaCl_MultiCVFAIMS_R2.mzML	Blautia producta	37
PXD041979	B_Producta_pH7_A_ACN_NaCl_MultiCVFAIMS_R2.mzML	Blautia producta	37
PXD041979	B_Producta_pH6_A_ACN_NaCl_MultiCVFAIMS_REDUCED.mzML	Blautia producta	37
PXD041979	B_Producta_pH7_A_ACN_NaCl_MultiCVFAIMS_R1.mzML	Blautia producta	37
PXD041979	B_Producta_pH6_A_ACN_NaCl_MultiCVFAIMS_R2.mzML	Blautia producta	37
PXD041979	B_Producta_pH7_C_ACN_NaCl_MultiCVFAIMS_R1.mzML	Blautia producta	37
PXD041979	B_Producta_pH6_C_ACN_TEAB_MultiCVFAIMS_R1.mzML	Blautia producta	37
PXD041979	B_Producta_pH6_C_ACN_NaCl_MultiCVFAIMS_R1.mzML	Blautia producta	37
PXD041979	B_Producta_pH6_C_ACN_TEAB_MultiCVFAIMS_R2.mzML	Blautia producta	37
PXD041979	B_Producta_pH6_B_ACN_TEAB_MultiCVFAIMS_R1.mzML	Blautia producta	37
PXD041979	B_Producta_pH6_A_ACN_NaCl_MultiCVFAIMS_R1.mzML	Blautia producta	37
PXD041979	B_Producta_pH6_B_ACN_TEAB_MultiCVFAIMS_R2.mzML	Blautia producta	37
PXD041979	B_Producta_pH7_A_ACN_NaCl_MultiCVFAIMS_R1_1ul.mzML	Blautia producta	37
PXD041979	B_Producta_pH7_C_ACN_TEAB_MultiCVFAIMS_R1.mzML	Blautia producta	37
PXD041979	B_Producta_pH7_A_ACN_TEAB_MultiCVFAIMS_REDUCED.mzML	Blautia producta	37
PXD041979	B_Producta_pH7_B_ACN_TEAB_MultiCVFAIMS_R2.mzML	Blautia producta	37
PXD041979	B_Producta_pH7_B_ACN_TEAB_MultiCVFAIMS_R1.mzML	Blautia producta	37
PXD041979	B_Producta_pH7_C_ACN_TEAB_MultiCVFAIMS_R2.mzML	Blautia producta	37
PXD041979	B_Producta_pH6_A_ACN_TEAB_MultiCVFAIMS_R2.mzML	Blautia producta	37
PXD041979	B_Producta_pH7_A_ACN_TEAB_MultiCVFAIMS_R1.mzML	Blautia producta	37
PXD041979	B_Producta_pH7_A_ACN_TEAB_MultiCVFAIMS_R2.mzML	Blautia producta	37
PXD041979	B_Producta_pH6_A_ACN_TEAB_MultiCVFAIMS_R1.mzML	Blautia producta	37
PXD041979	B_Producta_pH7_A_ACN_NaCl_MultiCVFAIMS_Cvs-70-65-60-55_targeted.mzML	Blautia producta	37
PXD041979	B_Producta_pH6_A_ACN_NaCl_MultiCVFAIMS_CV-60_targeted_wDynamicExcl.mzML	Blautia producta	37
PXD041979	B_Producta_pH6_A_ACN_NaCl_MultiCVFAIMS_CV-60_targeted_woDynamicExcl.mzML	Blautia producta	37
PXD039883	220426_Single_worm_DMF-SP3_TD_LFQ_Control_R4_-30.mzML	Caenorhabditis elegans	34
PXD039883	220426_Single_worm_DMF-SP3_TD_LFQ_Control_R4.mzML	Caenorhabditis elegans	34
PXD039883	220427_Single_worm_DMF-SP3_TD_LFQ_Heat_R3_-30.mzML	Caenorhabditis elegans	34
PXD039883	220427_Single_worm_DMF-SP3_TD_LFQ_Heat_R3.mzML	Caenorhabditis elegans	34
PXD039883	220426_Single_worm_DMF-SP3_TD_LFQ_Heat_R2_-30.mzML	Caenorhabditis elegans	34
PXD039883	220426_Single_worm_DMF-SP3_TD_LFQ_Heat_R2.mzML	Caenorhabditis elegans	34
PXD039883	220427_Single_worm_DMF-SP3_TD_LFQ_Heat_R4_-30.mzML	Caenorhabditis elegans	34
PXD039883	220427_Single_worm_DMF-SP3_TD_LFQ_Heat_R4.mzML	Caenorhabditis elegans	34
PXD039883	220420_Single_worm_DMF-SP3_TD_LFQ_Control_R1_-30.mzML	Caenorhabditis elegans	34
PXD039883	220420_Single_worm_DMF-SP3_TD_LFQ_Control_R1.mzML	Caenorhabditis elegans	34
PXD039883	220420_Single_worm_DMF-SP3_TD_LFQ_Heat_R1_-30.mzML	Caenorhabditis elegans	34
PXD039883	220420_Single_worm_DMF-SP3_TD_LFQ_Heat_R1.mzML	Caenorhabditis elegans	34
PXD039883	220426_Single_worm_DMF-SP3_TD_LFQ_Control_R3_-30.mzML	Caenorhabditis elegans	34
PXD039883	220426_Single_worm_DMF-SP3_TD_LFQ_Control_R3.mzML	Caenorhabditis elegans	34
PXD039883	220427_Single_worm_DMF-SP3_TD_LFQ_Heat_R3_-40.mzML	Caenorhabditis elegans	34
PXD039883	220427_Single_worm_DMF-SP3_TD_LFQ_Heat_R3_-20.mzML	Caenorhabditis elegans	34
PXD039883	220420_Single_worm_DMF-SP3_TD_LFQ_Control_R1_-40.mzML	Caenorhabditis elegans	34
PXD039883	220426_Single_worm_DMF-SP3_TD_LFQ_Control_R4_-40.mzML	Caenorhabditis elegans	34
PXD039883	220420_Single_worm_DMF-SP3_TD_LFQ_Heat_R1_-40.mzML	Caenorhabditis elegans	34
PXD039883	220427_Single_worm_DMF-SP3_TD_LFQ_Heat_R4_-40.mzML	Caenorhabditis elegans	34
PXD039883	220427_Single_worm_DMF-SP3_TD_LFQ_Heat_R4_-20.mzML	Caenorhabditis elegans	34
PXD039883	220426_Single_worm_DMF-SP3_TD_LFQ_Heat_R2_-40.mzML	Caenorhabditis elegans	34
PXD039883	220420_Single_worm_DMF-SP3_TD_LFQ_Heat_R1_-20.mzML	Caenorhabditis elegans	34
PXD039883	220426_Single_worm_DMF-SP3_TD_LFQ_Control_R4_-20.mzML	Caenorhabditis elegans	34
PXD039883	220420_Single_worm_DMF-SP3_TD_LFQ_Control_R1_-20.mzML	Caenorhabditis elegans	34
PXD039883	220426_Single_worm_DMF-SP3_TD_LFQ_Control_R3_-20.mzML	Caenorhabditis elegans	34
PXD039883	220426_Single_worm_DMF-SP3_TD_LFQ_Control_R3_-40.mzML	Caenorhabditis elegans	34
PXD039883	220426_Single_worm_DMF-SP3_TD_LFQ_Heat_R2_-20.mzML	Caenorhabditis elegans	34
PXD039883	030322_BS_single_worm_TD-SP3-40-FA_Urea_C4_4CVs_15ul_180min_R4.mzML	Caenorhabditis elegans	34
PXD039883	260422_BS_lowinputstandard_1k_Jurkats_10ul_180min_20220430053341.mzML	Caenorhabditis elegans	34
PXD039883	220420_Single_worm_DMF-SP3_TD_LFQ_Control_R2_-30.mzML	Caenorhabditis elegans	34
PXD039883	220420_Single_worm_DMF-SP3_TD_LFQ_Control_R2.mzML	Caenorhabditis elegans	34
PXD039883	040422_DMFchip_singleWorm_TD-SP3_40-FA_MNAc12_4CVs_5uL_R5.mzML	Caenorhabditis elegans	34
PXD039883	220420_Single_worm_DMF-SP3_TD_LFQ_Control_R2_-20.mzML	Caenorhabditis elegans	34
PXD039883	030322_BS_single_worm_TD-SP3-40-FA_Urea_C4_4CVs_15ul_180min_R3.mzML	Caenorhabditis elegans	34
PXD039883	040422_DMFchip_singleWorm_TD-SP3_40-FA_MNAc12_4CVs_5uL_R1.mzML	Caenorhabditis elegans	34
PXD039883	260422_BS_lowinputstandard_1k_Jurkats_10ul_180min_20220430004959.mzML	Caenorhabditis elegans	34
PXD039883	260422_BS_lowinputstandard_1k_Jurkats_10ul_180min_20220430101726.mzML	Caenorhabditis elegans	34
PXD039883	220420_Single_worm_DMF-SP3_TD_LFQ_Control_R2_-40.mzML	Caenorhabditis elegans	34
PXD039883	030322_BS_single_worm_TD-SP3-40-FA_SDS_C4_4CVs_15ul_180min_R2.mzML	Caenorhabditis elegans	34
PXD039883	040422_DMFchip_singleWorm_TD-SP3_40-FA_MNAc12_4CVs_5uL_R6.mzML	Caenorhabditis elegans	34
PXD039883	260422_BS_lowinputstandard_1k_Jurkats_10ul_180min_20220429200618.mzML	Caenorhabditis elegans	34
PXD039883	030322_BS_single_worm_TD-SP3-40-FA_Urea_C4_4CVs_15ul_180min_R1.mzML	Caenorhabditis elegans	34
PXD039883	030322_BS_single_worm_TD-SP3-40-FA_SDS_C4_4CVs_15ul_180min_R5.mzML	Caenorhabditis elegans	34
PXD039883	030322_BS_single_worm_TD-SP3-40-FA_SDS_C4_4CVs_15ul_180min_R4.mzML	Caenorhabditis elegans	34
PXD039883	220420_Single_worm_DMF-SP3_TD_LFQ_Heat_R1_-50.mzML	Caenorhabditis elegans	34
PXD039883	220427_Single_worm_DMF-SP3_TD_LFQ_Heat_R3_-50.mzML	Caenorhabditis elegans	34
PXD039883	220420_Single_worm_DMF-SP3_TD_LFQ_Control_R1_-50.mzML	Caenorhabditis elegans	34
PXD039883	220426_Single_worm_DMF-SP3_TD_LFQ_Heat_R2_-50.mzML	Caenorhabditis elegans	34
PXD039883	220427_Single_worm_DMF-SP3_TD_LFQ_Heat_R4_-50.mzML	Caenorhabditis elegans	34
PXD039883	220426_Single_worm_DMF-SP3_TD_LFQ_Control_R4_-50.mzML	Caenorhabditis elegans	34
PXD039883	220426_Single_worm_DMF-SP3_TD_LFQ_Control_R3_-50.mzML	Caenorhabditis elegans	34
PXD039883	220420_Single_worm_DMF-SP3_TD_LFQ_Control_R2_-50.mzML	Caenorhabditis elegans	34
PXD039883	260422_BS_lowinputstandard_1k_Jurkats_10ul_180min_noFAIMS.mzML	Caenorhabditis elegans	34
PXD039883	260422_BS_lowinputstandard_1k_Jurkats_10ul_180min_noFAIMS_20220502081714.mzML	Caenorhabditis elegans	34
PXD039883	260422_BS_lowinputstandard_1k_Jurkats_10ul_180min_noFAIMS_20220502033355.mzML	Caenorhabditis elegans	34
PXD039883	260422_BS_lowinputstandard_1k_Jurkats_10ul_180min_noFAIMS_20220501225033.mzML	Caenorhabditis elegans	34
PXD017265	FB_TeO_5.mzML	Zebrafish	2
PXD027741	Tel2_2.mzML	Zebrafish	8
PXD027741	Teo2_1.mzML	Zebrafish	8
PXD027741	Tel2_1.mzML	Zebrafish	8
PXD027741	Teo2_2.mzML	Zebrafish	8
MSV000089163	Hubmap_nanoPOTS_top_down_Glass_0pt1DDM_R1_B4.mzML	Rat	35
MSV000089163	Hubmap_nanoPOTS_top_down_Glass_0pt1DDM_R5_B6.mzML	Rat	35
MSV000089163	Hubmap_nanoPOTS_top_down_PP_0pt1DDM_R3.mzML	Rat	35
MSV000089163	Hubmap_nanoPOTS_top_down_Glass_0pt1DDM_R3_B4.mzML	Rat	35
MSV000089163	Hubmap_nanoPOTS_top_down_Glass_0pt1DDM_R4_B5.mzML	Rat	35
MSV000089163	Hubmap_nanoPOTS_top_down_Glass_0pt1DDM_R2_B3.mzML	Rat	35
MSV000089163	Hubmap_nanoPOTS_top_down_PP_0pt1DDM_R2.mzML	Rat	35
MSV000089163	Hubmap_nanoPOTS_top_down_PP_0pt1DDM_R1.mzML	Rat	35
MSV000089163	Hubmap_nanoPOTS_top_down_PP_0pt1DDM_R4.mzML	Rat	35
MSV000089163	Hubmap_nanoPOTS_top_down_PP_0pt1DDM_R5.mzML	Rat	35
MSV000089163	Hubmap_Intact_Brain_A1_cv30.mzML	Rat	35
MSV000089163	Hubmap_Intact_Brain_A4_cv30.mzML	Rat	35
MSV000089163	Hubmap_Intact_Brain_C3_cv30.mzML	Rat	35
MSV000089163	Hubmap_Intact_Brain_A3_cv30.mzML	Rat	35
MSV000089163	Hubmap_Intact_Brain_A2_cv30.mzML	Rat	35
MSV000089163	Hubmap_Intact_Brain_C5_cv30.mzML	Rat	35
MSV000089163	Hubmap_Intact_Brain_C4_cv30.mzML	Rat	35
MSV000089163	Hubmap_Intact_Brain_C2_cv30.mzML	Rat	35
MSV000089163	Hubmap_Intact_Brain_C1_cv30.mzML	Rat	35
MSV000089163	Hubmap_Intact_Brain_A1_cv40.mzML	Rat	35
MSV000089163	Hubmap_Intact_Brain_A4_cv40.mzML	Rat	35
MSV000089163	Hubmap_Intact_Brain_A3_cv40.mzML	Rat	35
MSV000089163	Hubmap_Intact_Brain_C5_cv40.mzML	Rat	35
MSV000089163	Hubmap_Intact_Brain_A2_cv40.mzML	Rat	35
MSV000089163	Hubmap_Intact_Brain_C3_cv40.mzML	Rat	35
MSV000089163	Hubmap_Intact_Brain_C4_cv50.mzML	Rat	35
MSV000089163	Hubmap_Intact_Brain_C4_cv40.mzML	Rat	35
MSV000089163	Hubmap_Intact_Brain_A1_cv50.mzML	Rat	35
MSV000089163	Hubmap_Intact_Brain_C3_cv50.mzML	Rat	35
MSV000089163	Hubmap_Intact_Brain_A2_cv50.mzML	Rat	35
MSV000089163	Hubmap_Intact_Brain_C5_cv50.mzML	Rat	35
MSV000089163	Hubmap_Intact_Brain_C2_cv50.mzML	Rat	35
MSV000089163	Hubmap_Intact_Brain_A3_cv50.mzML	Rat	35
MSV000089163	Hubmap_Intact_Brain_A4_cv50.mzML	Rat	35
MSV000089163	Hubmap_Intact_Brain_C1_cv40.mzML	Rat	35
MSV000089163	Hubmap_Intact_Brain_C2_cv40.mzML	Rat	35
MSV000089163	Hubmap_Intact_Brain_C1_cv50.mzML	Rat	35
PXD034368	F4_1.mzML	A. thaliana	5
PXD034368	F4_2.mzML	A. thaliana	5
PXD034368	F9_1.mzML	A. thaliana	5
PXD034368	F7_2.mzML	A. thaliana	5
PXD034368	F9_2.mzML	A. thaliana	5
PXD034368	F7_1.mzML	A. thaliana	5
PXD034368	F5_1.mzML	A. thaliana	5
PXD034368	F8_1.mzML	A. thaliana	5
PXD034368	F6_1.mzML	A. thaliana	5
PXD034368	F8_2.mzML	A. thaliana	5
PXD034368	F6_2.mzML	A. thaliana	5
PXD034368	C1.mzML	A. thaliana	5
PXD034368	C2.mzML	A. thaliana	5
PXD034368	C9.mzML	A. thaliana	5
PXD034368	C4.mzML	A. thaliana	5
PXD034368	C8.mzML	A. thaliana	5
PXD034368	C3.mzML	A. thaliana	5
PXD034368	C7.mzML	A. thaliana	5
PXD034368	C6.mzML	A. thaliana	5
PXD034368	C5.mzML	A. thaliana	5
