DATASET id	MSALIGN file name	PROJECT id	SUBDATASET id	MZML file name
MSV000091610	Ecoli_FAIMS_AC_bio3_tech3_0_ms2.msalign	3	1	Ecoli_FAIMS_AC_bio3_tech3.mzML
MSV000091610	Ecoli_FAIMS_AC_bio3_tech2_0_ms2.msalign	3	1	Ecoli_FAIMS_AC_bio3_tech2.mzML
MSV000091610	Ecoli_FAIMS_LB_bio3_tech3_0_ms2.msalign	3	1	Ecoli_FAIMS_LB_bio3_tech3.mzML
MSV000091610	Ecoli_FAIMS_AC_bio1_tech3_0_ms2.msalign	3	1	Ecoli_FAIMS_AC_bio1_tech3.mzML
MSV000091610	Ecoli_FAIMS_AC_bio4_tech3_0_ms2.msalign	3	1	Ecoli_FAIMS_AC_bio4_tech3.mzML
MSV000091610	Ecoli_FAIMS_LB_bio4_tech3_0_ms2.msalign	3	1	Ecoli_FAIMS_LB_bio4_tech3.mzML
MSV000091610	Ecoli_FAIMS_AC_bio4_tech2_0_ms2.msalign	3	1	Ecoli_FAIMS_AC_bio4_tech2.mzML
MSV000091610	Ecoli_FAIMS_AC_bio2_tech3_0_ms2.msalign	3	1	Ecoli_FAIMS_AC_bio2_tech3.mzML
MSV000091610	Ecoli_FAIMS_LB_bio1_tech3_0_ms2.msalign	3	1	Ecoli_FAIMS_LB_bio1_tech3.mzML
MSV000091610	Ecoli_FAIMS_LB_bio2_tech3_0_ms2.msalign	3	1	Ecoli_FAIMS_LB_bio2_tech3.mzML
MSV000091610	Ecoli_FAIMS_AC_bio1_tech2_0_ms2.msalign	3	1	Ecoli_FAIMS_AC_bio1_tech2.mzML
MSV000091610	Ecoli_FAIMS_LB_bio3_tech2_0_ms2.msalign	3	1	Ecoli_FAIMS_LB_bio3_tech2.mzML
MSV000091610	Ecoli_FAIMS_AC_bio1_tech1_0_ms2.msalign	3	1	Ecoli_FAIMS_AC_bio1_tech1.mzML
MSV000091610	Ecoli_FAIMS_LB_bio4_tech2_0_ms2.msalign	3	1	Ecoli_FAIMS_LB_bio4_tech2.mzML
MSV000091610	Ecoli_FAIMS_AC_bio4_tech1_0_ms2.msalign	3	1	Ecoli_FAIMS_AC_bio4_tech1.mzML
MSV000091610	Ecoli_FAIMS_LB_bio2_tech2_0_ms2.msalign	3	1	Ecoli_FAIMS_LB_bio2_tech2.mzML
MSV000091610	Ecoli_FAIMS_AC_bio2_tech2_0_ms2.msalign	3	1	Ecoli_FAIMS_AC_bio2_tech2.mzML
MSV000091610	Ecoli_FAIMS_LB_bio1_tech2_0_ms2.msalign	3	1	Ecoli_FAIMS_LB_bio1_tech2.mzML
MSV000091610	Ecoli_FAIMS_LB_bio1_tech1b_0_ms2.msalign	3	1	Ecoli_FAIMS_LB_bio1_tech1b.mzML
MSV000091610	Ecoli_FAIMS_LB_bio3_tech1_0_ms2.msalign	3	1	Ecoli_FAIMS_LB_bio3_tech1.mzML
MSV000091610	Ecoli_FAIMS_AC_bio3_tech1_0_ms2.msalign	3	1	Ecoli_FAIMS_AC_bio3_tech1.mzML
MSV000091610	Ecoli_FAIMS_AC_bio2_tech1_0_ms2.msalign	3	1	Ecoli_FAIMS_AC_bio2_tech1.mzML
MSV000091610	Ecoli_FAIMS_LB_bio4_tech1_0_ms2.msalign	3	1	Ecoli_FAIMS_LB_bio4_tech1.mzML
MSV000091610	Ecoli_FAIMS_LB_bio2_tech1_0_ms2.msalign	3	1	Ecoli_FAIMS_LB_bio2_tech1.mzML
MSV000091610	Ecoli_FAIMS_AC_bio3_tech2_-20_ms2.msalign	3	1	Ecoli_FAIMS_AC_bio3_tech2.mzML
MSV000091610	Ecoli_FAIMS_AC_bio2_tech2_-20_ms2.msalign	3	1	Ecoli_FAIMS_AC_bio2_tech2.mzML
MSV000091610	Ecoli_FAIMS_AC_bio3_tech3_-20_ms2.msalign	3	1	Ecoli_FAIMS_AC_bio3_tech3.mzML
MSV000091610	Ecoli_FAIMS_AC_bio2_tech3_-20_ms2.msalign	3	1	Ecoli_FAIMS_AC_bio2_tech3.mzML
MSV000091610	Ecoli_FAIMS_AC_bio4_tech3_-20_ms2.msalign	3	1	Ecoli_FAIMS_AC_bio4_tech3.mzML
MSV000091610	Ecoli_FAIMS_AC_bio2_tech3_-40_ms2.msalign	3	1	Ecoli_FAIMS_AC_bio2_tech3.mzML
MSV000091610	Ecoli_FAIMS_AC_bio3_tech3_-40_ms2.msalign	3	1	Ecoli_FAIMS_AC_bio3_tech3.mzML
MSV000091610	Ecoli_FAIMS_AC_bio1_tech1_-20_ms2.msalign	3	1	Ecoli_FAIMS_AC_bio1_tech1.mzML
MSV000091610	Ecoli_FAIMS_AC_bio4_tech2_-20_ms2.msalign	3	1	Ecoli_FAIMS_AC_bio4_tech2.mzML
MSV000091610	Ecoli_FAIMS_AC_bio4_tech3_-40_ms2.msalign	3	1	Ecoli_FAIMS_AC_bio4_tech3.mzML
MSV000091610	Ecoli_FAIMS_AC_bio1_tech2_-20_ms2.msalign	3	1	Ecoli_FAIMS_AC_bio1_tech2.mzML
MSV000091610	Ecoli_FAIMS_AC_bio1_tech3_-20_ms2.msalign	3	1	Ecoli_FAIMS_AC_bio1_tech3.mzML
MSV000091610	Ecoli_FAIMS_AC_bio2_tech2_-40_ms2.msalign	3	1	Ecoli_FAIMS_AC_bio2_tech2.mzML
MSV000091610	Ecoli_FAIMS_LB_bio1_tech3_-20_ms2.msalign	3	1	Ecoli_FAIMS_LB_bio1_tech3.mzML
MSV000091610	Ecoli_FAIMS_LB_bio4_tech3_-20_ms2.msalign	3	1	Ecoli_FAIMS_LB_bio4_tech3.mzML
MSV000091610	Ecoli_FAIMS_AC_bio3_tech2_-40_ms2.msalign	3	1	Ecoli_FAIMS_AC_bio3_tech2.mzML
MSV000091610	Ecoli_FAIMS_AC_bio1_tech3_-40_ms2.msalign	3	1	Ecoli_FAIMS_AC_bio1_tech3.mzML
MSV000091610	Ecoli_FAIMS_LB_bio2_tech3_-20_ms2.msalign	3	1	Ecoli_FAIMS_LB_bio2_tech3.mzML
MSV000091610	Ecoli_FAIMS_LB_bio1_tech1b_-20_ms2.msalign	3	1	Ecoli_FAIMS_LB_bio1_tech1b.mzML
MSV000091610	Ecoli_FAIMS_AC_bio4_tech2_-40_ms2.msalign	3	1	Ecoli_FAIMS_AC_bio4_tech2.mzML
MSV000091610	Ecoli_FAIMS_AC_bio2_tech1_-20_ms2.msalign	3	1	Ecoli_FAIMS_AC_bio2_tech1.mzML
MSV000091610	Ecoli_FAIMS_AC_bio4_tech1_-20_ms2.msalign	3	1	Ecoli_FAIMS_AC_bio4_tech1.mzML
MSV000091610	Ecoli_FAIMS_AC_bio3_tech1_-20_ms2.msalign	3	1	Ecoli_FAIMS_AC_bio3_tech1.mzML
MSV000091610	Ecoli_FAIMS_LB_bio1_tech2_-20_ms2.msalign	3	1	Ecoli_FAIMS_LB_bio1_tech2.mzML
MSV000091610	Ecoli_FAIMS_LB_bio3_tech3_-20_ms2.msalign	3	1	Ecoli_FAIMS_LB_bio3_tech3.mzML
MSV000091610	Ecoli_FAIMS_AC_bio1_tech2_-40_ms2.msalign	3	1	Ecoli_FAIMS_AC_bio1_tech2.mzML
MSV000091610	Ecoli_FAIMS_AC_bio1_tech1_-40_ms2.msalign	3	1	Ecoli_FAIMS_AC_bio1_tech1.mzML
MSV000091610	Ecoli_FAIMS_LB_bio2_tech2_-20_ms2.msalign	3	1	Ecoli_FAIMS_LB_bio2_tech2.mzML
MSV000091610	Ecoli_FAIMS_LB_bio4_tech3_-40_ms2.msalign	3	1	Ecoli_FAIMS_LB_bio4_tech3.mzML
MSV000091610	Ecoli_FAIMS_LB_bio3_tech2_-20_ms2.msalign	3	1	Ecoli_FAIMS_LB_bio3_tech2.mzML
MSV000091610	Ecoli_FAIMS_LB_bio3_tech1_-20_ms2.msalign	3	1	Ecoli_FAIMS_LB_bio3_tech1.mzML
MSV000091610	Ecoli_FAIMS_LB_bio4_tech2_-20_ms2.msalign	3	1	Ecoli_FAIMS_LB_bio4_tech2.mzML
MSV000091610	Ecoli_FAIMS_AC_bio2_tech1_-40_ms2.msalign	3	1	Ecoli_FAIMS_AC_bio2_tech1.mzML
MSV000091610	Ecoli_FAIMS_AC_bio4_tech1_-40_ms2.msalign	3	1	Ecoli_FAIMS_AC_bio4_tech1.mzML
MSV000091610	Ecoli_FAIMS_AC_bio3_tech1_-40_ms2.msalign	3	1	Ecoli_FAIMS_AC_bio3_tech1.mzML
MSV000091610	Ecoli_FAIMS_LB_bio4_tech1_-20_ms2.msalign	3	1	Ecoli_FAIMS_LB_bio4_tech1.mzML
MSV000091610	Ecoli_FAIMS_LB_bio2_tech1_-20_ms2.msalign	3	1	Ecoli_FAIMS_LB_bio2_tech1.mzML
MSV000091610	Ecoli_FAIMS_LB_bio4_tech2_-40_ms2.msalign	3	1	Ecoli_FAIMS_LB_bio4_tech2.mzML
MSV000091610	Ecoli_FAIMS_LB_bio2_tech3_-40_ms2.msalign	3	1	Ecoli_FAIMS_LB_bio2_tech3.mzML
MSV000091610	Ecoli_FAIMS_LB_bio2_tech2_-40_ms2.msalign	3	1	Ecoli_FAIMS_LB_bio2_tech2.mzML
MSV000091610	Ecoli_FAIMS_LB_bio1_tech3_-40_ms2.msalign	3	1	Ecoli_FAIMS_LB_bio1_tech3.mzML
MSV000091610	Ecoli_FAIMS_LB_bio3_tech3_-40_ms2.msalign	3	1	Ecoli_FAIMS_LB_bio3_tech3.mzML
MSV000091610	Ecoli_FAIMS_LB_bio1_tech1b_-40_ms2.msalign	3	1	Ecoli_FAIMS_LB_bio1_tech1b.mzML
MSV000091610	Ecoli_FAIMS_LB_bio3_tech2_-40_ms2.msalign	3	1	Ecoli_FAIMS_LB_bio3_tech2.mzML
MSV000091610	Ecoli_FAIMS_LB_bio1_tech2_-40_ms2.msalign	3	1	Ecoli_FAIMS_LB_bio1_tech2.mzML
MSV000091610	Ecoli_FAIMS_LB_bio4_tech1_-40_ms2.msalign	3	1	Ecoli_FAIMS_LB_bio4_tech1.mzML
MSV000091610	Ecoli_FAIMS_LB_bio2_tech1_-40_ms2.msalign	3	1	Ecoli_FAIMS_LB_bio2_tech1.mzML
MSV000091610	Ecoli_FAIMS_LB_bio3_tech1_-40_ms2.msalign	3	1	Ecoli_FAIMS_LB_bio3_tech1.mzML
MSV000091610	Ecoli_noFAIMS_AC_bio4_tech1_ms2.msalign	3	1	Ecoli_noFAIMS_AC_bio4_tech1.mzML
MSV000091610	Ecoli_noFAIMS_AC_bio3_tech1_ms2.msalign	3	1	Ecoli_noFAIMS_AC_bio3_tech1.mzML
MSV000091610	Ecoli_noFAIMS_AC_bio4_tech2_ms2.msalign	3	1	Ecoli_noFAIMS_AC_bio4_tech2.mzML
MSV000091610	Ecoli_noFAIMS_AC_bio1_tech1_ms2.msalign	3	1	Ecoli_noFAIMS_AC_bio1_tech1.mzML
MSV000091610	Ecoli_noFAIMS_AC_bio3_tech2_ms2.msalign	3	1	Ecoli_noFAIMS_AC_bio3_tech2.mzML
MSV000091610	Ecoli_noFAIMS_AC_bio3_tech3_ms2.msalign	3	1	Ecoli_noFAIMS_AC_bio3_tech3.mzML
MSV000091610	Ecoli_noFAIMS_AC_bio1_tech2_ms2.msalign	3	1	Ecoli_noFAIMS_AC_bio1_tech2.mzML
MSV000091610	Ecoli_noFAIMS_AC_bio4_tech3_ms2.msalign	3	1	Ecoli_noFAIMS_AC_bio4_tech3.mzML
MSV000091610	Ecoli_noFAIMS_LB_bio1_tech1_ms2.msalign	3	1	Ecoli_noFAIMS_LB_bio1_tech1.mzML
MSV000091610	Ecoli_noFAIMS_AC_bio2_tech1_ms2.msalign	3	1	Ecoli_noFAIMS_AC_bio2_tech1.mzML
MSV000091610	Ecoli_noFAIMS_AC_bio2_tech2_ms2.msalign	3	1	Ecoli_noFAIMS_AC_bio2_tech2.mzML
MSV000091610	Ecoli_noFAIMS_AC_bio1_tech3_ms2.msalign	3	1	Ecoli_noFAIMS_AC_bio1_tech3.mzML
MSV000091610	Ecoli_noFAIMS_AC_bio2_tech3_ms2.msalign	3	1	Ecoli_noFAIMS_AC_bio2_tech3.mzML
MSV000091610	Ecoli_noFAIMS_LB_bio2_tech1_ms2.msalign	3	1	Ecoli_noFAIMS_LB_bio2_tech1.mzML
MSV000091610	Ecoli_noFAIMS_LB_bio4_tech1_ms2.msalign	3	1	Ecoli_noFAIMS_LB_bio4_tech1.mzML
MSV000091610	Ecoli_noFAIMS_LB_bio2_tech3_ms2.msalign	3	1	Ecoli_noFAIMS_LB_bio2_tech3.mzML
MSV000091610	Ecoli_noFAIMS_LB_bio4_tech2_ms2.msalign	3	1	Ecoli_noFAIMS_LB_bio4_tech2.mzML
MSV000091610	Ecoli_noFAIMS_LB_bio3_tech1_ms2.msalign	3	1	Ecoli_noFAIMS_LB_bio3_tech1.mzML
MSV000091610	Ecoli_noFAIMS_LB_bio2_tech2_ms2.msalign	3	1	Ecoli_noFAIMS_LB_bio2_tech2.mzML
MSV000091610	Ecoli_noFAIMS_LB_bio1_tech2_ms2.msalign	3	1	Ecoli_noFAIMS_LB_bio1_tech2.mzML
MSV000091610	Ecoli_noFAIMS_LB_bio1_tech3_ms2.msalign	3	1	Ecoli_noFAIMS_LB_bio1_tech3.mzML
MSV000091610	Ecoli_noFAIMS_LB_bio4_tech3_ms2.msalign	3	1	Ecoli_noFAIMS_LB_bio4_tech3.mzML
MSV000091610	Ecoli_noFAIMS_LB_bio3_tech3_ms2.msalign	3	1	Ecoli_noFAIMS_LB_bio3_tech3.mzML
MSV000091610	Ecoli_noFAIMS_LB_bio3_tech2_ms2.msalign	3	1	Ecoli_noFAIMS_LB_bio3_tech2.mzML
PXD071282	Ecoli_SEC3_F13_ms2.msalign	1	2	Ecoli_SEC3_F13.mzML
PXD071282	Ecoli_SEC3_F12_ms2.msalign	1	2	Ecoli_SEC3_F12.mzML
PXD071282	Ecoli_SEC5_F13_ms2.msalign	1	2	Ecoli_SEC5_F13.mzML
PXD071282	Ecoli_SEC3_F11_ms2.msalign	1	2	Ecoli_SEC3_F11.mzML
PXD071282	Ecoli_SEC3_F10_ms2.msalign	1	2	Ecoli_SEC3_F10.mzML
PXD071282	Ecoli_SEC3_F4_ms2.msalign	1	2	Ecoli_SEC3_F4.mzML
PXD071282	Ecoli_SEC5_F11_ms2.msalign	1	2	Ecoli_SEC5_F11.mzML
PXD071282	Ecoli_SEC3_F8_ms2.msalign	1	2	Ecoli_SEC3_F8.mzML
PXD071282	Ecoli_SEC3_F7_ms2.msalign	1	2	Ecoli_SEC3_F7.mzML
PXD071282	Ecoli_SEC4_F12_ms2.msalign	1	2	Ecoli_SEC4_F12.mzML
PXD071282	Ecoli_SEC3_F5_ms2.msalign	1	2	Ecoli_SEC3_F5.mzML
PXD071282	Ecoli_SEC5_F7_ms2.msalign	1	2	Ecoli_SEC5_F7.mzML
PXD071282	Ecoli_SEC1_F4_ms2.msalign	1	2	Ecoli_SEC1_F4.mzML
PXD071282	Ecoli_SEC3_F9_ms2.msalign	1	2	Ecoli_SEC3_F9.mzML
PXD071282	Ecoli_SEC1_F3_ms2.msalign	1	2	Ecoli_SEC1_F3.mzML
PXD071282	Ecoli_SEC3_F3_ms2.msalign	1	2	Ecoli_SEC3_F3.mzML
PXD071282	Ecoli_SEC3_F6_ms2.msalign	1	2	Ecoli_SEC3_F6.mzML
PXD071282	Ecoli_SEC3_F2_ms2.msalign	1	2	Ecoli_SEC3_F2.mzML
PXD071282	Ecoli_SEC3_F1_ms2.msalign	1	2	Ecoli_SEC3_F1.mzML
PXD071282	Ecoli_SEC5_F10_ms2.msalign	1	2	Ecoli_SEC5_F10.mzML
PXD071282	Ecoli_SEC5_F9_ms2.msalign	1	2	Ecoli_SEC5_F9.mzML
PXD071282	Ecoli_SEC5_F8_ms2.msalign	1	2	Ecoli_SEC5_F8.mzML
PXD071282	Ecoli_SEC1_F1_ms2.msalign	1	2	Ecoli_SEC1_F1.mzML
PXD071282	Ecoli_SEC5_F12_ms2.msalign	1	2	Ecoli_SEC5_F12.mzML
PXD071282	Ecoli_SEC5_F3_ms2.msalign	1	2	Ecoli_SEC5_F3.mzML
PXD071282	Ecoli_SEC4_F10_ms2.msalign	1	2	Ecoli_SEC4_F10.mzML
PXD071282	Ecoli_SEC4_F11_ms2.msalign	1	2	Ecoli_SEC4_F11.mzML
PXD071282	Ecoli_SEC5_F2_ms2.msalign	1	2	Ecoli_SEC5_F2.mzML
PXD071282	Ecoli_SEC4_F9_ms2.msalign	1	2	Ecoli_SEC4_F9.mzML
PXD071282	Ecoli_SEC4_F1_ms2.msalign	1	2	Ecoli_SEC4_F1.mzML
PXD071282	Ecoli_SEC1_F2_ms2.msalign	1	2	Ecoli_SEC1_F2.mzML
PXD071282	Ecoli_SEC4_F7_ms2.msalign	1	2	Ecoli_SEC4_F7.mzML
PXD071282	Ecoli_SEC4_F8_ms2.msalign	1	2	Ecoli_SEC4_F8.mzML
PXD071282	Ecoli_SEC4_F4_ms2.msalign	1	2	Ecoli_SEC4_F4.mzML
PXD071282	Ecoli_SEC4_F2_ms2.msalign	1	2	Ecoli_SEC4_F2.mzML
PXD071282	Ecoli_SEC4_F3_ms2.msalign	1	2	Ecoli_SEC4_F3.mzML
PXD071282	Ecoli_SEC5_F6_ms2.msalign	1	2	Ecoli_SEC5_F6.mzML
PXD071282	Ecoli_SEC5_F1_ms2.msalign	1	2	Ecoli_SEC5_F1.mzML
PXD071282	Ecoli_SEC4_F5_ms2.msalign	1	2	Ecoli_SEC4_F5.mzML
PXD071282	Ecoli_SEC5_F5_ms2.msalign	1	2	Ecoli_SEC5_F5.mzML
PXD071282	Ecoli_SEC4_F6_ms2.msalign	1	2	Ecoli_SEC4_F6.mzML
PXD071282	Ecoli_SEC5_F14_ms2.msalign	1	2	Ecoli_SEC5_F14.mzML
PXD071282	Ecoli_SEC5_F4_ms2.msalign	1	2	Ecoli_SEC5_F4.mzML
MSV000085258	DSB_201900915_M9-J-20190404_PEPPI_F09_02_ms2.msalign	31	3	DSB_201900915_M9-J-20190404_PEPPI_F09_02.mzML
MSV000085258	LCA_DSB_20191105_M9-OL-20190515_GF_02B_01_ms2.msalign	31	3	LCA_DSB_20191105_M9-OL-20190515_GF_02B_01.mzML
MSV000085258	DSB_201900915_M9-J-20190404_PEPPI_F09_01_ms2.msalign	31	3	DSB_201900915_M9-J-20190404_PEPPI_F09_01.mzML
MSV000085258	LCA_DSB_20191105_M9-OL-20190515_GF_02B_02_ms2.msalign	31	3	LCA_DSB_20191105_M9-OL-20190515_GF_02B_02.mzML
MSV000085258	LCA_DSB_20191105_M9-OL-20190515_GF_01B_02_ms2.msalign	31	3	LCA_DSB_20191105_M9-OL-20190515_GF_01B_02.mzML
MSV000085258	DSB_20190914_MG1655_M9-OL-20190515_GF_03_02_190915191709_ms2.msalign	31	3	DSB_20190914_MG1655_M9-OL-20190515_GF_03_02_190915191709.mzML
MSV000085258	DSB_20200125_M9-J-20190404_PEPPI09_02_ms2.msalign	31	3	DSB_20200125_M9-J-20190404_PEPPI09_02.mzML
MSV000085258	DSB_20200125_M9-J-20190404_PEPPI09_01_ms2.msalign	31	3	DSB_20200125_M9-J-20190404_PEPPI09_01.mzML
MSV000085258	LCA_DSB_20191105_M9-OL-20190515_GF_01B_01_ms2.msalign	31	3	LCA_DSB_20191105_M9-OL-20190515_GF_01B_01.mzML
MSV000085258	LCA_DSB_20191105_M9-OL-20190515_GF_03B_02_ms2.msalign	31	3	LCA_DSB_20191105_M9-OL-20190515_GF_03B_02.mzML
MSV000085258	LCA_DSB_20191105_M9-OL-20190515_GF_03B_01_ms2.msalign	31	3	LCA_DSB_20191105_M9-OL-20190515_GF_03B_01.mzML
MSV000085258	LCA_DSB_20191106_M9-OL-20190515_GF_07B_01_ms2.msalign	31	3	LCA_DSB_20191106_M9-OL-20190515_GF_07B_01.mzML
MSV000085258	LCA_DSB_20191106_M9-OL-20190515_GF_07B_02_ms2.msalign	31	3	LCA_DSB_20191106_M9-OL-20190515_GF_07B_02.mzML
MSV000085258	LCA_DSB_20191106_M9-OL-20190515_GF_08B_01_ms2.msalign	31	3	LCA_DSB_20191106_M9-OL-20190515_GF_08B_01.mzML
MSV000085258	LCA_DSB_20191107_M9-OL-20190515_GF_09B_02_ms2.msalign	31	3	LCA_DSB_20191107_M9-OL-20190515_GF_09B_02.mzML
MSV000085258	LCA_DSB_20191107_M9-OL-20190515_GF_09B_01_ms2.msalign	31	3	LCA_DSB_20191107_M9-OL-20190515_GF_09B_01.mzML
MSV000085258	LCA_DSB_20191106_M9-OL-20190515_GF_08B_02_ms2.msalign	31	3	LCA_DSB_20191106_M9-OL-20190515_GF_08B_02.mzML
MSV000085258	LCA_DSB_20191105_M9-OL-20190515_GF_04B_01_ms2.msalign	31	3	LCA_DSB_20191105_M9-OL-20190515_GF_04B_01.mzML
MSV000085258	DSB_20200124_M9-J-20190404_PEPPI01_02_ms2.msalign	31	3	DSB_20200124_M9-J-20190404_PEPPI01_02.mzML
MSV000085258	LCA_DSB_20191105_M9-OL-20190515_GF_04B_02_ms2.msalign	31	3	LCA_DSB_20191105_M9-OL-20190515_GF_04B_02.mzML
MSV000085258	DSB_20200124_M9-J-20190404_PEPPI01_01_ms2.msalign	31	3	DSB_20200124_M9-J-20190404_PEPPI01_01.mzML
MSV000085258	LCA_DSB_20191106_M9-OL-20190515_GF_06B_02_ms2.msalign	31	3	LCA_DSB_20191106_M9-OL-20190515_GF_06B_02.mzML
MSV000085258	LCA_DSB_20191106_M9-OL-20190515_GF_06B_01_ms2.msalign	31	3	LCA_DSB_20191106_M9-OL-20190515_GF_06B_01.mzML
MSV000085258	LCA_DSB_20191106_M9-OL-20190515_GF_05B_02_ms2.msalign	31	3	LCA_DSB_20191106_M9-OL-20190515_GF_05B_02.mzML
MSV000085258	DSB_20200125_M9-J-20190404_PEPPI08_02_ms2.msalign	31	3	DSB_20200125_M9-J-20190404_PEPPI08_02.mzML
MSV000085258	LCA_DSB_20191106_M9-OL-20190515_GF_05B_01_ms2.msalign	31	3	LCA_DSB_20191106_M9-OL-20190515_GF_05B_01.mzML
MSV000085258	DSB_20200125_M9-J-20190404_PEPPI08_01_ms2.msalign	31	3	DSB_20200125_M9-J-20190404_PEPPI08_01.mzML
MSV000085258	DSB_20200124_M9-J-20190404_PEPPI04_01_ms2.msalign	31	3	DSB_20200124_M9-J-20190404_PEPPI04_01.mzML
MSV000085258	DSB_201900906_M9-J-20190404_PEPPI_F01_01_ms2.msalign	31	3	DSB_201900906_M9-J-20190404_PEPPI_F01_01.mzML
MSV000085258	DSB_201900906_M9-J-20190404_PEPPI_F01_02_ms2.msalign	31	3	DSB_201900906_M9-J-20190404_PEPPI_F01_02.mzML
MSV000085258	DSB_20200124_M9-J-20190404_PEPPI04_02_ms2.msalign	31	3	DSB_20200124_M9-J-20190404_PEPPI04_02.mzML
MSV000085258	DSB_20200124_M9-J-20190404_PEPPI02_02_ms2.msalign	31	3	DSB_20200124_M9-J-20190404_PEPPI02_02.mzML
MSV000085258	DSB_20200124_M9-J-20190404_PEPPI03_02_ms2.msalign	31	3	DSB_20200124_M9-J-20190404_PEPPI03_02.mzML
MSV000085258	DSB_20200125_M9-J-20190404_PEPPI07_02_ms2.msalign	31	3	DSB_20200125_M9-J-20190404_PEPPI07_02.mzML
MSV000085258	DSB_201900907_M9-J-20190404_PEPPI_F06_01_ms2.msalign	31	3	DSB_201900907_M9-J-20190404_PEPPI_F06_01.mzML
MSV000085258	DSB_20200125_M9-J-20190404_PEPPI06_01_ms2.msalign	31	3	DSB_20200125_M9-J-20190404_PEPPI06_01.mzML
MSV000085258	DSB_20200125_M9-J-20190404_PEPPI06_02_ms2.msalign	31	3	DSB_20200125_M9-J-20190404_PEPPI06_02.mzML
MSV000085258	DSB_20200124_M9-J-20190404_PEPPI02_01_ms2.msalign	31	3	DSB_20200124_M9-J-20190404_PEPPI02_01.mzML
MSV000085258	DSB_20200124_M9-J-20190404_PEPPI03_01_ms2.msalign	31	3	DSB_20200124_M9-J-20190404_PEPPI03_01.mzML
MSV000085258	DSB_201900907_M9-J-20190404_PEPPI_F06_02_ms2.msalign	31	3	DSB_201900907_M9-J-20190404_PEPPI_F06_02.mzML
MSV000085258	DSB_20200125_M9-J-20190404_PEPPI07_01_ms2.msalign	31	3	DSB_20200125_M9-J-20190404_PEPPI07_01.mzML
MSV000085258	DSB_201900906_M9-J-20190404_PEPPI_F02_02_ms2.msalign	31	3	DSB_201900906_M9-J-20190404_PEPPI_F02_02.mzML
MSV000085258	DSB_201900906_M9-J-20190404_PEPPI_F02_01_ms2.msalign	31	3	DSB_201900906_M9-J-20190404_PEPPI_F02_01.mzML
MSV000085258	DSB_201900906_M9-J-20190404_PEPPI_F03_01_ms2.msalign	31	3	DSB_201900906_M9-J-20190404_PEPPI_F03_01.mzML
MSV000085258	DSB_201900906_M9-J-20190404_PEPPI_F03_02_ms2.msalign	31	3	DSB_201900906_M9-J-20190404_PEPPI_F03_02.mzML
MSV000085258	DSB_201900907_M9-J-20190404_PEPPI_F04_02_ms2.msalign	31	3	DSB_201900907_M9-J-20190404_PEPPI_F04_02.mzML
MSV000085258	DSB_201900907_M9-J-20190404_PEPPI_F05_02_ms2.msalign	31	3	DSB_201900907_M9-J-20190404_PEPPI_F05_02.mzML
MSV000085258	DSB_201900907_M9-J-20190404_PEPPI_F04_01_ms2.msalign	31	3	DSB_201900907_M9-J-20190404_PEPPI_F04_01.mzML
MSV000085258	DSB_20200125_M9-J-20190404_PEPPI05_02_ms2.msalign	31	3	DSB_20200125_M9-J-20190404_PEPPI05_02.mzML
MSV000085258	DSB_201900908_M9-J-20190404_PEPPI_F08_01_ms2.msalign	31	3	DSB_201900908_M9-J-20190404_PEPPI_F08_01.mzML
MSV000085258	DSB_201900907_M9-J-20190404_PEPPI_F05_01_ms2.msalign	31	3	DSB_201900907_M9-J-20190404_PEPPI_F05_01.mzML
MSV000085258	DSB_20200125_M9-J-20190404_PEPPI05_01_ms2.msalign	31	3	DSB_20200125_M9-J-20190404_PEPPI05_01.mzML
MSV000085258	DSB_201900908_M9-J-20190404_PEPPI_F07_01_ms2.msalign	31	3	DSB_201900908_M9-J-20190404_PEPPI_F07_01.mzML
MSV000085258	DSB_20190918_MG1655_M9-OL-20190515_GF_07_02_ms2.msalign	31	3	DSB_20190918_MG1655_M9-OL-20190515_GF_07_02.mzML
MSV000085258	DSB_20190918_MG1655_M9-OL-20190515_GF_07_01_ms2.msalign	31	3	DSB_20190918_MG1655_M9-OL-20190515_GF_07_01.mzML
MSV000085258	DSB_20190917_MG1655_M9-OL-20190515_GF_06_02_ms2.msalign	31	3	DSB_20190917_MG1655_M9-OL-20190515_GF_06_02.mzML
MSV000085258	DSB_201900917_M9-J-20190404_PEPPI_F08_02_ms2.msalign	31	3	DSB_201900917_M9-J-20190404_PEPPI_F08_02.mzML
MSV000085258	DSB_20190917_MG1655_M9-OL-20190515_GF_06_01_ms2.msalign	31	3	DSB_20190917_MG1655_M9-OL-20190515_GF_06_01.mzML
MSV000085258	DSB_20190914_MG1655_M9-OL-20190515_GF_02_02_ms2.msalign	31	3	DSB_20190914_MG1655_M9-OL-20190515_GF_02_02.mzML
MSV000085258	DSB_20190914_MG1655_M9-OL-20190515_GF_01_01_ms2.msalign	31	3	DSB_20190914_MG1655_M9-OL-20190515_GF_01_01.mzML
MSV000085258	DSB_20190917_MG1655_M9-OL-20190515_GF_05_02_ms2.msalign	31	3	DSB_20190917_MG1655_M9-OL-20190515_GF_05_02.mzML
MSV000085258	DSB_20190914_MG1655_M9-OL-20190515_GF_02_01_ms2.msalign	31	3	DSB_20190914_MG1655_M9-OL-20190515_GF_02_01.mzML
MSV000085258	DSB_20190914_MG1655_M9-OL-20190515_GF_03_01_ms2.msalign	31	3	DSB_20190914_MG1655_M9-OL-20190515_GF_03_01.mzML
MSV000085258	DSB_20190914_MG1655_M9-OL-20190515_GF_01_02_ms2.msalign	31	3	DSB_20190914_MG1655_M9-OL-20190515_GF_01_02.mzML
MSV000085258	DSB_20190917_MG1655_M9-OL-20190515_GF_04_01_ms2.msalign	31	3	DSB_20190917_MG1655_M9-OL-20190515_GF_04_01.mzML
MSV000085258	DSB_20190917_MG1655_M9-OL-20190515_GF_04_02_ms2.msalign	31	3	DSB_20190917_MG1655_M9-OL-20190515_GF_04_02.mzML
MSV000085258	DSB_20190917_MG1655_M9-OL-20190515_GF_05_01_ms2.msalign	31	3	DSB_20190917_MG1655_M9-OL-20190515_GF_05_01.mzML
MSV000085258	DSB_20190921_MG1655_M9-OL-20190515_GF_09_02_ms2.msalign	31	3	DSB_20190921_MG1655_M9-OL-20190515_GF_09_02.mzML
MSV000085258	DSB_20190921_MG1655_M9-OL-20190515_GF_09_01_ms2.msalign	31	3	DSB_20190921_MG1655_M9-OL-20190515_GF_09_01.mzML
MSV000085258	DSB_20190918_MG1655_M9-OL-20190515_GF_08_02_ms2.msalign	31	3	DSB_20190918_MG1655_M9-OL-20190515_GF_08_02.mzML
MSV000085258	DSB_20190918_MG1655_M9-OL-20190515_GF_08_01_ms2.msalign	31	3	DSB_20190918_MG1655_M9-OL-20190515_GF_08_01.mzML
MSV000085258	DSB_20200315_M9-J-20190404_PEPPI_F07_02_ms2.msalign	31	3	DSB_20200315_M9-J-20190404_PEPPI_F07_02.mzML
PXD018248	ecoli-400ng-20AA-1-rep1_bestconditions_ms2.msalign	22	4	ecoli-400ng-20AA-1-rep1_bestconditions.mzML
PXD018248	ecoli-400ng-20AA-1-rep2_firstbatch_ms2.msalign	22	4	ecoli-400ng-20AA-1-rep2_firstbatch.mzML
PXD018248	ecoli-400ng-20AA-2-rep2_secondbatch_ms2.msalign	22	4	ecoli-400ng-20AA-2-rep2_secondbatch.mzML
PXD017265	1M_20AA15DMA10IPA_ecoli_400nL_04_ms2.msalign	7	7	1M_20AA15DMA10IPA_ecoli_400nL_04.mzML
PXD017265	1M_20AA_ecoli_400nL_02_ms2.msalign	7	7	1M_20AA_ecoli_400nL_02.mzML
PXD017265	1M_05AA_ecoli_400nL_01_ms2.msalign	7	7	1M_05AA_ecoli_400nL_01.mzML
PXD017265	1M_20AA_ecoli_400nL_03_ms2.msalign	7	7	1M_20AA_ecoli_400nL_03.mzML
PXD017265	1M_20AA_ecoli_400nL_01_ms2.msalign	7	7	1M_20AA_ecoli_400nL_01.mzML
PXD017265	1M_05AA_ecoli_400nL_02_ms2.msalign	7	7	1M_05AA_ecoli_400nL_02.mzML
PXD017265	1M_05AA_ecoli_400nL_03_ms2.msalign	7	7	1M_05AA_ecoli_400nL_03.mzML
PXD017265	1M_20AA15DMA10IPA_ecoli_400nL_01_ms2.msalign	7	7	1M_20AA15DMA10IPA_ecoli_400nL_01.mzML
PXD017265	1M_20AA15DMA10IPA_ecoli_400nL_02_ms2.msalign	7	7	1M_20AA15DMA10IPA_ecoli_400nL_02.mzML
PXD046651	Diluted_Yeast_1_ms2.msalign	12	8	Diluted_Yeast_1.mzML
PXD046651	Diluted_Yeast_2_ms2.msalign	12	8	Diluted_Yeast_2.mzML
PXD046651	Diluted_Yeast_3_ms2.msalign	12	8	Diluted_Yeast_3.mzML
PXD046651	Yeast_16_ms2.msalign	12	8	Yeast_16.mzML
PXD046651	Yeast_58_ms2.msalign	12	8	Yeast_58.mzML
PXD046651	Diluted_Yeast_4_ms2.msalign	12	8	Diluted_Yeast_4.mzML
PXD046651	Yeast_50_ms2.msalign	12	8	Yeast_50.mzML
PXD046651	Yeast_41_ms2.msalign	12	8	Yeast_41.mzML
PXD046651	Yeast_21_ms2.msalign	12	8	Yeast_21.mzML
PXD046651	Diluted_Yeast_5_ms2.msalign	12	8	Diluted_Yeast_5.mzML
PXD046651	Yeast_28_ms2.msalign	12	8	Yeast_28.mzML
PXD046651	Yeast_40_ms2.msalign	12	8	Yeast_40.mzML
PXD046651	Yeast_37_ms2.msalign	12	8	Yeast_37.mzML
PXD046651	Yeast_19_ms2.msalign	12	8	Yeast_19.mzML
PXD046651	Yeast_59_ms2.msalign	12	8	Yeast_59.mzML
PXD046651	Yeast_22_ms2.msalign	12	8	Yeast_22.mzML
PXD046651	Yeast_20_ms2.msalign	12	8	Yeast_20.mzML
PXD046651	Yeast_1_ms2.msalign	12	8	Yeast_1.mzML
PXD046651	Yeast_23_ms2.msalign	12	8	Yeast_23.mzML
PXD046651	Yeast_35_ms2.msalign	12	8	Yeast_35.mzML
PXD046651	Yeast_60_ms2.msalign	12	8	Yeast_60.mzML
PXD046651	Yeast_18_ms2.msalign	12	8	Yeast_18.mzML
PXD046651	Yeast_25_ms2.msalign	12	8	Yeast_25.mzML
PXD046651	Yeast_17_ms2.msalign	12	8	Yeast_17.mzML
PXD046651	Yeast_36_ms2.msalign	12	8	Yeast_36.mzML
PXD046651	Yeast_61_ms2.msalign	12	8	Yeast_61.mzML
PXD046651	Yeast_34_ms2.msalign	12	8	Yeast_34.mzML
PXD046651	Yeast_52_ms2.msalign	12	8	Yeast_52.mzML
PXD046651	Yeast_2_ms2.msalign	12	8	Yeast_2.mzML
PXD046651	Yeast_29_ms2.msalign	12	8	Yeast_29.mzML
PXD046651	Yeast_39_ms2.msalign	12	8	Yeast_39.mzML
PXD046651	Yeast_51_ms2.msalign	12	8	Yeast_51.mzML
PXD046651	Yeast_54_ms2.msalign	12	8	Yeast_54.mzML
PXD046651	Yeast_4_ms2.msalign	12	8	Yeast_4.mzML
PXD046651	Yeast_38_ms2.msalign	12	8	Yeast_38.mzML
PXD046651	Yeast_26_ms2.msalign	12	8	Yeast_26.mzML
PXD046651	Yeast_62_ms2.msalign	12	8	Yeast_62.mzML
PXD046651	Yeast_27_ms2.msalign	12	8	Yeast_27.mzML
PXD046651	Yeast_14_ms2.msalign	12	8	Yeast_14.mzML
PXD046651	Yeast_53_ms2.msalign	12	8	Yeast_53.mzML
PXD046651	Yeast_42_ms2.msalign	12	8	Yeast_42.mzML
PXD046651	Yeast_33_ms2.msalign	12	8	Yeast_33.mzML
PXD046651	Yeast_43_ms2.msalign	12	8	Yeast_43.mzML
PXD046651	Yeast_45_ms2.msalign	12	8	Yeast_45.mzML
PXD046651	Yeast_46_ms2.msalign	12	8	Yeast_46.mzML
PXD046651	Yeast_3_ms2.msalign	12	8	Yeast_3.mzML
PXD046651	Yeast_44_ms2.msalign	12	8	Yeast_44.mzML
PXD046651	Yeast_10_ms2.msalign	12	8	Yeast_10.mzML
PXD046651	Yeast_30_ms2.msalign	12	8	Yeast_30.mzML
PXD046651	Yeast_11_ms2.msalign	12	8	Yeast_11.mzML
PXD046651	Yeast_47_ms2.msalign	12	8	Yeast_47.mzML
PXD046651	Yeast_48_ms2.msalign	12	8	Yeast_48.mzML
PXD046651	Yeast_12_ms2.msalign	12	8	Yeast_12.mzML
PXD046651	Yeast_9_ms2.msalign	12	8	Yeast_9.mzML
PXD046651	Yeast_55_ms2.msalign	12	8	Yeast_55.mzML
PXD046651	Yeast_32_ms2.msalign	12	8	Yeast_32.mzML
PXD046651	Yeast_49_ms2.msalign	12	8	Yeast_49.mzML
PXD046651	Yeast_8_ms2.msalign	12	8	Yeast_8.mzML
PXD046651	Yeast_7_ms2.msalign	12	8	Yeast_7.mzML
PXD046651	Yeast_6_ms2.msalign	12	8	Yeast_6.mzML
PXD046651	Yeast_31_ms2.msalign	12	8	Yeast_31.mzML
PXD046651	Yeast_5_ms2.msalign	12	8	Yeast_5.mzML
PXD046651	Yeast_13_ms2.msalign	12	8	Yeast_13.mzML
PXD046651	Yeast_15_ms2.msalign	12	8	Yeast_15.mzML
PXD046651	Yeast_57_ms2.msalign	12	8	Yeast_57.mzML
PXD046651	Yeast_56_ms2.msalign	12	8	Yeast_56.mzML
PXD046651	Yeast_24_ms2.msalign	12	8	Yeast_24.mzML
IPX0005864000	data01_Haima_mem_F1_ms2.msalign	26	9	data01_Haima_mem_F1.mzML
IPX0005864000	data09_Haima_mem_F9_ms2.msalign	26	9	data09_Haima_mem_F9.mzML
IPX0005864000	data02_Haima_mem_F2_ms2.msalign	26	9	data02_Haima_mem_F2.mzML
IPX0005864000	data08_Haima_mem_F8_ms2.msalign	26	9	data08_Haima_mem_F8.mzML
IPX0005864000	data07_Haima_mem_F7_ms2.msalign	26	9	data07_Haima_mem_F7.mzML
IPX0005864000	data03_Haima_mem_F3_ms2.msalign	26	9	data03_Haima_mem_F3.mzML
IPX0005864000	data05_Haima_mem_F5_ms2.msalign	26	9	data05_Haima_mem_F5.mzML
IPX0005864000	data04_Haima_mem_F4_ms2.msalign	26	9	data04_Haima_mem_F4.mzML
IPX0005864000	data06_Haima_mem_F6_ms2.msalign	26	9	data06_Haima_mem_F6.mzML
PXD042298	F4_1_ms2.msalign	33	10	F4_1.mzML
PXD042298	F4_2_ms2.msalign	33	10	F4_2.mzML
PXD042298	F1_1_ms2.msalign	33	10	F1_1.mzML
PXD042298	Single_shot_BeforeSEC_ms2.msalign	33	10	Single_shot_BeforeSEC.mzML
PXD042298	F1_2_ms2.msalign	33	10	F1_2.mzML
PXD042298	F2_1_ms2.msalign	33	10	F2_1.mzML
PXD042298	F3_2_ms2.msalign	33	10	F3_2.mzML
PXD042298	F2_2_ms2.msalign	33	10	F2_2.mzML
PXD042298	F3_1_ms2.msalign	33	10	F3_1.mzML
PXD051505	Mit_Old3_T2_ms2.msalign	32	11	Mit_Old3_T2.mzML
PXD051505	Mit_Old3_T1_ms2.msalign	32	11	Mit_Old3_T1.mzML
PXD051505	Mit_Old2_T1_ms2.msalign	32	11	Mit_Old2_T1.mzML
PXD051505	Mit_Old2_T2_ms2.msalign	32	11	Mit_Old2_T2.mzML
PXD051505	Mit_Old1_T2_ms2.msalign	32	11	Mit_Old1_T2.mzML
PXD051505	Mit_Old1_T1_ms2.msalign	32	11	Mit_Old1_T1.mzML
PXD051505	Mit_Young3_T2_ms2.msalign	32	11	Mit_Young3_T2.mzML
PXD051505	Mit_Young2_T1_ms2.msalign	32	11	Mit_Young2_T1.mzML
PXD051505	Mit_Young2_T2_ms2.msalign	32	11	Mit_Young2_T2.mzML
PXD051505	Mit_Young3_T1_ms2.msalign	32	11	Mit_Young3_T1.mzML
PXD051505	Mit_Young1_T1_ms2.msalign	32	11	Mit_Young1_T1.mzML
PXD051505	Mit_Young1_T2_ms2.msalign	32	11	Mit_Young1_T2.mzML
MSV000092097	T1D_TD_PE33-7_WT_F_Aragorn_02Apr21_21-02-01_-55_ms2.msalign	13	12	T1D_TD_PE33-7_WT_F_Aragorn_02Apr21_21-02-01.mzML
MSV000092097	T1D_TD_BC228-4_KO_M_1_Aragorn_02Apr21_21-02-01_-55_ms2.msalign	13	12	T1D_TD_BC228-4_KO_M_1_Aragorn_02Apr21_21-02-01.mzML
MSV000092097	T1D_TD_BC228-3_WT_M_Aragorn_02Apr21_21-02-01_-55_ms2.msalign	13	12	T1D_TD_BC228-3_WT_M_Aragorn_02Apr21_21-02-01.mzML
MSV000092097	T1D_TD_BC228-4_KO_M_3_Aragorn_02Apr21_21-02-01_-55_ms2.msalign	13	12	T1D_TD_BC228-4_KO_M_3_Aragorn_02Apr21_21-02-01.mzML
MSV000092097	T1D_TD_BC228-4_KO_M_4_Aragorn_02Apr21_21-02-01_-55_ms2.msalign	13	12	T1D_TD_BC228-4_KO_M_4_Aragorn_02Apr21_21-02-01.mzML
MSV000092097	T1D_TD_BC228-4_KO_M_2_Aragorn_02Apr21_21-02-01_-55_ms2.msalign	13	12	T1D_TD_BC228-4_KO_M_2_Aragorn_02Apr21_21-02-01.mzML
MSV000092097	T1D_TD_PE32-3_WT_M_Aragorn_02Apr21_21-02-01_-55_ms2.msalign	13	12	T1D_TD_PE32-3_WT_M_Aragorn_02Apr21_21-02-01.mzML
MSV000092097	T1D_TD_PE33-5_WT_F_Aragorn_02Apr21_21-02-01_-55_ms2.msalign	13	12	T1D_TD_PE33-5_WT_F_Aragorn_02Apr21_21-02-01.mzML
MSV000092097	T1D_TD_BC228-4_KO_M_1_Aragorn_02Apr21_21-02-01_-35_ms2.msalign	13	12	T1D_TD_BC228-4_KO_M_1_Aragorn_02Apr21_21-02-01.mzML
MSV000092097	T1D_TD_BC228-4_KO_M_4_Aragorn_02Apr21_21-02-01_-35_ms2.msalign	13	12	T1D_TD_BC228-4_KO_M_4_Aragorn_02Apr21_21-02-01.mzML
MSV000092097	T1D_TD_BC228-4_KO_M_3_Aragorn_02Apr21_21-02-01_-35_ms2.msalign	13	12	T1D_TD_BC228-4_KO_M_3_Aragorn_02Apr21_21-02-01.mzML
MSV000092097	T1D_TD_BC228-4_KO_M_1_Aragorn_02Apr21_21-02-01_-45_ms2.msalign	13	12	T1D_TD_BC228-4_KO_M_1_Aragorn_02Apr21_21-02-01.mzML
MSV000092097	T1D_TD_BC228-4_KO_M_2_Aragorn_02Apr21_21-02-01_-35_ms2.msalign	13	12	T1D_TD_BC228-4_KO_M_2_Aragorn_02Apr21_21-02-01.mzML
MSV000092097	T1D_TD_BC228-4_KO_M_4_Aragorn_02Apr21_21-02-01_-45_ms2.msalign	13	12	T1D_TD_BC228-4_KO_M_4_Aragorn_02Apr21_21-02-01.mzML
MSV000092097	T1D_TD_BC228-4_KO_M_3_Aragorn_02Apr21_21-02-01_-45_ms2.msalign	13	12	T1D_TD_BC228-4_KO_M_3_Aragorn_02Apr21_21-02-01.mzML
MSV000092097	T1D_TD_BC228-3_WT_M_Aragorn_02Apr21_21-02-01_-35_ms2.msalign	13	12	T1D_TD_BC228-3_WT_M_Aragorn_02Apr21_21-02-01.mzML
MSV000092097	T1D_TD_BC228-3_WT_M_Aragorn_02Apr21_21-02-01_-45_ms2.msalign	13	12	T1D_TD_BC228-3_WT_M_Aragorn_02Apr21_21-02-01.mzML
MSV000092097	T1D_TD_BC228-4_KO_M_2_Aragorn_02Apr21_21-02-01_-45_ms2.msalign	13	12	T1D_TD_BC228-4_KO_M_2_Aragorn_02Apr21_21-02-01.mzML
MSV000092097	T1D_TD_PE33-7_WT_F_Aragorn_02Apr21_21-02-01_-35_ms2.msalign	13	12	T1D_TD_PE33-7_WT_F_Aragorn_02Apr21_21-02-01.mzML
MSV000092097	T1D_TD_PE33-7_WT_F_Aragorn_02Apr21_21-02-01_-45_ms2.msalign	13	12	T1D_TD_PE33-7_WT_F_Aragorn_02Apr21_21-02-01.mzML
MSV000092097	T1D_TD_PE32-3_WT_M_Aragorn_02Apr21_21-02-01_-45_ms2.msalign	13	12	T1D_TD_PE32-3_WT_M_Aragorn_02Apr21_21-02-01.mzML
MSV000092097	T1D_TD_PE32-3_WT_M_Aragorn_02Apr21_21-02-01_-35_ms2.msalign	13	12	T1D_TD_PE32-3_WT_M_Aragorn_02Apr21_21-02-01.mzML
MSV000092097	T1D_TD_PE33-5_WT_F_Aragorn_02Apr21_21-02-01_-35_ms2.msalign	13	12	T1D_TD_PE33-5_WT_F_Aragorn_02Apr21_21-02-01.mzML
MSV000092097	T1D_TD_PE33-5_WT_F_Aragorn_02Apr21_21-02-01_-45_ms2.msalign	13	12	T1D_TD_PE33-5_WT_F_Aragorn_02Apr21_21-02-01.mzML
MSV000093727	Alz_DiffSol_Comp_Mouse1_RH_Urea_R1_Aragorn_13Feb21_21-01-03_-30_ms2.msalign	6	13	Alz_DiffSol_Comp_Mouse1_RH_Urea_R1_Aragorn_13Feb21_21-01-03.mzML
MSV000093727	Alz_DiffSol_Comp_Mouse1_RH_Urea_R1_Aragorn_13Feb21_21-01-03_-50_ms2.msalign	6	13	Alz_DiffSol_Comp_Mouse1_RH_Urea_R1_Aragorn_13Feb21_21-01-03.mzML
MSV000093727	Alz_DiffSol_Comp_Mouse1_LH_Urea_R1_Aragorn_13Feb21_21-01-03_-30_ms2.msalign	6	13	Alz_DiffSol_Comp_Mouse1_LH_Urea_R1_Aragorn_13Feb21_21-01-03.mzML
MSV000093727	Alz_DiffSol_Comp_Mouse1_LH_Urea_R1_Aragorn_13Feb21_21-01-03_-50_ms2.msalign	6	13	Alz_DiffSol_Comp_Mouse1_LH_Urea_R1_Aragorn_13Feb21_21-01-03.mzML
MSV000093727	Alz_DiffSol_Comp_Mouse3_LH_Urea_R1_Aragorn_13Feb21_21-01-03_-30_ms2.msalign	6	13	Alz_DiffSol_Comp_Mouse3_LH_Urea_R1_Aragorn_13Feb21_21-01-03.mzML
MSV000093727	Alz_DiffSol_Comp_Mouse2_LH_Urea_R1_Aragorn_13Feb21_21-01-03_-50_ms2.msalign	6	13	Alz_DiffSol_Comp_Mouse2_LH_Urea_R1_Aragorn_13Feb21_21-01-03.mzML
MSV000093727	Alz_DiffSol_Comp_Mouse3_RH_Urea_R1_Aragorn_13Feb21_21-01-03_-30_ms2.msalign	6	13	Alz_DiffSol_Comp_Mouse3_RH_Urea_R1_Aragorn_13Feb21_21-01-03.mzML
MSV000093727	Alz_DiffSol_Comp_Mouse3_RH_Urea_R1_Aragorn_13Feb21_21-01-03_-50_ms2.msalign	6	13	Alz_DiffSol_Comp_Mouse3_RH_Urea_R1_Aragorn_13Feb21_21-01-03.mzML
MSV000093727	Alz_DiffSol_Comp_Mouse2_RH_Urea_R1_Aragorn_13Feb21_21-01-03_-30_ms2.msalign	6	13	Alz_DiffSol_Comp_Mouse2_RH_Urea_R1_Aragorn_13Feb21_21-01-03.mzML
MSV000093727	Alz_DiffSol_Comp_Mouse2_LH_Urea_R1_Aragorn_13Feb21_21-01-03_-30_ms2.msalign	6	13	Alz_DiffSol_Comp_Mouse2_LH_Urea_R1_Aragorn_13Feb21_21-01-03.mzML
MSV000093727	Alz_DiffSol_Comp_Mouse2_RH_Urea_R1_Aragorn_13Feb21_21-01-03_-50_ms2.msalign	6	13	Alz_DiffSol_Comp_Mouse2_RH_Urea_R1_Aragorn_13Feb21_21-01-03.mzML
MSV000093727	Alz_DiffSol_Comp_Mouse3_LH_Urea_R1_Aragorn_13Feb21_21-01-03_-50_ms2.msalign	6	13	Alz_DiffSol_Comp_Mouse3_LH_Urea_R1_Aragorn_13Feb21_21-01-03.mzML
MSV000093727	Alz_DiffSol_Control_Mouse3_R1_Aragorn_13Feb21_21-01-03_-30_ms2.msalign	6	13	Alz_DiffSol_Control_Mouse3_R1_Aragorn_13Feb21_21-01-03.mzML
MSV000093727	Alz_DiffSol_Comp_Mouse1_RH_Urea_R1_Aragorn_13Feb21_21-01-03_-40_ms2.msalign	6	13	Alz_DiffSol_Comp_Mouse1_RH_Urea_R1_Aragorn_13Feb21_21-01-03.mzML
MSV000093727	Alz_DiffSol_Comp_Mouse3_LH_Urea_R1_Aragorn_13Feb21_21-01-03_-40_ms2.msalign	6	13	Alz_DiffSol_Comp_Mouse3_LH_Urea_R1_Aragorn_13Feb21_21-01-03.mzML
MSV000093727	Alz_DiffSol_Control_Mouse1_R1_Aragorn_13Feb21_21-01-03_-50_ms2.msalign	6	13	Alz_DiffSol_Control_Mouse1_R1_Aragorn_13Feb21_21-01-03.mzML
MSV000093727	Alz_DiffSol_Control_Mouse1_R1_Aragorn_13Feb21_21-01-03_-30_ms2.msalign	6	13	Alz_DiffSol_Control_Mouse1_R1_Aragorn_13Feb21_21-01-03.mzML
MSV000093727	Alz_DiffSol_Comp_Mouse3_RH_Urea_R3_Aragorn_27May21_21-02-02_-50_ms2.msalign	6	13	Alz_DiffSol_Comp_Mouse3_RH_Urea_R3_Aragorn_27May21_21-02-02.mzML
MSV000093727	Alz_DiffSol_Control_Mouse2_R1_Aragorn_13Feb21_21-01-03_-30_ms2.msalign	6	13	Alz_DiffSol_Control_Mouse2_R1_Aragorn_13Feb21_21-01-03.mzML
MSV000093727	Alz_DiffSol_Control_Mouse2_R1_Aragorn_13Feb21_21-01-03_-50_ms2.msalign	6	13	Alz_DiffSol_Control_Mouse2_R1_Aragorn_13Feb21_21-01-03.mzML
MSV000093727	Alz_DiffSol_Comp_Mouse3_RH_Urea_R1_Aragorn_13Feb21_21-01-03_-40_ms2.msalign	6	13	Alz_DiffSol_Comp_Mouse3_RH_Urea_R1_Aragorn_13Feb21_21-01-03.mzML
MSV000093727	Alz_DiffSol_Comp_Mouse3_LH_Urea_R3_Aragorn_27May21_21-02-02_-50_ms2.msalign	6	13	Alz_DiffSol_Comp_Mouse3_LH_Urea_R3_Aragorn_27May21_21-02-02.mzML
MSV000093727	Alz_DiffSol_Comp_Mouse2_RH_Urea_R3_Aragorn_27May21_21-02-02_-50_ms2.msalign	6	13	Alz_DiffSol_Comp_Mouse2_RH_Urea_R3_Aragorn_27May21_21-02-02.mzML
MSV000093727	Alz_DiffSol_Comp_Mouse3_RH_HFIP_R1_Aragorn_13Feb21_21-01-03_-30_ms2.msalign	6	13	Alz_DiffSol_Comp_Mouse3_RH_HFIP_R1_Aragorn_13Feb21_21-01-03.mzML
MSV000093727	Alz_DiffSol_Comp_Mouse1_RH_Urea_R3_Aragorn_27May21_21-02-02_-30_ms2.msalign	6	13	Alz_DiffSol_Comp_Mouse1_RH_Urea_R3_Aragorn_27May21_21-02-02.mzML
MSV000093727	Alz_DiffSol_Control_Mouse3_R1_Aragorn_13Feb21_21-01-03_-50_ms2.msalign	6	13	Alz_DiffSol_Control_Mouse3_R1_Aragorn_13Feb21_21-01-03.mzML
MSV000093727	Alz_DiffSol_Comp_Mouse1_LH_Urea_R1_Aragorn_13Feb21_21-01-03_-40_ms2.msalign	6	13	Alz_DiffSol_Comp_Mouse1_LH_Urea_R1_Aragorn_13Feb21_21-01-03.mzML
MSV000093727	Alz_DiffSol_Comp_Mouse2_LH_Urea_R3_Aragorn_27May21_21-02-02_-50_ms2.msalign	6	13	Alz_DiffSol_Comp_Mouse2_LH_Urea_R3_Aragorn_27May21_21-02-02.mzML
MSV000093727	Alz_DiffSol_Comp_Mouse2_RH_Urea_R1_Aragorn_13Feb21_21-01-03_-40_ms2.msalign	6	13	Alz_DiffSol_Comp_Mouse2_RH_Urea_R1_Aragorn_13Feb21_21-01-03.mzML
MSV000093727	Alz_DiffSol_Comp_Mouse3_RH_Urea_R2_Aragorn_28Dec21_21-11-03_-50_ms2.msalign	6	13	Alz_DiffSol_Comp_Mouse3_RH_Urea_R2_Aragorn_28Dec21_21-11-03.mzML
MSV000093727	Alz_DiffSol_Comp_Mouse2_RH_Urea_R2_Aragorn_28Dec21_21-11-03_-50_ms2.msalign	6	13	Alz_DiffSol_Comp_Mouse2_RH_Urea_R2_Aragorn_28Dec21_21-11-03.mzML
MSV000093727	Alz_DiffSol_Comp_Mouse2_LH_Urea_R1_Aragorn_13Feb21_21-01-03_-40_ms2.msalign	6	13	Alz_DiffSol_Comp_Mouse2_LH_Urea_R1_Aragorn_13Feb21_21-01-03.mzML
MSV000093727	Alz_DiffSol_Comp_Mouse3_LH_Urea_R2_Aragorn_28Dec21_21-11-03_-50_ms2.msalign	6	13	Alz_DiffSol_Comp_Mouse3_LH_Urea_R2_Aragorn_28Dec21_21-11-03.mzML
MSV000093727	Alz_DiffSol_Comp_Mouse1_RH_Urea_R2_Aragorn_28Dec21_21-11-03_-30_ms2.msalign	6	13	Alz_DiffSol_Comp_Mouse1_RH_Urea_R2_Aragorn_28Dec21_21-11-03.mzML
MSV000093727	Alz_DiffSol_Comp_Mouse3_RH_Urea_R3_Aragorn_27May21_21-02-02_-30_ms2.msalign	6	13	Alz_DiffSol_Comp_Mouse3_RH_Urea_R3_Aragorn_27May21_21-02-02.mzML
MSV000093727	Alz_DiffSol_Comp_Mouse1_LH_Urea_R3_Aragorn_27May21_21-02-02_-50_ms2.msalign	6	13	Alz_DiffSol_Comp_Mouse1_LH_Urea_R3_Aragorn_27May21_21-02-02.mzML
MSV000093727	Alz_DiffSol_Comp_Mouse1_RH_Urea_R3_Aragorn_27May21_21-02-02_-50_ms2.msalign	6	13	Alz_DiffSol_Comp_Mouse1_RH_Urea_R3_Aragorn_27May21_21-02-02.mzML
MSV000093727	Alz_DiffSol_Comp_Mouse1_RH_Urea_R2_Aragorn_28Dec21_21-11-03_-50_ms2.msalign	6	13	Alz_DiffSol_Comp_Mouse1_RH_Urea_R2_Aragorn_28Dec21_21-11-03.mzML
MSV000093727	Alz_DiffSol_Comp_Mouse2_LH_Urea_R3_Aragorn_27May21_21-02-02_-30_ms2.msalign	6	13	Alz_DiffSol_Comp_Mouse2_LH_Urea_R3_Aragorn_27May21_21-02-02.mzML
MSV000093727	Alz_DiffSol_Control_Mouse1_R3_Aragorn_27May21_21-02-02_-50_ms2.msalign	6	13	Alz_DiffSol_Control_Mouse1_R3_Aragorn_27May21_21-02-02.mzML
MSV000093727	Alz_DiffSol_Comp_Mouse1_LH_Urea_R3_Aragorn_27May21_21-02-02_-30_ms2.msalign	6	13	Alz_DiffSol_Comp_Mouse1_LH_Urea_R3_Aragorn_27May21_21-02-02.mzML
MSV000093727	Alz_DiffSol_Comp_Mouse3_LH_Urea_R3_Aragorn_27May21_21-02-02_-30_ms2.msalign	6	13	Alz_DiffSol_Comp_Mouse3_LH_Urea_R3_Aragorn_27May21_21-02-02.mzML
MSV000093727	Alz_DiffSol_Comp_Mouse2_LH_Urea_R2_Aragorn_28Dec21_21-11-03_-50_ms2.msalign	6	13	Alz_DiffSol_Comp_Mouse2_LH_Urea_R2_Aragorn_28Dec21_21-11-03.mzML
MSV000093727	Alz_DiffSol_Control_Mouse3_R1_Aragorn_13Feb21_21-01-03_-40_ms2.msalign	6	13	Alz_DiffSol_Control_Mouse3_R1_Aragorn_13Feb21_21-01-03.mzML
MSV000093727	Alz_DiffSol_Comp_Mouse1_LH_Urea_R2_Aragorn_28Dec21_21-11-03_-50_ms2.msalign	6	13	Alz_DiffSol_Comp_Mouse1_LH_Urea_R2_Aragorn_28Dec21_21-11-03.mzML
MSV000093727	Alz_DiffSol_Control_Mouse1_R1_Aragorn_13Feb21_21-01-03_-40_ms2.msalign	6	13	Alz_DiffSol_Control_Mouse1_R1_Aragorn_13Feb21_21-01-03.mzML
MSV000093727	Alz_DiffSol_Comp_Mouse1_LH_HFIP_R1_Aragorn_13Feb21_21-01-03_-30_ms2.msalign	6	13	Alz_DiffSol_Comp_Mouse1_LH_HFIP_R1_Aragorn_13Feb21_21-01-03.mzML
MSV000093727	Alz_DiffSol_Comp_Mouse2_RH_Urea_R3_Aragorn_27May21_21-02-02_-30_ms2.msalign	6	13	Alz_DiffSol_Comp_Mouse2_RH_Urea_R3_Aragorn_27May21_21-02-02.mzML
MSV000093727	Alz_DiffSol_Comp_Mouse3_LH_Urea_R3_Aragorn_27May21_21-02-02_-40_ms2.msalign	6	13	Alz_DiffSol_Comp_Mouse3_LH_Urea_R3_Aragorn_27May21_21-02-02.mzML
MSV000093727	Alz_DiffSol_Comp_Mouse3_RH_HFIP_R1_Aragorn_13Feb21_21-01-03_-40_ms2.msalign	6	13	Alz_DiffSol_Comp_Mouse3_RH_HFIP_R1_Aragorn_13Feb21_21-01-03.mzML
MSV000093727	Alz_DiffSol_Control_Mouse2_R1_Aragorn_13Feb21_21-01-03_-40_ms2.msalign	6	13	Alz_DiffSol_Control_Mouse2_R1_Aragorn_13Feb21_21-01-03.mzML
MSV000093727	Alz_DiffSol_Comp_Mouse3_RH_Urea_R3_Aragorn_27May21_21-02-02_-40_ms2.msalign	6	13	Alz_DiffSol_Comp_Mouse3_RH_Urea_R3_Aragorn_27May21_21-02-02.mzML
MSV000093727	Alz_DiffSol_Comp_Mouse3_LH_Urea_R2_Aragorn_28Dec21_21-11-03_-30_ms2.msalign	6	13	Alz_DiffSol_Comp_Mouse3_LH_Urea_R2_Aragorn_28Dec21_21-11-03.mzML
MSV000093727	Alz_DiffSol_Comp_Mouse2_LH_HFIP_R1_Aragorn_13Feb21_21-01-03_-30_ms2.msalign	6	13	Alz_DiffSol_Comp_Mouse2_LH_HFIP_R1_Aragorn_13Feb21_21-01-03.mzML
MSV000093727	Alz_DiffSol_Comp_Mouse2_RH_HFIP_R1_Aragorn_13Feb21_21-01-03_-30_ms2.msalign	6	13	Alz_DiffSol_Comp_Mouse2_RH_HFIP_R1_Aragorn_13Feb21_21-01-03.mzML
MSV000093727	Alz_DiffSol_Control_Mouse2_R3_Aragorn_27May21_21-02-02_-50_ms2.msalign	6	13	Alz_DiffSol_Control_Mouse2_R3_Aragorn_27May21_21-02-02.mzML
MSV000093727	Alz_DiffSol_Comp_Mouse1_RH_HFIP_R1_Aragorn_13Feb21_21-01-03_-30_ms2.msalign	6	13	Alz_DiffSol_Comp_Mouse1_RH_HFIP_R1_Aragorn_13Feb21_21-01-03.mzML
MSV000093727	Alz_DiffSol_Control_Mouse3_R3_Aragorn_27May21_21-02-02_-50_ms2.msalign	6	13	Alz_DiffSol_Control_Mouse3_R3_Aragorn_27May21_21-02-02.mzML
MSV000093727	Alz_DiffSol_Comp_Mouse2_RH_HFIP_R1_Aragorn_13Feb21_21-01-03_-40_ms2.msalign	6	13	Alz_DiffSol_Comp_Mouse2_RH_HFIP_R1_Aragorn_13Feb21_21-01-03.mzML
MSV000093727	Alz_DiffSol_Comp_Mouse1_RH_Urea_R3_Aragorn_27May21_21-02-02_-40_ms2.msalign	6	13	Alz_DiffSol_Comp_Mouse1_RH_Urea_R3_Aragorn_27May21_21-02-02.mzML
MSV000093727	Alz_DiffSol_Comp_Mouse2_RH_Urea_R3_Aragorn_27May21_21-02-02_-40_ms2.msalign	6	13	Alz_DiffSol_Comp_Mouse2_RH_Urea_R3_Aragorn_27May21_21-02-02.mzML
MSV000093727	Alz_DiffSol_Control_Mouse3_R3_Aragorn_27May21_21-02-02_-30_ms2.msalign	6	13	Alz_DiffSol_Control_Mouse3_R3_Aragorn_27May21_21-02-02.mzML
MSV000093727	Alz_DiffSol_Comp_Mouse3_RH_Urea_R2_Aragorn_28Dec21_21-11-03_-30_ms2.msalign	6	13	Alz_DiffSol_Comp_Mouse3_RH_Urea_R2_Aragorn_28Dec21_21-11-03.mzML
MSV000093727	Alz_DiffSol_Comp_Mouse2_LH_Urea_R2_Aragorn_28Dec21_21-11-03_-30_ms2.msalign	6	13	Alz_DiffSol_Comp_Mouse2_LH_Urea_R2_Aragorn_28Dec21_21-11-03.mzML
MSV000093727	Alz_DiffSol_Comp_Mouse3_LH_HFIP_R1_Aragorn_13Feb21_21-01-03_-30_ms2.msalign	6	13	Alz_DiffSol_Comp_Mouse3_LH_HFIP_R1_Aragorn_13Feb21_21-01-03.mzML
MSV000093727	Alz_DiffSol_Comp_Mouse2_RH_HFIP_R2_Aragorn_28Dec21_21-11-03_-30_ms2.msalign	6	13	Alz_DiffSol_Comp_Mouse2_RH_HFIP_R2_Aragorn_28Dec21_21-11-03.mzML
MSV000093727	Alz_DiffSol_Comp_Mouse1_RH_HFIP_R1_Aragorn_13Feb21_21-01-03_-40_ms2.msalign	6	13	Alz_DiffSol_Comp_Mouse1_RH_HFIP_R1_Aragorn_13Feb21_21-01-03.mzML
MSV000093727	Alz_DiffSol_Comp_Mouse1_LH_HFIP_R2_Aragorn_31Dec21_21-11-03_-30_ms2.msalign	6	13	Alz_DiffSol_Comp_Mouse1_LH_HFIP_R2_Aragorn_31Dec21_21-11-03.mzML
MSV000093727	Alz_DiffSol_Comp_Mouse2_RH_Urea_R2_Aragorn_28Dec21_21-11-03_-30_ms2.msalign	6	13	Alz_DiffSol_Comp_Mouse2_RH_Urea_R2_Aragorn_28Dec21_21-11-03.mzML
MSV000093727	Alz_DiffSol_Control_Mouse1_R2_Aragorn_28Dec21_21-11-03_-50_ms2.msalign	6	13	Alz_DiffSol_Control_Mouse1_R2_Aragorn_28Dec21_21-11-03.mzML
MSV000093727	Alz_DiffSol_Comp_Mouse1_LH_HFIP_R1_Aragorn_13Feb21_21-01-03_-40_ms2.msalign	6	13	Alz_DiffSol_Comp_Mouse1_LH_HFIP_R1_Aragorn_13Feb21_21-01-03.mzML
MSV000093727	Alz_DiffSol_Comp_Mouse3_RH_HFIP_R2_Aragorn_28Dec21_21-11-03_-30_ms2.msalign	6	13	Alz_DiffSol_Comp_Mouse3_RH_HFIP_R2_Aragorn_28Dec21_21-11-03.mzML
MSV000093727	Alz_DiffSol_Comp_Mouse1_LH_Urea_R2_Aragorn_28Dec21_21-11-03_-30_ms2.msalign	6	13	Alz_DiffSol_Comp_Mouse1_LH_Urea_R2_Aragorn_28Dec21_21-11-03.mzML
MSV000093727	Alz_DiffSol_Comp_Mouse3_LH_HFIP_R2_Aragorn_28Dec21_21-11-03_-30_ms2.msalign	6	13	Alz_DiffSol_Comp_Mouse3_LH_HFIP_R2_Aragorn_28Dec21_21-11-03.mzML
MSV000093727	Alz_DiffSol_Control_Mouse2_R2_Aragorn_28Dec21_21-11-03_-50_ms2.msalign	6	13	Alz_DiffSol_Control_Mouse2_R2_Aragorn_28Dec21_21-11-03.mzML
MSV000093727	Alz_DiffSol_Comp_Mouse1_RH_HFIP_R2_Aragorn_31Dec21_21-11-03_-30_ms2.msalign	6	13	Alz_DiffSol_Comp_Mouse1_RH_HFIP_R2_Aragorn_31Dec21_21-11-03.mzML
MSV000093727	Alz_DiffSol_Control_Mouse3_R2_Aragorn_28Dec21_21-11-03_-50_ms2.msalign	6	13	Alz_DiffSol_Control_Mouse3_R2_Aragorn_28Dec21_21-11-03.mzML
MSV000093727	Alz_DiffSol_Comp_Mouse2_LH_Urea_R3_Aragorn_27May21_21-02-02_-40_ms2.msalign	6	13	Alz_DiffSol_Comp_Mouse2_LH_Urea_R3_Aragorn_27May21_21-02-02.mzML
MSV000093727	Alz_DiffSol_Comp_Mouse1_LH_Urea_R3_Aragorn_27May21_21-02-02_-40_ms2.msalign	6	13	Alz_DiffSol_Comp_Mouse1_LH_Urea_R3_Aragorn_27May21_21-02-02.mzML
MSV000093727	Alz_DiffSol_Comp_Mouse1_LH_HFIP_R1_Aragorn_13Feb21_21-01-03_-50_ms2.msalign	6	13	Alz_DiffSol_Comp_Mouse1_LH_HFIP_R1_Aragorn_13Feb21_21-01-03.mzML
MSV000093727	Alz_DiffSol_Comp_Mouse1_LH_HFIP_R3_Aragorn_28May21_21-02-02_-30_ms2.msalign	6	13	Alz_DiffSol_Comp_Mouse1_LH_HFIP_R3_Aragorn_28May21_21-02-02.mzML
MSV000093727	Alz_DiffSol_Comp_Mouse1_RH_Urea_R2_Aragorn_28Dec21_21-11-03_-40_ms2.msalign	6	13	Alz_DiffSol_Comp_Mouse1_RH_Urea_R2_Aragorn_28Dec21_21-11-03.mzML
MSV000093727	Alz_DiffSol_Comp_Mouse2_LH_HFIP_R2_Aragorn_28Dec21_21-11-03_-30_ms2.msalign	6	13	Alz_DiffSol_Comp_Mouse2_LH_HFIP_R2_Aragorn_28Dec21_21-11-03.mzML
MSV000093727	Alz_DiffSol_Comp_Mouse3_LH_HFIP_R1_Aragorn_13Feb21_21-01-03_-40_ms2.msalign	6	13	Alz_DiffSol_Comp_Mouse3_LH_HFIP_R1_Aragorn_13Feb21_21-01-03.mzML
MSV000093727	Alz_DiffSol_Control_Mouse2_R3_Aragorn_27May21_21-02-02_-30_ms2.msalign	6	13	Alz_DiffSol_Control_Mouse2_R3_Aragorn_27May21_21-02-02.mzML
MSV000093727	Alz_DiffSol_Comp_Mouse2_RH_HFIP_R3_Aragorn_27May21_21-02-02_-30_ms2.msalign	6	13	Alz_DiffSol_Comp_Mouse2_RH_HFIP_R3_Aragorn_27May21_21-02-02.mzML
MSV000093727	Alz_DiffSol_Control_Mouse2_R2_Aragorn_28Dec21_21-11-03_-30_ms2.msalign	6	13	Alz_DiffSol_Control_Mouse2_R2_Aragorn_28Dec21_21-11-03.mzML
MSV000093727	Alz_DiffSol_Comp_Mouse1_LH_Urea_R2_Aragorn_28Dec21_21-11-03_-40_ms2.msalign	6	13	Alz_DiffSol_Comp_Mouse1_LH_Urea_R2_Aragorn_28Dec21_21-11-03.mzML
MSV000093727	Alz_DiffSol_Comp_Mouse1_RH_HFIP_R1_Aragorn_13Feb21_21-01-03_-50_ms2.msalign	6	13	Alz_DiffSol_Comp_Mouse1_RH_HFIP_R1_Aragorn_13Feb21_21-01-03.mzML
MSV000093727	Alz_DiffSol_Comp_Mouse2_LH_HFIP_R1_Aragorn_13Feb21_21-01-03_-40_ms2.msalign	6	13	Alz_DiffSol_Comp_Mouse2_LH_HFIP_R1_Aragorn_13Feb21_21-01-03.mzML
MSV000093727	Alz_DiffSol_Comp_Mouse1_RH_HFIP_R3_Aragorn_27May21_21-02-02_-30_ms2.msalign	6	13	Alz_DiffSol_Comp_Mouse1_RH_HFIP_R3_Aragorn_27May21_21-02-02.mzML
MSV000093727	Alz_DiffSol_Comp_Mouse2_RH_HFIP_R1_Aragorn_13Feb21_21-01-03_-50_ms2.msalign	6	13	Alz_DiffSol_Comp_Mouse2_RH_HFIP_R1_Aragorn_13Feb21_21-01-03.mzML
MSV000093727	Alz_DiffSol_Control_Mouse1_R3_Aragorn_27May21_21-02-02_-30_ms2.msalign	6	13	Alz_DiffSol_Control_Mouse1_R3_Aragorn_27May21_21-02-02.mzML
MSV000093727	Alz_DiffSol_Comp_Mouse3_LH_HFIP_R1_Aragorn_13Feb21_21-01-03_-50_ms2.msalign	6	13	Alz_DiffSol_Comp_Mouse3_LH_HFIP_R1_Aragorn_13Feb21_21-01-03.mzML
MSV000093727	Alz_DiffSol_Control_Mouse1_R2_Aragorn_28Dec21_21-11-03_-30_ms2.msalign	6	13	Alz_DiffSol_Control_Mouse1_R2_Aragorn_28Dec21_21-11-03.mzML
MSV000093727	Alz_DiffSol_Comp_Mouse3_RH_HFIP_R3_Aragorn_27May21_21-02-02_-30_ms2.msalign	6	13	Alz_DiffSol_Comp_Mouse3_RH_HFIP_R3_Aragorn_27May21_21-02-02.mzML
MSV000093727	Alz_DiffSol_Control_Mouse3_R2_Aragorn_28Dec21_21-11-03_-30_ms2.msalign	6	13	Alz_DiffSol_Control_Mouse3_R2_Aragorn_28Dec21_21-11-03.mzML
MSV000093727	Alz_DiffSol_Comp_Mouse2_RH_HFIP_R2_Aragorn_28Dec21_21-11-03_-40_ms2.msalign	6	13	Alz_DiffSol_Comp_Mouse2_RH_HFIP_R2_Aragorn_28Dec21_21-11-03.mzML
MSV000093727	Alz_DiffSol_Comp_Mouse2_RH_HFIP_R2_Aragorn_28Dec21_21-11-03_-50_ms2.msalign	6	13	Alz_DiffSol_Comp_Mouse2_RH_HFIP_R2_Aragorn_28Dec21_21-11-03.mzML
MSV000093727	Alz_DiffSol_Comp_Mouse3_RH_HFIP_R2_Aragorn_28Dec21_21-11-03_-40_ms2.msalign	6	13	Alz_DiffSol_Comp_Mouse3_RH_HFIP_R2_Aragorn_28Dec21_21-11-03.mzML
MSV000093727	Alz_DiffSol_Comp_Mouse3_RH_HFIP_R2_Aragorn_28Dec21_21-11-03_-50_ms2.msalign	6	13	Alz_DiffSol_Comp_Mouse3_RH_HFIP_R2_Aragorn_28Dec21_21-11-03.mzML
MSV000093727	Alz_DiffSol_Comp_Mouse2_LH_Urea_R2_Aragorn_28Dec21_21-11-03_-40_ms2.msalign	6	13	Alz_DiffSol_Comp_Mouse2_LH_Urea_R2_Aragorn_28Dec21_21-11-03.mzML
MSV000093727	Alz_DiffSol_Comp_Mouse2_LH_HFIP_R3_Aragorn_27May21_21-02-02_-30_ms2.msalign	6	13	Alz_DiffSol_Comp_Mouse2_LH_HFIP_R3_Aragorn_27May21_21-02-02.mzML
MSV000093727	Alz_DiffSol_Comp_Mouse3_LH_HFIP_R3_Aragorn_27May21_21-02-02_-30_ms2.msalign	6	13	Alz_DiffSol_Comp_Mouse3_LH_HFIP_R3_Aragorn_27May21_21-02-02.mzML
MSV000093727	Alz_DiffSol_Comp_Mouse2_RH_HFIP_R3_Aragorn_27May21_21-02-02_-40_ms2.msalign	6	13	Alz_DiffSol_Comp_Mouse2_RH_HFIP_R3_Aragorn_27May21_21-02-02.mzML
MSV000093727	Alz_DiffSol_Comp_Mouse3_RH_HFIP_R3_Aragorn_27May21_21-02-02_-40_ms2.msalign	6	13	Alz_DiffSol_Comp_Mouse3_RH_HFIP_R3_Aragorn_27May21_21-02-02.mzML
MSV000093727	Alz_DiffSol_Comp_Mouse2_LH_HFIP_R1_Aragorn_13Feb21_21-01-03_-50_ms2.msalign	6	13	Alz_DiffSol_Comp_Mouse2_LH_HFIP_R1_Aragorn_13Feb21_21-01-03.mzML
MSV000093727	Alz_DiffSol_Comp_Mouse3_LH_HFIP_R2_Aragorn_28Dec21_21-11-03_-40_ms2.msalign	6	13	Alz_DiffSol_Comp_Mouse3_LH_HFIP_R2_Aragorn_28Dec21_21-11-03.mzML
MSV000093727	Alz_DiffSol_Comp_Mouse3_LH_HFIP_R2_Aragorn_28Dec21_21-11-03_-50_ms2.msalign	6	13	Alz_DiffSol_Comp_Mouse3_LH_HFIP_R2_Aragorn_28Dec21_21-11-03.mzML
MSV000093727	Alz_DiffSol_Comp_Mouse1_LH_HFIP_R2_Aragorn_31Dec21_21-11-03_-50_ms2.msalign	6	13	Alz_DiffSol_Comp_Mouse1_LH_HFIP_R2_Aragorn_31Dec21_21-11-03.mzML
MSV000093727	Alz_DiffSol_Comp_Mouse1_RH_HFIP_R3_Aragorn_27May21_21-02-02_-40_ms2.msalign	6	13	Alz_DiffSol_Comp_Mouse1_RH_HFIP_R3_Aragorn_27May21_21-02-02.mzML
MSV000093727	Alz_DiffSol_Comp_Mouse2_LH_HFIP_R2_Aragorn_28Dec21_21-11-03_-40_ms2.msalign	6	13	Alz_DiffSol_Comp_Mouse2_LH_HFIP_R2_Aragorn_28Dec21_21-11-03.mzML
MSV000093727	Alz_DiffSol_Comp_Mouse1_RH_HFIP_R2_Aragorn_31Dec21_21-11-03_-50_ms2.msalign	6	13	Alz_DiffSol_Comp_Mouse1_RH_HFIP_R2_Aragorn_31Dec21_21-11-03.mzML
MSV000093727	Alz_DiffSol_Comp_Mouse2_LH_HFIP_R2_Aragorn_28Dec21_21-11-03_-50_ms2.msalign	6	13	Alz_DiffSol_Comp_Mouse2_LH_HFIP_R2_Aragorn_28Dec21_21-11-03.mzML
MSV000093727	Alz_DiffSol_Comp_Mouse3_RH_HFIP_R1_Aragorn_13Feb21_21-01-03_-50_ms2.msalign	6	13	Alz_DiffSol_Comp_Mouse3_RH_HFIP_R1_Aragorn_13Feb21_21-01-03.mzML
MSV000093727	Alz_DiffSol_Comp_Mouse2_RH_HFIP_R3_Aragorn_27May21_21-02-02_-50_ms2.msalign	6	13	Alz_DiffSol_Comp_Mouse2_RH_HFIP_R3_Aragorn_27May21_21-02-02.mzML
MSV000093727	Alz_DiffSol_Comp_Mouse3_LH_HFIP_R3_Aragorn_27May21_21-02-02_-40_ms2.msalign	6	13	Alz_DiffSol_Comp_Mouse3_LH_HFIP_R3_Aragorn_27May21_21-02-02.mzML
MSV000093727	Alz_DiffSol_Comp_Mouse1_RH_HFIP_R2_Aragorn_31Dec21_21-11-03_-40_ms2.msalign	6	13	Alz_DiffSol_Comp_Mouse1_RH_HFIP_R2_Aragorn_31Dec21_21-11-03.mzML
MSV000093727	Alz_DiffSol_Comp_Mouse3_LH_Urea_R2_Aragorn_28Dec21_21-11-03_-40_ms2.msalign	6	13	Alz_DiffSol_Comp_Mouse3_LH_Urea_R2_Aragorn_28Dec21_21-11-03.mzML
MSV000093727	Alz_DiffSol_Comp_Mouse3_RH_Urea_R2_Aragorn_28Dec21_21-11-03_-40_ms2.msalign	6	13	Alz_DiffSol_Comp_Mouse3_RH_Urea_R2_Aragorn_28Dec21_21-11-03.mzML
MSV000093727	Alz_DiffSol_Comp_Mouse1_RH_HFIP_R3_Aragorn_27May21_21-02-02_-50_ms2.msalign	6	13	Alz_DiffSol_Comp_Mouse1_RH_HFIP_R3_Aragorn_27May21_21-02-02.mzML
MSV000093727	Alz_DiffSol_Comp_Mouse1_LH_HFIP_R3_Aragorn_28May21_21-02-02_-40_ms2.msalign	6	13	Alz_DiffSol_Comp_Mouse1_LH_HFIP_R3_Aragorn_28May21_21-02-02.mzML
MSV000093727	Alz_DiffSol_Comp_Mouse3_RH_HFIP_R3_Aragorn_27May21_21-02-02_-50_ms2.msalign	6	13	Alz_DiffSol_Comp_Mouse3_RH_HFIP_R3_Aragorn_27May21_21-02-02.mzML
MSV000093727	Alz_DiffSol_Comp_Mouse2_RH_Urea_R2_Aragorn_28Dec21_21-11-03_-40_ms2.msalign	6	13	Alz_DiffSol_Comp_Mouse2_RH_Urea_R2_Aragorn_28Dec21_21-11-03.mzML
MSV000093727	Alz_DiffSol_Comp_Mouse1_LH_HFIP_R3_Aragorn_28May21_21-02-02_-50_ms2.msalign	6	13	Alz_DiffSol_Comp_Mouse1_LH_HFIP_R3_Aragorn_28May21_21-02-02.mzML
MSV000093727	Alz_DiffSol_Comp_Mouse1_LH_HFIP_R2_Aragorn_31Dec21_21-11-03_-40_ms2.msalign	6	13	Alz_DiffSol_Comp_Mouse1_LH_HFIP_R2_Aragorn_31Dec21_21-11-03.mzML
MSV000093727	Alz_DiffSol_Comp_Mouse2_LH_HFIP_R3_Aragorn_27May21_21-02-02_-40_ms2.msalign	6	13	Alz_DiffSol_Comp_Mouse2_LH_HFIP_R3_Aragorn_27May21_21-02-02.mzML
MSV000093727	Alz_DiffSol_Comp_Mouse3_LH_HFIP_R3_Aragorn_27May21_21-02-02_-50_ms2.msalign	6	13	Alz_DiffSol_Comp_Mouse3_LH_HFIP_R3_Aragorn_27May21_21-02-02.mzML
MSV000093727	Alz_DiffSol_Comp_Mouse2_LH_HFIP_R3_Aragorn_27May21_21-02-02_-50_ms2.msalign	6	13	Alz_DiffSol_Comp_Mouse2_LH_HFIP_R3_Aragorn_27May21_21-02-02.mzML
MSV000093727	Alz_DiffSol_Control_Mouse1_R2_Aragorn_28Dec21_21-11-03_-40_ms2.msalign	6	13	Alz_DiffSol_Control_Mouse1_R2_Aragorn_28Dec21_21-11-03.mzML
MSV000093727	Alz_DiffSol_Control_Mouse3_R2_Aragorn_28Dec21_21-11-03_-40_ms2.msalign	6	13	Alz_DiffSol_Control_Mouse3_R2_Aragorn_28Dec21_21-11-03.mzML
MSV000093727	Alz_DiffSol_Control_Mouse2_R2_Aragorn_28Dec21_21-11-03_-40_ms2.msalign	6	13	Alz_DiffSol_Control_Mouse2_R2_Aragorn_28Dec21_21-11-03.mzML
MSV000093727	Alz_DiffSol_Control_Mouse1_R3_Aragorn_27May21_21-02-02_-40_ms2.msalign	6	13	Alz_DiffSol_Control_Mouse1_R3_Aragorn_27May21_21-02-02.mzML
MSV000093727	Alz_DiffSol_Control_Mouse2_R3_Aragorn_27May21_21-02-02_-40_ms2.msalign	6	13	Alz_DiffSol_Control_Mouse2_R3_Aragorn_27May21_21-02-02.mzML
MSV000093727	Alz_DiffSol_Control_Mouse3_R3_Aragorn_27May21_21-02-02_-40_ms2.msalign	6	13	Alz_DiffSol_Control_Mouse3_R3_Aragorn_27May21_21-02-02.mzML
IPX0005864000	data47_1ughela_plasmamp02_100umC8BTMSPA20201102d_2%FA_ms2.msalign	28	14	data47_1ughela_plasmamp02_100umC8BTMSPA20201102d_2%FA.mzML
IPX0005864000	data46_1ughela_plasmamp02_100umC8BTMSPA20201102d_2%FA_ms2.msalign	28	14	data46_1ughela_plasmamp02_100umC8BTMSPA20201102d_2%FA.mzML
IPX0005864000	data48_1ughela_plasmamp02_100umC8BTMSPA20201102d_2%FA_ms2.msalign	28	14	data48_1ughela_plasmamp02_100umC8BTMSPA20201102d_2%FA.mzML
IPX0005864000	data52_1ughela_plasmamp02_75umPRLP01_2%FA_ms2.msalign	28	14	data52_1ughela_plasmamp02_75umPRLP01_2%FA.mzML
IPX0005864000	data53_1ughela_plasmamp02_75umPRLP01_2%FA_ms2.msalign	28	14	data53_1ughela_plasmamp02_75umPRLP01_2%FA.mzML
IPX0005864000	data54_1ughela_plasmamp02_75umPRLP01_2%FA_ms2.msalign	28	14	data54_1ughela_plasmamp02_75umPRLP01_2%FA.mzML
PXD035339	suspension_buffer_1_ms2.msalign	15	15	suspension_buffer_1.mzML
PXD035339	suspension_buffer_2_ms2.msalign	15	15	suspension_buffer_2.mzML
PXD035339	suspension_buffer_3_ms2.msalign	15	15	suspension_buffer_3.mzML
PXD035339	suspension_buffer_4_ms2.msalign	15	15	suspension_buffer_4.mzML
PXD035339	1cell_HeLa_1_ms2.msalign	15	15	1cell_HeLa_1.mzML
PXD035339	1cell_HeLa_4_ms2.msalign	15	15	1cell_HeLa_4.mzML
PXD035339	1cell_HeLa_2_ms2.msalign	15	15	1cell_HeLa_2.mzML
PXD035339	1min_sprayvoltage_1_ms2.msalign	15	15	1min_sprayvoltage_1.mzML
PXD035339	2min_sprayvoltage_1_ms2.msalign	15	15	2min_sprayvoltage_1.mzML
PXD035339	1cell_HeLa_3_ms2.msalign	15	15	1cell_HeLa_3.mzML
PXD035339	2min_sprayvoltage_3_ms2.msalign	15	15	2min_sprayvoltage_3.mzML
PXD035339	1min_sprayvoltage_2_ms2.msalign	15	15	1min_sprayvoltage_2.mzML
PXD035339	2min_sprayvoltage_2_ms2.msalign	15	15	2min_sprayvoltage_2.mzML
PXD035339	1min_sprayvoltage_4_ms2.msalign	15	15	1min_sprayvoltage_4.mzML
PXD035339	1min_sprayvoltage_3_ms2.msalign	15	15	1min_sprayvoltage_3.mzML
PXD035339	2min_sprayvoltage_4_ms2.msalign	15	15	2min_sprayvoltage_4.mzML
MSV000084612	Naomi_Hela_Invitrosol_Run1_ms2.msalign	29	16	Naomi_Hela_Invitrosol_Run1.mzML
MSV000084612	Naomi_Hela_ProteaseMax_Run1_ms2.msalign	29	16	Naomi_Hela_ProteaseMax_Run1.mzML
MSV000084612	Naomi_Hela_Invitrosol_Run3_ms2.msalign	29	16	Naomi_Hela_Invitrosol_Run3.mzML
MSV000084612	Naomi_Hela_Invitrosol_Run2_ms2.msalign	29	16	Naomi_Hela_Invitrosol_Run2.mzML
MSV000084612	Naomi_Hela_control_Run2_ms2.msalign	29	16	Naomi_Hela_control_Run2.mzML
MSV000084612	Naomi_Hela_ProteaseMax_Run2_ms2.msalign	29	16	Naomi_Hela_ProteaseMax_Run2.mzML
MSV000084612	Naomi_Hela_ProteaseMax_Run3_ms2.msalign	29	16	Naomi_Hela_ProteaseMax_Run3.mzML
MSV000084612	HeLa_Intact_0pt1DDM_100cells_Run4_042519_ms2.msalign	29	16	HeLa_Intact_0pt1DDM_100cells_Run4_042519.mzML
MSV000084612	Naomi_Hela_DDM_Run2_ms2.msalign	29	16	Naomi_Hela_DDM_Run2.mzML
MSV000084612	HeLa_Intact_0pt5DDM_100cells_Run5_042519_ms2.msalign	29	16	HeLa_Intact_0pt5DDM_100cells_Run5_042519.mzML
MSV000084612	Naomi_Hela_DDM_Run4_ms2.msalign	29	16	Naomi_Hela_DDM_Run4.mzML
MSV000084612	HeLa_Intact_0pt1DDM_100cells_Run1_042219_ms2.msalign	29	16	HeLa_Intact_0pt1DDM_100cells_Run1_042219.mzML
MSV000084612	Naomi_Hela_DDM_Run1_ms2.msalign	29	16	Naomi_Hela_DDM_Run1.mzML
MSV000084612	HeLa_Intact_0pt01PEG20000_100cells_Run1_042219_ms2.msalign	29	16	HeLa_Intact_0pt01PEG20000_100cells_Run1_042219.mzML
MSV000084612	HeLa_Intact_0pt01PEG20000_100cells_Run2_042319_ms2.msalign	29	16	HeLa_Intact_0pt01PEG20000_100cells_Run2_042319.mzML
MSV000084612	HeLa_Intact_0pt01PEG20000_100cells_Run3_042419_ms2.msalign	29	16	HeLa_Intact_0pt01PEG20000_100cells_Run3_042419.mzML
MSV000084612	HeLa_Intact_0p5DDM_100cells_Run1_042219_ms2.msalign	29	16	HeLa_Intact_0p5DDM_100cells_Run1_042219.mzML
MSV000084612	NanoPOTS_Autosampler_TopDown_HeLa_30_C2_R2_ms2.msalign	29	16	NanoPOTS_Autosampler_TopDown_HeLa_30_C2_R2.mzML
MSV000084612	NanoPOTS_Autosampler_TopDown_HeLa_30_C2_R4_ms2.msalign	29	16	NanoPOTS_Autosampler_TopDown_HeLa_30_C2_R4.mzML
MSV000084612	HeLa_Intact_8Murea_100cells_Run5_042519_ms2.msalign	29	16	HeLa_Intact_8Murea_100cells_Run5_042519.mzML
MSV000084612	HeLa_Intact_0pt5DDM_100cells_Run4_042519_ms2.msalign	29	16	HeLa_Intact_0pt5DDM_100cells_Run4_042519.mzML
MSV000084612	HeLa_Intact_8Murea_100cells_Run2_042319_ms2.msalign	29	16	HeLa_Intact_8Murea_100cells_Run2_042319.mzML
MSV000084612	HeLa_Intact_8Murea_100cells_Run1_042219_ms2.msalign	29	16	HeLa_Intact_8Murea_100cells_Run1_042219.mzML
MSV000084612	HeLa_Intact_0pt1DDM_100cells_Run2_042319_ms2.msalign	29	16	HeLa_Intact_0pt1DDM_100cells_Run2_042319.mzML
MSV000084612	NanoPOTS_Autosampler_TopDown_HeLa_30_C2_R3_ms2.msalign	29	16	NanoPOTS_Autosampler_TopDown_HeLa_30_C2_R3.mzML
MSV000084612	NanoPOTS_Autosampler_TopDown_HeLa_100_C2_R2_ms2.msalign	29	16	NanoPOTS_Autosampler_TopDown_HeLa_100_C2_R2.mzML
MSV000084612	NanoPOTS_Autosampler_TopDown_HeLa_100_C2_R3_ms2.msalign	29	16	NanoPOTS_Autosampler_TopDown_HeLa_100_C2_R3.mzML
MSV000084612	NanoPOTS_Autosampler_TopDown_HeLa_100_C2_R4_ms2.msalign	29	16	NanoPOTS_Autosampler_TopDown_HeLa_100_C2_R4.mzML
MSV000084612	NanoPOTS_Autosampler_TopDown_HeLa_300_C2_R3_ms2.msalign	29	16	NanoPOTS_Autosampler_TopDown_HeLa_300_C2_R3.mzML
MSV000084612	NanoPOTS_Autosampler_TopDown_HeLa_300_C2_R4_ms2.msalign	29	16	NanoPOTS_Autosampler_TopDown_HeLa_300_C2_R4.mzML
MSV000084612	NanoPOTS_Autosampler_TopDown_HeLa_300_C2_R2_ms2.msalign	29	16	NanoPOTS_Autosampler_TopDown_HeLa_300_C2_R2.mzML
MSV000085978	LCA_LVS_12082018_MCF7_B1L3_10per_F7_CID_01_ms2.msalign	19	17	LCA_LVS_12082018_MCF7_B1L3_10per_F7_CID_01.mzML
MSV000085978	LCA_LVS_12082018_MCF7_B1L3_10per_F7_CID_02_ms2.msalign	19	17	LCA_LVS_12082018_MCF7_B1L3_10per_F7_CID_02.mzML
MSV000085978	LCA_LVS_12082018_MCF7_B1L3_10per_F8_CID_02_ms2.msalign	19	17	LCA_LVS_12082018_MCF7_B1L3_10per_F8_CID_02.mzML
MSV000085978	LCA_LVS_12082018_MCF7_B1L3_10per_F8_CID_01_ms2.msalign	19	17	LCA_LVS_12082018_MCF7_B1L3_10per_F8_CID_01.mzML
MSV000085978	LCA_DB_LVS_12072018_MCF7_B1L3_10per_F6_CID_01_ms2.msalign	19	17	LCA_DB_LVS_12072018_MCF7_B1L3_10per_F6_CID_01.mzML
MSV000085978	LCA_DB_LVS_12072018_MCF7_B1L3_10per_F5_CID_02_ms2.msalign	19	17	LCA_DB_LVS_12072018_MCF7_B1L3_10per_F5_CID_02.mzML
MSV000085978	LCA_DB_LVS_12072018_MCF7_B1L3_10per_F6_CID_02_ms2.msalign	19	17	LCA_DB_LVS_12072018_MCF7_B1L3_10per_F6_CID_02.mzML
MSV000085978	LCA_DB_LVS_12072018_MCF7_B1L3_10per_F5_CID_01_ms2.msalign	19	17	LCA_DB_LVS_12072018_MCF7_B1L3_10per_F5_CID_01.mzML
MSV000085978	LCA_LVS_12062018_MCF7_B1L3_10per_F4_CID_01_ms2.msalign	19	17	LCA_LVS_12062018_MCF7_B1L3_10per_F4_CID_01.mzML
MSV000085978	LCA_LVS_12062018_MCF7_B1L3_10per_F3_CID_01_ms2.msalign	19	17	LCA_LVS_12062018_MCF7_B1L3_10per_F3_CID_01.mzML
MSV000085978	LCA_LVS_12062018_MCF7_B1L3_10per_F3_CID_02_ms2.msalign	19	17	LCA_LVS_12062018_MCF7_B1L3_10per_F3_CID_02.mzML
MSV000085978	LCA_LVS_12062018_MCF7_B1L3_10per_F2_CID_02_ms2.msalign	19	17	LCA_LVS_12062018_MCF7_B1L3_10per_F2_CID_02.mzML
MSV000085978	LCA_LVS_12062018_MCF7_B1L3_10per_F2_CID_01_ms2.msalign	19	17	LCA_LVS_12062018_MCF7_B1L3_10per_F2_CID_01.mzML
MSV000085978	LCA_LVS_12062018_MCF7_B1L3_10per_F1_CID_01_ms2.msalign	19	17	LCA_LVS_12062018_MCF7_B1L3_10per_F1_CID_01.mzML
MSV000085978	LCA_LVS_12062018_MCF7_B1L3_10per_F1_CID_02_ms2.msalign	19	17	LCA_LVS_12062018_MCF7_B1L3_10per_F1_CID_02.mzML
PXD049969	20230317_Caco_GELFrEE_7_LMW_R1_-40_ms2.msalign	20	18	20230317_Caco_GELFrEE_7_LMW_R1.mzML
PXD049969	20230317_Caco_GELFrEE_8_LMW_R1_-40_ms2.msalign	20	18	20230317_Caco_GELFrEE_8_LMW_R1.mzML
PXD049969	20230317_Caco_GELFrEE_8_LMW_R3_-40_ms2.msalign	20	18	20230317_Caco_GELFrEE_8_LMW_R3.mzML
PXD049969	20230317_Caco_GELFrEE_6_LMW_R2_-40_ms2.msalign	20	18	20230317_Caco_GELFrEE_6_LMW_R2.mzML
PXD049969	20230317_Caco_GELFrEE_1_LMW_R1_-25_ms2.msalign	20	18	20230317_Caco_GELFrEE_1_LMW_R1.mzML
PXD049969	20230317_Caco_GELFrEE_6_LMW_R1_-40_ms2.msalign	20	18	20230317_Caco_GELFrEE_6_LMW_R1.mzML
PXD049969	20230317_Caco_GELFrEE_7_LMW_R2_-40_ms2.msalign	20	18	20230317_Caco_GELFrEE_7_LMW_R2.mzML
PXD049969	20230317_Caco_GELFrEE_7_LMW_R3_-40_ms2.msalign	20	18	20230317_Caco_GELFrEE_7_LMW_R3.mzML
PXD049969	20230317_Caco_GELFrEE_1_LMW_R3_-25_ms2.msalign	20	18	20230317_Caco_GELFrEE_1_LMW_R3.mzML
PXD049969	20230317_Caco_GELFrEE_6_LMW_R3_-40_ms2.msalign	20	18	20230317_Caco_GELFrEE_6_LMW_R3.mzML
PXD049969	20230317_Caco_GELFrEE_8_LMW_R2_-25_ms2.msalign	20	18	20230317_Caco_GELFrEE_8_LMW_R2.mzML
PXD049969	20230317_Caco_GELFrEE_1_LMW_R2_-25_ms2.msalign	20	18	20230317_Caco_GELFrEE_1_LMW_R2.mzML
PXD049969	20230317_Caco_GELFrEE_8_LMW_R2_-40_ms2.msalign	20	18	20230317_Caco_GELFrEE_8_LMW_R2.mzML
PXD049969	20230317_Caco_GELFrEE_1_LMW_R3_-40_ms2.msalign	20	18	20230317_Caco_GELFrEE_1_LMW_R3.mzML
PXD049969	20220919_Caco_MWCO50kDa_A_LMW_-40_ms2.msalign	20	18	20220919_Caco_MWCO50kDa_A_LMW.mzML
PXD049969	20230317_Caco_GELFrEE_1_LMW_R1_-40_ms2.msalign	20	18	20230317_Caco_GELFrEE_1_LMW_R1.mzML
PXD049969	20230511_Caco_SPE_LMW_01ul_R1_-40_ms2.msalign	20	18	20230511_Caco_SPE_LMW_01ul_R1.mzML
PXD049969	20230511_Caco_SPE_LMW_01ul_R2_-40_ms2.msalign	20	18	20230511_Caco_SPE_LMW_01ul_R2.mzML
PXD049969	20220919_Caco_MWCO50kDa_B_LMW_-25_ms2.msalign	20	18	20220919_Caco_MWCO50kDa_B_LMW.mzML
PXD049969	20230511_Caco_SPE_LMW_01ul_R3_-40_ms2.msalign	20	18	20230511_Caco_SPE_LMW_01ul_R3.mzML
PXD049969	20220919_Caco_MWCO50kDa_B_LMW_-40_ms2.msalign	20	18	20220919_Caco_MWCO50kDa_B_LMW.mzML
PXD049969	20220919_Caco_MWCO50kDa_c_C_LMW_-40_ms2.msalign	20	18	20220919_Caco_MWCO50kDa_c_C_LMW.mzML
PXD049969	20230317_Caco_GELFrEE_1_LMW_R2_-40_ms2.msalign	20	18	20230317_Caco_GELFrEE_1_LMW_R2.mzML
PXD049969	20220927_Caco_PEPPIAnExSp_C_LMW_-40_ms2.msalign	20	18	20220927_Caco_PEPPIAnExSp_C_LMW.mzML
PXD049969	20220927_Caco_PEPPIAnExSp_C_LMW_-25_ms2.msalign	20	18	20220927_Caco_PEPPIAnExSp_C_LMW.mzML
PXD049969	20230317_Caco_GELFrEE_2_LMW_R3_-25_ms2.msalign	20	18	20230317_Caco_GELFrEE_2_LMW_R3.mzML
PXD049969	20230317_Caco_GELFrEE_8_LMW_R1_-25_ms2.msalign	20	18	20230317_Caco_GELFrEE_8_LMW_R1.mzML
PXD049969	20220919_Caco_MWCO50kDa_A_LMW_-25_ms2.msalign	20	18	20220919_Caco_MWCO50kDa_A_LMW.mzML
PXD049969	20220919_Caco_MWCO50kDa_c_C_LMW_-25_ms2.msalign	20	18	20220919_Caco_MWCO50kDa_c_C_LMW.mzML
PXD049969	20230511_Caco_SPE_LMW_01ul_R1_-25_ms2.msalign	20	18	20230511_Caco_SPE_LMW_01ul_R1.mzML
PXD049969	20230511_Caco_SPE_LMW_01ul_R2_-25_ms2.msalign	20	18	20230511_Caco_SPE_LMW_01ul_R2.mzML
PXD049969	20230317_Caco_GELFrEE_7_LMW_R2_-25_ms2.msalign	20	18	20230317_Caco_GELFrEE_7_LMW_R2.mzML
PXD049969	20220926_Caco_ACNTEAB_A_LMW_-40_ms2.msalign	20	18	20220926_Caco_ACNTEAB_A_LMW.mzML
PXD049969	20230317_Caco_GELFrEE_8_LMW_R3_-25_ms2.msalign	20	18	20230317_Caco_GELFrEE_8_LMW_R3.mzML
PXD049969	20230511_Caco_SPE_LMW_01ul_R3_-25_ms2.msalign	20	18	20230511_Caco_SPE_LMW_01ul_R3.mzML
PXD049969	20220927_Caco_PEPPIAnExSp_A_LMW_-40_ms2.msalign	20	18	20220927_Caco_PEPPIAnExSp_A_LMW.mzML
PXD049969	20230317_Caco_GELFrEE_5_LMW_R2_-40_ms2.msalign	20	18	20230317_Caco_GELFrEE_5_LMW_R2.mzML
PXD049969	20230227_Caco_PLRPlowPH_G_LMW_R3_-25_ms2.msalign	20	18	20230227_Caco_PLRPlowPH_G_LMW_R3.mzML
PXD049969	20230511_Caco_SPE_LMW_03ul_R1_-40_ms2.msalign	20	18	20230511_Caco_SPE_LMW_03ul_R1.mzML
PXD049969	20230227_Caco_PLRPlowPH_H_LMW_R3_-25_ms2.msalign	20	18	20230227_Caco_PLRPlowPH_H_LMW_R3.mzML
PXD049969	20220926_Caco_ACNTEAB_B_LMW_-40_ms2.msalign	20	18	20220926_Caco_ACNTEAB_B_LMW.mzML
PXD049969	20220927_Caco_PEPPIAnExSp_A_LMW_-25_ms2.msalign	20	18	20220927_Caco_PEPPIAnExSp_A_LMW.mzML
PXD049969	20220926_Caco_ACNTEAB_C_LMW_-40_ms2.msalign	20	18	20220926_Caco_ACNTEAB_C_LMW.mzML
PXD049969	20220927_Caco_PEPPIAnExSp_B_LMW_-40_ms2.msalign	20	18	20220927_Caco_PEPPIAnExSp_B_LMW.mzML
PXD049969	20230511_Caco_SPE_LMW_03ul_R2_-40_ms2.msalign	20	18	20230511_Caco_SPE_LMW_03ul_R2.mzML
PXD049969	20230511_Caco_SPE_LMW_03ul_R3_-40_ms2.msalign	20	18	20230511_Caco_SPE_LMW_03ul_R3.mzML
PXD049969	20220927_Caco_PEPPIAnExSp_B_LMW_-25_ms2.msalign	20	18	20220927_Caco_PEPPIAnExSp_B_LMW.mzML
PXD049969	20230511_Caco_SPE_LMW_03ul_R2_-25_ms2.msalign	20	18	20230511_Caco_SPE_LMW_03ul_R2.mzML
PXD049969	20230511_Caco_SPE_LMW_03ul_R1_-25_ms2.msalign	20	18	20230511_Caco_SPE_LMW_03ul_R1.mzML
PXD049969	20230227_Caco_PLRPlowPH_E_LMW_R3_-40_ms2.msalign	20	18	20230227_Caco_PLRPlowPH_E_LMW_R3.mzML
PXD049969	20230227_Caco_PLRPlowPH_H_LMW_R3_-40_ms2.msalign	20	18	20230227_Caco_PLRPlowPH_H_LMW_R3.mzML
PXD049969	20230317_Caco_GELFrEE_2_LMW_R3_-40_ms2.msalign	20	18	20230317_Caco_GELFrEE_2_LMW_R3.mzML
PXD049969	20230317_Caco_GELFrEE_5_LMW_R3_-40_ms2.msalign	20	18	20230317_Caco_GELFrEE_5_LMW_R3.mzML
PXD049969	20220915_Caco_1DLC_C_LMW_-40_ms2.msalign	20	18	20220915_Caco_1DLC_C_LMW.mzML
PXD049969	20230511_Caco_SPE_LMW_03ul_R3_-25_ms2.msalign	20	18	20230511_Caco_SPE_LMW_03ul_R3.mzML
PXD049969	20230227_Caco_PLRPlowPH_A_LMW_R3_-40_ms2.msalign	20	18	20230227_Caco_PLRPlowPH_A_LMW_R3.mzML
PXD049969	20230227_Caco_PLRPlowPH_G_LMW_R3_-40_ms2.msalign	20	18	20230227_Caco_PLRPlowPH_G_LMW_R3.mzML
PXD049969	20230917_Caco_1DLC_control_R1_LMW_-40_ms2.msalign	20	18	20230917_Caco_1DLC_control_R1_LMW.mzML
PXD049969	20230317_Caco_GELFrEE_7_LMW_R3_-25_ms2.msalign	20	18	20230317_Caco_GELFrEE_7_LMW_R3.mzML
PXD049969	20230917_Caco_1DLC_control_R2_LMW_-40_ms2.msalign	20	18	20230917_Caco_1DLC_control_R2_LMW.mzML
PXD049969	20220915_Caco_1DLC_B_LMW_-40_ms2.msalign	20	18	20220915_Caco_1DLC_B_LMW.mzML
PXD049969	20220915_Caco_1DLC_A_LMW_-40_ms2.msalign	20	18	20220915_Caco_1DLC_A_LMW.mzML
PXD049969	20230227_Caco_PLRPlowPH_D_LMW_R3_-25_ms2.msalign	20	18	20230227_Caco_PLRPlowPH_D_LMW_R3.mzML
PXD049969	20220916_Caco_8GELFrEE_B_LMW_-40_ms2.msalign	20	18	20220916_Caco_8GELFrEE_B_LMW.mzML
PXD049969	20230227_Caco_PLRPlowPH_F_LMW_R3_-40_ms2.msalign	20	18	20230227_Caco_PLRPlowPH_F_LMW_R3.mzML
PXD049969	20230917_Caco_1DLC_reduced_R3_LMW_-40_ms2.msalign	20	18	20230917_Caco_1DLC_reduced_R3_LMW.mzML
PXD049969	20230511_Caco_SPE_LMW_07ul_R1_-40_ms2.msalign	20	18	20230511_Caco_SPE_LMW_07ul_R1.mzML
PXD049969	20220927_Caco_PEPPIMCW_C_LMW_-40_ms2.msalign	20	18	20220927_Caco_PEPPIMCW_C_LMW.mzML
PXD049969	20230317_Caco_GELFrEE_7_LMW_R1_-25_ms2.msalign	20	18	20230317_Caco_GELFrEE_7_LMW_R1.mzML
PXD049969	20230917_Caco_1DLC_control_R3_LMW_-40_ms2.msalign	20	18	20230917_Caco_1DLC_control_R3_LMW.mzML
PXD049969	20230917_Caco_1DLC_reduced_R2_LMW_-40_ms2.msalign	20	18	20230917_Caco_1DLC_reduced_R2_LMW.mzML
PXD049969	20220927_Caco_PEPPIMCW_C_LMW_-25_ms2.msalign	20	18	20220927_Caco_PEPPIMCW_C_LMW.mzML
PXD049969	20230227_Caco_PLRPlowPH_D_LMW_R3_-40_ms2.msalign	20	18	20230227_Caco_PLRPlowPH_D_LMW_R3.mzML
PXD049969	20230227_Caco_PLRPlowPH_F_LMW_R3_-25_ms2.msalign	20	18	20230227_Caco_PLRPlowPH_F_LMW_R3.mzML
PXD049969	20220916_Caco_8GELFrEE_A_LMW_-40_ms2.msalign	20	18	20220916_Caco_8GELFrEE_A_LMW.mzML
PXD049969	20220927_Caco_PEPPIMCW_A_LMW_-40_ms2.msalign	20	18	20220927_Caco_PEPPIMCW_A_LMW.mzML
PXD049969	20230601_Caco_Lysis_SDSTris8p8_R3_LMW_-40_ms2.msalign	20	18	20230601_Caco_Lysis_SDSTris8p8_R3_LMW.mzML
PXD049969	20230227_Caco_PLRPlowPH_A_LMW_R3_-25_ms2.msalign	20	18	20230227_Caco_PLRPlowPH_A_LMW_R3.mzML
PXD049969	20230227_Caco_PLRPlowPH_C_LMW_R3_-25_ms2.msalign	20	18	20230227_Caco_PLRPlowPH_C_LMW_R3.mzML
PXD049969	20230601_Caco_Lysis_SDSTris8p8_R1_LMW_-40_ms2.msalign	20	18	20230601_Caco_Lysis_SDSTris8p8_R1_LMW.mzML
PXD049969	20220916_Caco_8GELFrEE_B_LMW_-25_ms2.msalign	20	18	20220916_Caco_8GELFrEE_B_LMW.mzML
PXD049969	20220927_Caco_PEPPIMCW_B_LMW_-40_ms2.msalign	20	18	20220927_Caco_PEPPIMCW_B_LMW.mzML
PXD049969	20220916_Caco_8GELFrEE_C_LMW_-40_ms2.msalign	20	18	20220916_Caco_8GELFrEE_C_LMW.mzML
PXD049969	20230601_Caco_Lysis_SDSTris8p8_R2_LMW_-40_ms2.msalign	20	18	20230601_Caco_Lysis_SDSTris8p8_R2_LMW.mzML
PXD049969	20230317_Caco_GELFrEE_6_LMW_R2_-25_ms2.msalign	20	18	20230317_Caco_GELFrEE_6_LMW_R2.mzML
PXD049969	20220927_Caco_PEPPIMCW_A_LMW_-25_ms2.msalign	20	18	20220927_Caco_PEPPIMCW_A_LMW.mzML
PXD049969	20230511_Caco_SPE_LMW_07ul_R3_-40_ms2.msalign	20	18	20230511_Caco_SPE_LMW_07ul_R3.mzML
PXD049969	20230917_Caco_1DLC_reduced_R1_LMW_-40_ms2.msalign	20	18	20230917_Caco_1DLC_reduced_R1_LMW.mzML
PXD049969	20230227_Caco_PLRPlowPH_C_LMW_R3_-40_ms2.msalign	20	18	20230227_Caco_PLRPlowPH_C_LMW_R3.mzML
PXD049969	20230511_Caco_SPE_LMW_07ul_R1_-25_ms2.msalign	20	18	20230511_Caco_SPE_LMW_07ul_R1.mzML
PXD049969	20230917_Caco_1DLC_alkylated_R2_LMW_-40_ms2.msalign	20	18	20230917_Caco_1DLC_alkylated_R2_LMW.mzML
PXD049969	20230917_Caco_1DLC_alkylated_R1_LMW_-40_ms2.msalign	20	18	20230917_Caco_1DLC_alkylated_R1_LMW.mzML
PXD049969	20230917_Caco_1DLC_alkylated_R3_LMW_-40_ms2.msalign	20	18	20230917_Caco_1DLC_alkylated_R3_LMW.mzML
PXD049969	20220919_Caco_MWCO30kDa_c_C_LMW_-40_ms2.msalign	20	18	20220919_Caco_MWCO30kDa_c_C_LMW.mzML
PXD049969	20230227_Caco_PLRPlowPH_E_LMW_R3_-25_ms2.msalign	20	18	20230227_Caco_PLRPlowPH_E_LMW_R3.mzML
PXD049969	20230511_Caco_SPE_LMW_07ul_R2_-40_ms2.msalign	20	18	20230511_Caco_SPE_LMW_07ul_R2.mzML
PXD049969	20220916_Caco_8GELFrEE_A_LMW_-25_ms2.msalign	20	18	20220916_Caco_8GELFrEE_A_LMW.mzML
PXD049969	20230317_Caco_GELFrEE_2_LMW_R2_-25_ms2.msalign	20	18	20230317_Caco_GELFrEE_2_LMW_R2.mzML
PXD049969	20220915_Caco_1DLC_A_LMW_-25_ms2.msalign	20	18	20220915_Caco_1DLC_A_LMW.mzML
PXD049969	20230227_Caco_PLRPlowPH_A_LMW_R2_-40_ms2.msalign	20	18	20230227_Caco_PLRPlowPH_A_LMW_R2.mzML
PXD049969	20230601_Caco_Lysis_UreaABC8p0_R1_LMW_-40_ms2.msalign	20	18	20230601_Caco_Lysis_UreaABC8p0_R1_LMW.mzML
PXD049969	20220928_Caco_SEC_A_LMW_-40_ms2.msalign	20	18	20220928_Caco_SEC_A_LMW.mzML
PXD049969	20230601_Caco_Lysis_UreaABC8p0_R2_LMW_-40_ms2.msalign	20	18	20230601_Caco_Lysis_UreaABC8p0_R2_LMW.mzML
PXD049969	20230227_Caco_PLRPlowPH_H_LMW_R2_-40_ms2.msalign	20	18	20230227_Caco_PLRPlowPH_H_LMW_R2.mzML
PXD049969	20230601_Caco_Lysis_UreaABC8p0_R3_LMW_-40_ms2.msalign	20	18	20230601_Caco_Lysis_UreaABC8p0_R3_LMW.mzML
PXD049969	20220927_Caco_PEPPIMCW_B_LMW_-25_ms2.msalign	20	18	20220927_Caco_PEPPIMCW_B_LMW.mzML
PXD049969	20230317_Caco_GELFrEE_5_LMW_R1_-40_ms2.msalign	20	18	20230317_Caco_GELFrEE_5_LMW_R1.mzML
PXD049969	20220915_Caco_1DLC_C_LMW_-25_ms2.msalign	20	18	20220915_Caco_1DLC_C_LMW.mzML
PXD049969	20230601_Caco_Lysis_PBS7p2_c_R2_LMW_-40_ms2.msalign	20	18	20230601_Caco_Lysis_PBS7p2_c_R2_LMW.mzML
PXD049969	20230601_Caco_Lysis_PBS7p2_c_R3_LMW_-40_ms2.msalign	20	18	20230601_Caco_Lysis_PBS7p2_c_R3_LMW.mzML
PXD049969	20230511_Caco_SPE_LMW_07ul_R2_-25_ms2.msalign	20	18	20230511_Caco_SPE_LMW_07ul_R2.mzML
PXD049969	20230511_Caco_SPE_LMW_07ul_R3_-25_ms2.msalign	20	18	20230511_Caco_SPE_LMW_07ul_R3.mzML
PXD049969	20220928_Caco_SEC_B_LMW_-40_ms2.msalign	20	18	20220928_Caco_SEC_B_LMW.mzML
PXD049969	20220915_Caco_1DLC_B_LMW_-25_ms2.msalign	20	18	20220915_Caco_1DLC_B_LMW.mzML
PXD049969	20230601_Caco_Lysis_PBS7p2_c_R1_LMW_-40_ms2.msalign	20	18	20230601_Caco_Lysis_PBS7p2_c_R1_LMW.mzML
PXD049969	20230227_Caco_PLRPlowPH_E_LMW_R2_-40_ms2.msalign	20	18	20230227_Caco_PLRPlowPH_E_LMW_R2.mzML
PXD049969	20230601_Caco_Lysis_SDSTris8p8_R3_LMW_-25_ms2.msalign	20	18	20230601_Caco_Lysis_SDSTris8p8_R3_LMW.mzML
PXD049969	20230917_Caco_1DLC_control_R2_LMW_-25_ms2.msalign	20	18	20230917_Caco_1DLC_control_R2_LMW.mzML
PXD049969	20230317_Caco_GELFrEE_2_LMW_R1_-25_ms2.msalign	20	18	20230317_Caco_GELFrEE_2_LMW_R1.mzML
PXD049969	20230601_Caco_Lysis_SDSTris8p8_R1_LMW_-25_ms2.msalign	20	18	20230601_Caco_Lysis_SDSTris8p8_R1_LMW.mzML
PXD049969	20220928_Caco_SEC_C_LMW_-40_ms2.msalign	20	18	20220928_Caco_SEC_C_LMW.mzML
PXD049969	20230227_Caco_PLRPlowPH_D_LMW_R2_-40_ms2.msalign	20	18	20230227_Caco_PLRPlowPH_D_LMW_R2.mzML
PXD049969	20230601_Caco_Lysis_SDSTris8p8_R2_LMW_-25_ms2.msalign	20	18	20230601_Caco_Lysis_SDSTris8p8_R2_LMW.mzML
PXD049969	20220916_Caco_8GELFrEE_C_LMW_-25_ms2.msalign	20	18	20220916_Caco_8GELFrEE_C_LMW.mzML
PXD049969	20230227_Caco_PLRPlowPH_B_LMW_R3_-40_ms2.msalign	20	18	20230227_Caco_PLRPlowPH_B_LMW_R3.mzML
PXD049969	20230601_Caco_Lysis_GndHCl_c_R3_LMW_-40_ms2.msalign	20	18	20230601_Caco_Lysis_GndHCl_c_R3_LMW.mzML
PXD049969	20220926_Caco_ACNNaCl_A_LMW_-40_ms2.msalign	20	18	20220926_Caco_ACNNaCl_A_LMW.mzML
PXD049969	20230227_Caco_PLRPlowPH_F_LMW_R2_-40_ms2.msalign	20	18	20230227_Caco_PLRPlowPH_F_LMW_R2.mzML
PXD049969	20230227_Caco_PLRPlowPH_E_LMW_R1_-40_ms2.msalign	20	18	20230227_Caco_PLRPlowPH_E_LMW_R1.mzML
PXD049969	20230601_Caco_Lysis_UreaABC8p0_R2_LMW_-25_ms2.msalign	20	18	20230601_Caco_Lysis_UreaABC8p0_R2_LMW.mzML
PXD049969	20230317_Caco_GELFrEE_4_LMW_R3_-40_ms2.msalign	20	18	20230317_Caco_GELFrEE_4_LMW_R3.mzML
PXD049969	20230601_Caco_Lysis_UreaABC8p0_R1_LMW_-25_ms2.msalign	20	18	20230601_Caco_Lysis_UreaABC8p0_R1_LMW.mzML
PXD049969	20230227_Caco_PLRPlowPH_A_LMW_R1_-40_ms2.msalign	20	18	20230227_Caco_PLRPlowPH_A_LMW_R1.mzML
PXD049969	20230601_Caco_Lysis_UreaABC8p0_R3_LMW_-25_ms2.msalign	20	18	20230601_Caco_Lysis_UreaABC8p0_R3_LMW.mzML
PXD049969	20220926_Caco_ACNNaCl_B_LMW_-40_ms2.msalign	20	18	20220926_Caco_ACNNaCl_B_LMW.mzML
PXD049969	20230317_Caco_GELFrEE_4_LMW_R2_-40_ms2.msalign	20	18	20230317_Caco_GELFrEE_4_LMW_R2.mzML
PXD049969	20230917_Caco_1DLC_control_R3_LMW_-25_ms2.msalign	20	18	20230917_Caco_1DLC_control_R3_LMW.mzML
PXD049969	20230601_Caco_Lysis_GndHCl_c_R1_LMW_-40_ms2.msalign	20	18	20230601_Caco_Lysis_GndHCl_c_R1_LMW.mzML
PXD049969	20230227_Caco_PLRPlowPH_B_LMW_R2_-40_ms2.msalign	20	18	20230227_Caco_PLRPlowPH_B_LMW_R2.mzML
PXD049969	20230601_Caco_Lysis_GndHCl_c_R2_LMW_-40_ms2.msalign	20	18	20230601_Caco_Lysis_GndHCl_c_R2_LMW.mzML
PXD049969	20230917_Caco_1DLC_control_R1_LMW_-25_ms2.msalign	20	18	20230917_Caco_1DLC_control_R1_LMW.mzML
PXD049969	20220919_Caco_MWCO30kDa_A_LMW_-40_ms2.msalign	20	18	20220919_Caco_MWCO30kDa_A_LMW.mzML
PXD049969	20220926_Caco_ACNTEAB_A_LMW_-25_ms2.msalign	20	18	20220926_Caco_ACNTEAB_A_LMW.mzML
PXD049969	20220926_Caco_ACNTEAB_B_LMW_-25_ms2.msalign	20	18	20220926_Caco_ACNTEAB_B_LMW.mzML
PXD049969	20220919_Caco_MWCO30kDa_B_LMW_-40_ms2.msalign	20	18	20220919_Caco_MWCO30kDa_B_LMW.mzML
PXD049969	20230317_Caco_GELFrEE_4_LMW_R1_-40_ms2.msalign	20	18	20230317_Caco_GELFrEE_4_LMW_R1.mzML
PXD049969	20230511_Caco_SPE_LMW_R10_-40_ms2.msalign	20	18	20230511_Caco_SPE_LMW_R10.mzML
PXD049969	20220926_Caco_ACNTEAB_C_LMW_-25_ms2.msalign	20	18	20220926_Caco_ACNTEAB_C_LMW.mzML
PXD049969	20230227_Caco_PLRPlowPH_D_LMW_R1_-40_ms2.msalign	20	18	20230227_Caco_PLRPlowPH_D_LMW_R1.mzML
PXD049969	20230917_Caco_1DLC_reduced_R3_LMW_-25_ms2.msalign	20	18	20230917_Caco_1DLC_reduced_R3_LMW.mzML
PXD049969	20230227_Caco_PLRPlowPH_C_LMW_R2_-40_ms2.msalign	20	18	20230227_Caco_PLRPlowPH_C_LMW_R2.mzML
PXD049969	20230227_Caco_PLRPlowPH_H_LMW_R1_-40_ms2.msalign	20	18	20230227_Caco_PLRPlowPH_H_LMW_R1.mzML
PXD049969	20230227_Caco_PLRPlowPH_G_LMW_R2_-40_ms2.msalign	20	18	20230227_Caco_PLRPlowPH_G_LMW_R2.mzML
PXD049969	20220923_Caco_SPEC18_C_LMW_-40_ms2.msalign	20	18	20220923_Caco_SPEC18_C_LMW.mzML
PXD049969	20230227_Caco_PLRPlowPH_F_LMW_R1_-40_ms2.msalign	20	18	20230227_Caco_PLRPlowPH_F_LMW_R1.mzML
PXD049969	20230317_Caco_GELFrEE_2_LMW_R2_-40_ms2.msalign	20	18	20230317_Caco_GELFrEE_2_LMW_R2.mzML
PXD049969	20220923_Caco_SPEC18_A_LMW_-40_ms2.msalign	20	18	20220923_Caco_SPEC18_A_LMW.mzML
PXD049969	20230227_Caco_PLRPlowPH_B_LMW_R1_-40_ms2.msalign	20	18	20230227_Caco_PLRPlowPH_B_LMW_R1.mzML
PXD049969	20230917_Caco_1DLC_reduced_R2_LMW_-25_ms2.msalign	20	18	20230917_Caco_1DLC_reduced_R2_LMW.mzML
PXD049969	20220919_Caco_MWCO30kDa_c_C_LMW_-25_ms2.msalign	20	18	20220919_Caco_MWCO30kDa_c_C_LMW.mzML
PXD049969	20230511_Caco_SPE_LMW_R7_-40_ms2.msalign	20	18	20230511_Caco_SPE_LMW_R7.mzML
PXD049969	20230227_Caco_PLRPlowPH_G_LMW_R1_-40_ms2.msalign	20	18	20230227_Caco_PLRPlowPH_G_LMW_R1.mzML
PXD049969	20230511_Caco_SPE_LMW_R1_-40_ms2.msalign	20	18	20230511_Caco_SPE_LMW_R1.mzML
PXD049969	20230601_Caco_Lysis_PBS7p2_c_R3_LMW_-25_ms2.msalign	20	18	20230601_Caco_Lysis_PBS7p2_c_R3_LMW.mzML
PXD049969	20230511_Caco_SPE_LMW_R8_-40_ms2.msalign	20	18	20230511_Caco_SPE_LMW_R8.mzML
PXD049969	20220922_Caco_lysis_ACNTEAB_LMW_5ul_R3_-40_ms2.msalign	20	18	20220922_Caco_lysis_ACNTEAB_LMW_5ul_R3.mzML
PXD049969	20220923_Caco_SPEC18_B_LMW_-40_ms2.msalign	20	18	20220923_Caco_SPEC18_B_LMW.mzML
PXD049969	20230511_Caco_SPE_LMW_R3_-40_ms2.msalign	20	18	20230511_Caco_SPE_LMW_R3.mzML
PXD049969	20230511_Caco_SPE_LMW_R4_-40_ms2.msalign	20	18	20230511_Caco_SPE_LMW_R4.mzML
PXD049969	20230511_Caco_SPE_LMW_R6_-40_ms2.msalign	20	18	20230511_Caco_SPE_LMW_R6.mzML
PXD049969	20220923_Caco_SPEC4_A_LMW_-40_ms2.msalign	20	18	20220923_Caco_SPEC4_A_LMW.mzML
PXD049969	20220923_Caco_SPEC4_C_LMW_-40_ms2.msalign	20	18	20220923_Caco_SPEC4_C_LMW.mzML
PXD049969	20230511_Caco_SPE_LMW_R2_-40_ms2.msalign	20	18	20230511_Caco_SPE_LMW_R2.mzML
PXD049969	20220923_Caco_SPEC4_B_LMW_-40_ms2.msalign	20	18	20220923_Caco_SPEC4_B_LMW.mzML
PXD049969	20230511_Caco_SPE_LMW_R5_-40_ms2.msalign	20	18	20230511_Caco_SPE_LMW_R5.mzML
PXD049969	20230601_Caco_Lysis_PBS7p2_c_R1_LMW_-25_ms2.msalign	20	18	20230601_Caco_Lysis_PBS7p2_c_R1_LMW.mzML
PXD049969	20230227_Caco_PLRPlowPH_C_LMW_R1_-40_ms2.msalign	20	18	20230227_Caco_PLRPlowPH_C_LMW_R1.mzML
PXD049969	20230601_Caco_Lysis_PBS7p2_c_R2_LMW_-25_ms2.msalign	20	18	20230601_Caco_Lysis_PBS7p2_c_R2_LMW.mzML
PXD049969	20230511_Caco_SPE_LMW_R9_-40_ms2.msalign	20	18	20230511_Caco_SPE_LMW_R9.mzML
PXD049969	20230317_Caco_GELFrEE_6_LMW_R1_-25_ms2.msalign	20	18	20230317_Caco_GELFrEE_6_LMW_R1.mzML
PXD049969	20220928_Caco_SEC_B_LMW_-25_ms2.msalign	20	18	20220928_Caco_SEC_B_LMW.mzML
PXD049969	20230511_Caco_SPE_LMW_R10_-25_ms2.msalign	20	18	20230511_Caco_SPE_LMW_R10.mzML
PXD049969	20220926_Caco_ACNNaCl_C_LMW_-40_ms2.msalign	20	18	20220926_Caco_ACNNaCl_C_LMW.mzML
PXD049969	20220928_Caco_SEC_A_LMW_-25_ms2.msalign	20	18	20220928_Caco_SEC_A_LMW.mzML
PXD049969	20230601_Caco_Lysis_GndHCl_c_R1_LMW_-25_ms2.msalign	20	18	20230601_Caco_Lysis_GndHCl_c_R1_LMW.mzML
PXD049969	20230317_Caco_GELFrEE_2_LMW_R1_-40_ms2.msalign	20	18	20230317_Caco_GELFrEE_2_LMW_R1.mzML
PXD049969	20230317_Caco_GELFrEE_6_LMW_R3_-25_ms2.msalign	20	18	20230317_Caco_GELFrEE_6_LMW_R3.mzML
PXD049969	20230227_Caco_PLRPlowPH_H_LMW_R2_-25_ms2.msalign	20	18	20230227_Caco_PLRPlowPH_H_LMW_R2.mzML
PXD049969	20220922_Caco_lysis_ACNTEAB_LMW_5ul_R2_-40_ms2.msalign	20	18	20220922_Caco_lysis_ACNTEAB_LMW_5ul_R2.mzML
PXD049969	20230601_Caco_Lysis_GndHCl_c_R3_LMW_-25_ms2.msalign	20	18	20230601_Caco_Lysis_GndHCl_c_R3_LMW.mzML
PXD049969	20230601_Caco_Lysis_GndHCl_c_R2_LMW_-25_ms2.msalign	20	18	20230601_Caco_Lysis_GndHCl_c_R2_LMW.mzML
PXD049969	20220922_Caco_lysis_ACNTEAB_LMW_5ul_-40_ms2.msalign	20	18	20220922_Caco_lysis_ACNTEAB_LMW_5ul.mzML
PXD049969	20230227_Caco_PLRPlowPH_B_LMW_R3_-25_ms2.msalign	20	18	20230227_Caco_PLRPlowPH_B_LMW_R3.mzML
PXD049969	20230511_Caco_SPE_LMW_R5_-25_ms2.msalign	20	18	20230511_Caco_SPE_LMW_R5.mzML
PXD049969	20230511_Caco_SPE_LMW_R2_-25_ms2.msalign	20	18	20230511_Caco_SPE_LMW_R2.mzML
PXD049969	20230511_Caco_SPE_LMW_R7_-25_ms2.msalign	20	18	20230511_Caco_SPE_LMW_R7.mzML
PXD049969	20230317_Caco_GELFrEE_5_LMW_R2_-25_ms2.msalign	20	18	20230317_Caco_GELFrEE_5_LMW_R2.mzML
PXD049969	20230511_Caco_SPE_LMW_R6_-25_ms2.msalign	20	18	20230511_Caco_SPE_LMW_R6.mzML
PXD049969	20230227_Caco_PLRPlowPH_H_LMW_R1_-25_ms2.msalign	20	18	20230227_Caco_PLRPlowPH_H_LMW_R1.mzML
PXD049969	20230917_Caco_1DLC_alkylated_R2_LMW_-25_ms2.msalign	20	18	20230917_Caco_1DLC_alkylated_R2_LMW.mzML
PXD049969	20230511_Caco_SPE_LMW_R1_-25_ms2.msalign	20	18	20230511_Caco_SPE_LMW_R1.mzML
PXD049969	20230511_Caco_SPE_LMW_R3_-25_ms2.msalign	20	18	20230511_Caco_SPE_LMW_R3.mzML
PXD049969	20230317_Caco_GELFrEE_3_LMW_R2_-40_ms2.msalign	20	18	20230317_Caco_GELFrEE_3_LMW_R2.mzML
PXD049969	20230511_Caco_SPE_LMW_R8_-25_ms2.msalign	20	18	20230511_Caco_SPE_LMW_R8.mzML
PXD049969	20230511_Caco_SPE_LMW_R9_-25_ms2.msalign	20	18	20230511_Caco_SPE_LMW_R9.mzML
PXD049969	20230511_Caco_SPE_LMW_R4_-25_ms2.msalign	20	18	20230511_Caco_SPE_LMW_R4.mzML
PXD049969	20230317_Caco_GELFrEE_3_LMW_R1_-40_ms2.msalign	20	18	20230317_Caco_GELFrEE_3_LMW_R1.mzML
PXD049969	20230317_Caco_GELFrEE_3_LMW_R3_-40_ms2.msalign	20	18	20230317_Caco_GELFrEE_3_LMW_R3.mzML
PXD049969	20230917_Caco_1DLC_alkylated_R1_LMW_-25_ms2.msalign	20	18	20230917_Caco_1DLC_alkylated_R1_LMW.mzML
PXD049969	20220922_Caco_lysis_ACNNaCl_LMW_5ul_R2_-40_ms2.msalign	20	18	20220922_Caco_lysis_ACNNaCl_LMW_5ul_R2.mzML
PXD049969	20230917_Caco_1DLC_reduced_R1_LMW_-25_ms2.msalign	20	18	20230917_Caco_1DLC_reduced_R1_LMW.mzML
PXD049969	20230227_Caco_PLRPlowPH_D_LMW_R2_-25_ms2.msalign	20	18	20230227_Caco_PLRPlowPH_D_LMW_R2.mzML
PXD049969	20230227_Caco_PLRPlowPH_A_LMW_R2_-25_ms2.msalign	20	18	20230227_Caco_PLRPlowPH_A_LMW_R2.mzML
PXD049969	20220922_Caco_lysis_ACNNaCl_LMW_5ul_R3_-40_ms2.msalign	20	18	20220922_Caco_lysis_ACNNaCl_LMW_5ul_R3.mzML
PXD049969	20220926_Caco_ACNNaCl_B_LMW_-25_ms2.msalign	20	18	20220926_Caco_ACNNaCl_B_LMW.mzML
PXD049969	20220922_Caco_lysis_ACNTEAB_LMW_5ul_R3_-25_ms2.msalign	20	18	20220922_Caco_lysis_ACNTEAB_LMW_5ul_R3.mzML
PXD049969	20220919_Caco_MWCO30kDa_B_LMW_-25_ms2.msalign	20	18	20220919_Caco_MWCO30kDa_B_LMW.mzML
PXD049969	20220928_Caco_SEC_C_LMW_-25_ms2.msalign	20	18	20220928_Caco_SEC_C_LMW.mzML
PXD049969	20220926_Caco_ACNNaCl_A_LMW_-25_ms2.msalign	20	18	20220926_Caco_ACNNaCl_A_LMW.mzML
PXD049969	20220922_Caco_lysis_ACNNaCl_LMW_5ul_-40_ms2.msalign	20	18	20220922_Caco_lysis_ACNNaCl_LMW_5ul.mzML
PXD049969	20230227_Caco_PLRPlowPH_B_LMW_R2_-25_ms2.msalign	20	18	20230227_Caco_PLRPlowPH_B_LMW_R2.mzML
PXD049969	20220922_Caco_lysis_ACNTEAB_LMW_5ul_R2_-25_ms2.msalign	20	18	20220922_Caco_lysis_ACNTEAB_LMW_5ul_R2.mzML
PXD049969	20230227_Caco_PLRPlowPH_G_LMW_R1_-25_ms2.msalign	20	18	20230227_Caco_PLRPlowPH_G_LMW_R1.mzML
PXD049969	20230317_Caco_GELFrEE_3_LMW_R1_-25_ms2.msalign	20	18	20230317_Caco_GELFrEE_3_LMW_R1.mzML
PXD049969	20220922_Caco_lysis_ACNTEAB_LMW_5ul_-25_ms2.msalign	20	18	20220922_Caco_lysis_ACNTEAB_LMW_5ul.mzML
PXD049969	20230917_Caco_1DLC_alkylated_R3_LMW_-25_ms2.msalign	20	18	20230917_Caco_1DLC_alkylated_R3_LMW.mzML
PXD049969	20220919_Caco_MWCO30kDa_A_LMW_-25_ms2.msalign	20	18	20220919_Caco_MWCO30kDa_A_LMW.mzML
PXD049969	20230227_Caco_PLRPlowPH_F_LMW_R2_-25_ms2.msalign	20	18	20230227_Caco_PLRPlowPH_F_LMW_R2.mzML
PXD049969	20230227_Caco_PLRPlowPH_D_LMW_R1_-25_ms2.msalign	20	18	20230227_Caco_PLRPlowPH_D_LMW_R1.mzML
PXD049969	20230227_Caco_PLRPlowPH_G_LMW_R2_-25_ms2.msalign	20	18	20230227_Caco_PLRPlowPH_G_LMW_R2.mzML
PXD049969	20230227_Caco_PLRPlowPH_C_LMW_R2_-25_ms2.msalign	20	18	20230227_Caco_PLRPlowPH_C_LMW_R2.mzML
PXD049969	20230227_Caco_PLRPlowPH_E_LMW_R2_-25_ms2.msalign	20	18	20230227_Caco_PLRPlowPH_E_LMW_R2.mzML
PXD049969	20220923_Caco_SPEC18_C_LMW_-25_ms2.msalign	20	18	20220923_Caco_SPEC18_C_LMW.mzML
PXD049969	20220923_Caco_SPEC18_A_LMW_-25_ms2.msalign	20	18	20220923_Caco_SPEC18_A_LMW.mzML
PXD049969	20230317_Caco_GELFrEE_3_LMW_R3_-25_ms2.msalign	20	18	20230317_Caco_GELFrEE_3_LMW_R3.mzML
PXD049969	20230227_Caco_PLRPlowPH_C_LMW_R1_-25_ms2.msalign	20	18	20230227_Caco_PLRPlowPH_C_LMW_R1.mzML
PXD049969	20230227_Caco_PLRPlowPH_F_LMW_R1_-25_ms2.msalign	20	18	20230227_Caco_PLRPlowPH_F_LMW_R1.mzML
PXD049969	20230317_Caco_GELFrEE_5_LMW_R3_-25_ms2.msalign	20	18	20230317_Caco_GELFrEE_5_LMW_R3.mzML
PXD049969	20230227_Caco_PLRPlowPH_E_LMW_R1_-25_ms2.msalign	20	18	20230227_Caco_PLRPlowPH_E_LMW_R1.mzML
PXD049969	20230227_Caco_PLRPlowPH_A_LMW_R1_-25_ms2.msalign	20	18	20230227_Caco_PLRPlowPH_A_LMW_R1.mzML
PXD049969	20230317_Caco_GELFrEE_3_LMW_R2_-25_ms2.msalign	20	18	20230317_Caco_GELFrEE_3_LMW_R2.mzML
PXD049969	20230227_Caco_PLRPlowPH_B_LMW_R1_-25_ms2.msalign	20	18	20230227_Caco_PLRPlowPH_B_LMW_R1.mzML
PXD049969	20220923_Caco_SPEC4_C_LMW_-25_ms2.msalign	20	18	20220923_Caco_SPEC4_C_LMW.mzML
PXD049969	20220923_Caco_SPEC18_B_LMW_-25_ms2.msalign	20	18	20220923_Caco_SPEC18_B_LMW.mzML
PXD049969	20220923_Caco_SPEC4_A_LMW_-25_ms2.msalign	20	18	20220923_Caco_SPEC4_A_LMW.mzML
PXD049969	20220926_Caco_ACNNaCl_C_LMW_-25_ms2.msalign	20	18	20220926_Caco_ACNNaCl_C_LMW.mzML
PXD049969	20230317_Caco_GELFrEE_4_LMW_R1_-25_ms2.msalign	20	18	20230317_Caco_GELFrEE_4_LMW_R1.mzML
PXD049969	20230317_Caco_GELFrEE_5_LMW_R1_-25_ms2.msalign	20	18	20230317_Caco_GELFrEE_5_LMW_R1.mzML
PXD049969	20230317_Caco_GELFrEE_4_LMW_R2_-25_ms2.msalign	20	18	20230317_Caco_GELFrEE_4_LMW_R2.mzML
PXD049969	20230317_Caco_GELFrEE_4_LMW_R3_-25_ms2.msalign	20	18	20230317_Caco_GELFrEE_4_LMW_R3.mzML
PXD049969	20220923_Caco_SPEC4_B_LMW_-25_ms2.msalign	20	18	20220923_Caco_SPEC4_B_LMW.mzML
PXD049969	20220922_Caco_lysis_ACNNaCl_LMW_5ul_R2_-25_ms2.msalign	20	18	20220922_Caco_lysis_ACNNaCl_LMW_5ul_R2.mzML
PXD049969	20220922_Caco_lysis_ACNNaCl_LMW_5ul_R3_-25_ms2.msalign	20	18	20220922_Caco_lysis_ACNNaCl_LMW_5ul_R3.mzML
PXD049969	20220922_Caco_lysis_ACNNaCl_LMW_5ul_-25_ms2.msalign	20	18	20220922_Caco_lysis_ACNNaCl_LMW_5ul.mzML
PXD049969	20230317_Caco_GELFrEE_8_LMW_R3_-50_ms2.msalign	20	18	20230317_Caco_GELFrEE_8_LMW_R3.mzML
PXD049969	20230317_Caco_GELFrEE_7_LMW_R3_-50_ms2.msalign	20	18	20230317_Caco_GELFrEE_7_LMW_R3.mzML
PXD049969	20230317_Caco_GELFrEE_7_LMW_R1_-50_ms2.msalign	20	18	20230317_Caco_GELFrEE_7_LMW_R1.mzML
PXD049969	20230317_Caco_GELFrEE_8_LMW_R1_-50_ms2.msalign	20	18	20230317_Caco_GELFrEE_8_LMW_R1.mzML
PXD049969	20230317_Caco_GELFrEE_6_LMW_R1_-50_ms2.msalign	20	18	20230317_Caco_GELFrEE_6_LMW_R1.mzML
PXD049969	20230317_Caco_GELFrEE_6_LMW_R2_-50_ms2.msalign	20	18	20230317_Caco_GELFrEE_6_LMW_R2.mzML
PXD049969	20230317_Caco_GELFrEE_7_LMW_R2_-50_ms2.msalign	20	18	20230317_Caco_GELFrEE_7_LMW_R2.mzML
PXD049969	20230317_Caco_GELFrEE_6_LMW_R3_-50_ms2.msalign	20	18	20230317_Caco_GELFrEE_6_LMW_R3.mzML
PXD049969	20220927_Caco_PEPPIAnExSp_A_LMW_-50_ms2.msalign	20	18	20220927_Caco_PEPPIAnExSp_A_LMW.mzML
PXD049969	20230511_Caco_SPE_LMW_01ul_R3_-50_ms2.msalign	20	18	20230511_Caco_SPE_LMW_01ul_R3.mzML
PXD049969	20230511_Caco_SPE_LMW_01ul_R2_-50_ms2.msalign	20	18	20230511_Caco_SPE_LMW_01ul_R2.mzML
PXD049969	20230511_Caco_SPE_LMW_01ul_R1_-50_ms2.msalign	20	18	20230511_Caco_SPE_LMW_01ul_R1.mzML
PXD049969	20220927_Caco_PEPPIAnExSp_B_LMW_-50_ms2.msalign	20	18	20220927_Caco_PEPPIAnExSp_B_LMW.mzML
PXD049969	20220927_Caco_PEPPIAnExSp_C_LMW_-50_ms2.msalign	20	18	20220927_Caco_PEPPIAnExSp_C_LMW.mzML
PXD049969	20230317_Caco_GELFrEE_8_LMW_R2_-50_ms2.msalign	20	18	20230317_Caco_GELFrEE_8_LMW_R2.mzML
PXD049969	20230317_Caco_GELFrEE_1_LMW_R1_-50_ms2.msalign	20	18	20230317_Caco_GELFrEE_1_LMW_R1.mzML
PXD049969	20230317_Caco_GELFrEE_5_LMW_R2_-50_ms2.msalign	20	18	20230317_Caco_GELFrEE_5_LMW_R2.mzML
PXD049969	20230511_Caco_SPE_LMW_03ul_R2_-50_ms2.msalign	20	18	20230511_Caco_SPE_LMW_03ul_R2.mzML
PXD049969	20230317_Caco_GELFrEE_1_LMW_R3_-50_ms2.msalign	20	18	20230317_Caco_GELFrEE_1_LMW_R3.mzML
PXD049969	20220919_Caco_MWCO50kDa_A_LMW_-50_ms2.msalign	20	18	20220919_Caco_MWCO50kDa_A_LMW.mzML
PXD049969	20220919_Caco_MWCO50kDa_c_C_LMW_-50_ms2.msalign	20	18	20220919_Caco_MWCO50kDa_c_C_LMW.mzML
PXD049969	20230317_Caco_GELFrEE_1_LMW_R2_-50_ms2.msalign	20	18	20230317_Caco_GELFrEE_1_LMW_R2.mzML
PXD049969	20230511_Caco_SPE_LMW_03ul_R1_-50_ms2.msalign	20	18	20230511_Caco_SPE_LMW_03ul_R1.mzML
PXD049969	20220919_Caco_MWCO50kDa_B_LMW_-50_ms2.msalign	20	18	20220919_Caco_MWCO50kDa_B_LMW.mzML
PXD049969	20230511_Caco_SPE_LMW_03ul_R3_-50_ms2.msalign	20	18	20230511_Caco_SPE_LMW_03ul_R3.mzML
PXD049969	20230227_Caco_PLRPlowPH_F_LMW_R3_-50_ms2.msalign	20	18	20230227_Caco_PLRPlowPH_F_LMW_R3.mzML
PXD049969	20230227_Caco_PLRPlowPH_G_LMW_R3_-50_ms2.msalign	20	18	20230227_Caco_PLRPlowPH_G_LMW_R3.mzML
PXD049969	20230317_Caco_GELFrEE_5_LMW_R3_-50_ms2.msalign	20	18	20230317_Caco_GELFrEE_5_LMW_R3.mzML
PXD049969	20220916_Caco_8GELFrEE_B_LMW_-50_ms2.msalign	20	18	20220916_Caco_8GELFrEE_B_LMW.mzML
PXD049969	20230227_Caco_PLRPlowPH_E_LMW_R3_-50_ms2.msalign	20	18	20230227_Caco_PLRPlowPH_E_LMW_R3.mzML
PXD049969	20230227_Caco_PLRPlowPH_H_LMW_R3_-50_ms2.msalign	20	18	20230227_Caco_PLRPlowPH_H_LMW_R3.mzML
PXD049969	20230917_Caco_1DLC_control_R2_LMW_-50_ms2.msalign	20	18	20230917_Caco_1DLC_control_R2_LMW.mzML
PXD049969	20220926_Caco_ACNTEAB_A_LMW_-50_ms2.msalign	20	18	20220926_Caco_ACNTEAB_A_LMW.mzML
PXD049969	20230917_Caco_1DLC_control_R1_LMW_-50_ms2.msalign	20	18	20230917_Caco_1DLC_control_R1_LMW.mzML
PXD049969	20230227_Caco_PLRPlowPH_A_LMW_R3_-50_ms2.msalign	20	18	20230227_Caco_PLRPlowPH_A_LMW_R3.mzML
PXD049969	20220926_Caco_ACNTEAB_C_LMW_-50_ms2.msalign	20	18	20220926_Caco_ACNTEAB_C_LMW.mzML
PXD049969	20220926_Caco_ACNTEAB_B_LMW_-50_ms2.msalign	20	18	20220926_Caco_ACNTEAB_B_LMW.mzML
PXD049969	20220915_Caco_1DLC_C_LMW_-50_ms2.msalign	20	18	20220915_Caco_1DLC_C_LMW.mzML
PXD049969	20230917_Caco_1DLC_reduced_R2_LMW_-50_ms2.msalign	20	18	20230917_Caco_1DLC_reduced_R2_LMW.mzML
PXD049969	20230917_Caco_1DLC_reduced_R3_LMW_-50_ms2.msalign	20	18	20230917_Caco_1DLC_reduced_R3_LMW.mzML
PXD049969	20220915_Caco_1DLC_A_LMW_-50_ms2.msalign	20	18	20220915_Caco_1DLC_A_LMW.mzML
PXD049969	20220927_Caco_PEPPIMCW_B_LMW_-50_ms2.msalign	20	18	20220927_Caco_PEPPIMCW_B_LMW.mzML
PXD049969	20220927_Caco_PEPPIMCW_C_LMW_-50_ms2.msalign	20	18	20220927_Caco_PEPPIMCW_C_LMW.mzML
PXD049969	20220915_Caco_1DLC_B_LMW_-50_ms2.msalign	20	18	20220915_Caco_1DLC_B_LMW.mzML
PXD049969	20230317_Caco_GELFrEE_5_LMW_R1_-50_ms2.msalign	20	18	20230317_Caco_GELFrEE_5_LMW_R1.mzML
PXD049969	20220927_Caco_PEPPIMCW_A_LMW_-50_ms2.msalign	20	18	20220927_Caco_PEPPIMCW_A_LMW.mzML
PXD049969	20220916_Caco_8GELFrEE_A_LMW_-50_ms2.msalign	20	18	20220916_Caco_8GELFrEE_A_LMW.mzML
PXD049969	20230917_Caco_1DLC_reduced_R1_LMW_-50_ms2.msalign	20	18	20230917_Caco_1DLC_reduced_R1_LMW.mzML
PXD049969	20230317_Caco_GELFrEE_4_LMW_R3_-50_ms2.msalign	20	18	20230317_Caco_GELFrEE_4_LMW_R3.mzML
PXD049969	20220916_Caco_8GELFrEE_C_LMW_-50_ms2.msalign	20	18	20220916_Caco_8GELFrEE_C_LMW.mzML
PXD049969	20230317_Caco_GELFrEE_4_LMW_R2_-50_ms2.msalign	20	18	20230317_Caco_GELFrEE_4_LMW_R2.mzML
PXD049969	20230511_Caco_SPE_LMW_07ul_R1_-50_ms2.msalign	20	18	20230511_Caco_SPE_LMW_07ul_R1.mzML
PXD049969	20230917_Caco_1DLC_alkylated_R2_LMW_-50_ms2.msalign	20	18	20230917_Caco_1DLC_alkylated_R2_LMW.mzML
PXD049969	20220928_Caco_SEC_A_LMW_-50_ms2.msalign	20	18	20220928_Caco_SEC_A_LMW.mzML
PXD049969	20230511_Caco_SPE_LMW_07ul_R3_-50_ms2.msalign	20	18	20230511_Caco_SPE_LMW_07ul_R3.mzML
PXD049969	20230227_Caco_PLRPlowPH_E_LMW_R2_-50_ms2.msalign	20	18	20230227_Caco_PLRPlowPH_E_LMW_R2.mzML
PXD049969	20230227_Caco_PLRPlowPH_D_LMW_R3_-50_ms2.msalign	20	18	20230227_Caco_PLRPlowPH_D_LMW_R3.mzML
PXD049969	20230511_Caco_SPE_LMW_07ul_R2_-50_ms2.msalign	20	18	20230511_Caco_SPE_LMW_07ul_R2.mzML
PXD049969	20230917_Caco_1DLC_alkylated_R3_LMW_-50_ms2.msalign	20	18	20230917_Caco_1DLC_alkylated_R3_LMW.mzML
PXD049969	20230317_Caco_GELFrEE_4_LMW_R1_-50_ms2.msalign	20	18	20230317_Caco_GELFrEE_4_LMW_R1.mzML
PXD049969	20230601_Caco_Lysis_SDSTris8p8_R3_LMW_-50_ms2.msalign	20	18	20230601_Caco_Lysis_SDSTris8p8_R3_LMW.mzML
PXD049969	20230227_Caco_PLRPlowPH_B_LMW_R3_-50_ms2.msalign	20	18	20230227_Caco_PLRPlowPH_B_LMW_R3.mzML
PXD049969	20230601_Caco_Lysis_SDSTris8p8_R2_LMW_-50_ms2.msalign	20	18	20230601_Caco_Lysis_SDSTris8p8_R2_LMW.mzML
PXD049969	20220928_Caco_SEC_B_LMW_-50_ms2.msalign	20	18	20220928_Caco_SEC_B_LMW.mzML
PXD049969	20220919_Caco_MWCO30kDa_c_C_LMW_-50_ms2.msalign	20	18	20220919_Caco_MWCO30kDa_c_C_LMW.mzML
PXD049969	20230601_Caco_Lysis_PBS7p2_c_R3_LMW_-50_ms2.msalign	20	18	20230601_Caco_Lysis_PBS7p2_c_R3_LMW.mzML
PXD049969	20230601_Caco_Lysis_SDSTris8p8_R1_LMW_-50_ms2.msalign	20	18	20230601_Caco_Lysis_SDSTris8p8_R1_LMW.mzML
PXD049969	20230227_Caco_PLRPlowPH_A_LMW_R2_-50_ms2.msalign	20	18	20230227_Caco_PLRPlowPH_A_LMW_R2.mzML
PXD049969	20230227_Caco_PLRPlowPH_F_LMW_R2_-50_ms2.msalign	20	18	20230227_Caco_PLRPlowPH_F_LMW_R2.mzML
PXD049969	20230227_Caco_PLRPlowPH_G_LMW_R2_-50_ms2.msalign	20	18	20230227_Caco_PLRPlowPH_G_LMW_R2.mzML
PXD049969	20230317_Caco_GELFrEE_2_LMW_R3_-50_ms2.msalign	20	18	20230317_Caco_GELFrEE_2_LMW_R3.mzML
PXD049969	20230601_Caco_Lysis_UreaABC8p0_R1_LMW_-50_ms2.msalign	20	18	20230601_Caco_Lysis_UreaABC8p0_R1_LMW.mzML
PXD049969	20230601_Caco_Lysis_PBS7p2_c_R1_LMW_-50_ms2.msalign	20	18	20230601_Caco_Lysis_PBS7p2_c_R1_LMW.mzML
PXD049969	20230227_Caco_PLRPlowPH_H_LMW_R2_-50_ms2.msalign	20	18	20230227_Caco_PLRPlowPH_H_LMW_R2.mzML
PXD049969	20230601_Caco_Lysis_PBS7p2_c_R2_LMW_-50_ms2.msalign	20	18	20230601_Caco_Lysis_PBS7p2_c_R2_LMW.mzML
PXD049969	20230601_Caco_Lysis_UreaABC8p0_R3_LMW_-50_ms2.msalign	20	18	20230601_Caco_Lysis_UreaABC8p0_R3_LMW.mzML
PXD049969	20230227_Caco_PLRPlowPH_B_LMW_R2_-50_ms2.msalign	20	18	20230227_Caco_PLRPlowPH_B_LMW_R2.mzML
PXD049969	20230601_Caco_Lysis_UreaABC8p0_R2_LMW_-50_ms2.msalign	20	18	20230601_Caco_Lysis_UreaABC8p0_R2_LMW.mzML
PXD049969	20220928_Caco_SEC_C_LMW_-50_ms2.msalign	20	18	20220928_Caco_SEC_C_LMW.mzML
PXD049969	20230227_Caco_PLRPlowPH_C_LMW_R3_-50_ms2.msalign	20	18	20230227_Caco_PLRPlowPH_C_LMW_R3.mzML
PXD049969	20230227_Caco_PLRPlowPH_A_LMW_R1_-50_ms2.msalign	20	18	20230227_Caco_PLRPlowPH_A_LMW_R1.mzML
PXD049969	20230227_Caco_PLRPlowPH_B_LMW_R1_-50_ms2.msalign	20	18	20230227_Caco_PLRPlowPH_B_LMW_R1.mzML
PXD049969	20230227_Caco_PLRPlowPH_E_LMW_R1_-50_ms2.msalign	20	18	20230227_Caco_PLRPlowPH_E_LMW_R1.mzML
PXD049969	20220926_Caco_ACNNaCl_A_LMW_-50_ms2.msalign	20	18	20220926_Caco_ACNNaCl_A_LMW.mzML
PXD049969	20230917_Caco_1DLC_control_R3_LMW_-50_ms2.msalign	20	18	20230917_Caco_1DLC_control_R3_LMW.mzML
PXD049969	20230227_Caco_PLRPlowPH_G_LMW_R1_-50_ms2.msalign	20	18	20230227_Caco_PLRPlowPH_G_LMW_R1.mzML
PXD049969	20230917_Caco_1DLC_alkylated_R1_LMW_-50_ms2.msalign	20	18	20230917_Caco_1DLC_alkylated_R1_LMW.mzML
PXD049969	20220926_Caco_ACNNaCl_B_LMW_-50_ms2.msalign	20	18	20220926_Caco_ACNNaCl_B_LMW.mzML
PXD049969	20230601_Caco_Lysis_GndHCl_c_R3_LMW_-50_ms2.msalign	20	18	20230601_Caco_Lysis_GndHCl_c_R3_LMW.mzML
PXD049969	20220919_Caco_MWCO30kDa_B_LMW_-50_ms2.msalign	20	18	20220919_Caco_MWCO30kDa_B_LMW.mzML
PXD049969	20230227_Caco_PLRPlowPH_F_LMW_R1_-50_ms2.msalign	20	18	20230227_Caco_PLRPlowPH_F_LMW_R1.mzML
PXD049969	20230511_Caco_SPE_LMW_R10_-50_ms2.msalign	20	18	20230511_Caco_SPE_LMW_R10.mzML
PXD049969	20220919_Caco_MWCO30kDa_A_LMW_-50_ms2.msalign	20	18	20220919_Caco_MWCO30kDa_A_LMW.mzML
PXD049969	20230317_Caco_GELFrEE_3_LMW_R2_-50_ms2.msalign	20	18	20230317_Caco_GELFrEE_3_LMW_R2.mzML
PXD049969	20230317_Caco_GELFrEE_2_LMW_R2_-50_ms2.msalign	20	18	20230317_Caco_GELFrEE_2_LMW_R2.mzML
PXD049969	20230317_Caco_GELFrEE_3_LMW_R3_-50_ms2.msalign	20	18	20230317_Caco_GELFrEE_3_LMW_R3.mzML
PXD049969	20230227_Caco_PLRPlowPH_D_LMW_R2_-50_ms2.msalign	20	18	20230227_Caco_PLRPlowPH_D_LMW_R2.mzML
PXD049969	20220923_Caco_SPEC18_C_LMW_-50_ms2.msalign	20	18	20220923_Caco_SPEC18_C_LMW.mzML
PXD049969	20220923_Caco_SPEC18_A_LMW_-50_ms2.msalign	20	18	20220923_Caco_SPEC18_A_LMW.mzML
PXD049969	20220923_Caco_SPEC18_B_LMW_-50_ms2.msalign	20	18	20220923_Caco_SPEC18_B_LMW.mzML
PXD049969	20230511_Caco_SPE_LMW_R8_-50_ms2.msalign	20	18	20230511_Caco_SPE_LMW_R8.mzML
PXD049969	20230601_Caco_Lysis_GndHCl_c_R1_LMW_-50_ms2.msalign	20	18	20230601_Caco_Lysis_GndHCl_c_R1_LMW.mzML
PXD049969	20220923_Caco_SPEC4_A_LMW_-50_ms2.msalign	20	18	20220923_Caco_SPEC4_A_LMW.mzML
PXD049969	20230511_Caco_SPE_LMW_R6_-50_ms2.msalign	20	18	20230511_Caco_SPE_LMW_R6.mzML
PXD049969	20230601_Caco_Lysis_GndHCl_c_R2_LMW_-50_ms2.msalign	20	18	20230601_Caco_Lysis_GndHCl_c_R2_LMW.mzML
PXD049969	20230511_Caco_SPE_LMW_R9_-50_ms2.msalign	20	18	20230511_Caco_SPE_LMW_R9.mzML
PXD049969	20230511_Caco_SPE_LMW_R7_-50_ms2.msalign	20	18	20230511_Caco_SPE_LMW_R7.mzML
PXD049969	20230511_Caco_SPE_LMW_R2_-50_ms2.msalign	20	18	20230511_Caco_SPE_LMW_R2.mzML
PXD049969	20220923_Caco_SPEC4_B_LMW_-50_ms2.msalign	20	18	20220923_Caco_SPEC4_B_LMW.mzML
PXD049969	20230511_Caco_SPE_LMW_R3_-50_ms2.msalign	20	18	20230511_Caco_SPE_LMW_R3.mzML
PXD049969	20230227_Caco_PLRPlowPH_D_LMW_R1_-50_ms2.msalign	20	18	20230227_Caco_PLRPlowPH_D_LMW_R1.mzML
PXD049969	20230511_Caco_SPE_LMW_R4_-50_ms2.msalign	20	18	20230511_Caco_SPE_LMW_R4.mzML
PXD049969	20230511_Caco_SPE_LMW_R5_-50_ms2.msalign	20	18	20230511_Caco_SPE_LMW_R5.mzML
PXD049969	20220923_Caco_SPEC4_C_LMW_-50_ms2.msalign	20	18	20220923_Caco_SPEC4_C_LMW.mzML
PXD049969	20220922_Caco_lysis_ACNTEAB_LMW_5ul_R3_-50_ms2.msalign	20	18	20220922_Caco_lysis_ACNTEAB_LMW_5ul_R3.mzML
PXD049969	20230511_Caco_SPE_LMW_R1_-50_ms2.msalign	20	18	20230511_Caco_SPE_LMW_R1.mzML
PXD049969	20230227_Caco_PLRPlowPH_C_LMW_R2_-50_ms2.msalign	20	18	20230227_Caco_PLRPlowPH_C_LMW_R2.mzML
PXD049969	20230227_Caco_PLRPlowPH_H_LMW_R1_-50_ms2.msalign	20	18	20230227_Caco_PLRPlowPH_H_LMW_R1.mzML
PXD049969	20230317_Caco_GELFrEE_3_LMW_R1_-50_ms2.msalign	20	18	20230317_Caco_GELFrEE_3_LMW_R1.mzML
PXD049969	20220922_Caco_lysis_ACNNaCl_LMW_5ul_R3_-50_ms2.msalign	20	18	20220922_Caco_lysis_ACNNaCl_LMW_5ul_R3.mzML
PXD049969	20220926_Caco_ACNNaCl_C_LMW_-50_ms2.msalign	20	18	20220926_Caco_ACNNaCl_C_LMW.mzML
PXD049969	20220922_Caco_lysis_ACNNaCl_LMW_5ul_R2_-50_ms2.msalign	20	18	20220922_Caco_lysis_ACNNaCl_LMW_5ul_R2.mzML
PXD049969	20230227_Caco_PLRPlowPH_C_LMW_R1_-50_ms2.msalign	20	18	20230227_Caco_PLRPlowPH_C_LMW_R1.mzML
PXD049969	20220922_Caco_lysis_ACNTEAB_LMW_5ul_R2_-50_ms2.msalign	20	18	20220922_Caco_lysis_ACNTEAB_LMW_5ul_R2.mzML
PXD049969	20220922_Caco_lysis_ACNNaCl_LMW_5ul_-50_ms2.msalign	20	18	20220922_Caco_lysis_ACNNaCl_LMW_5ul.mzML
PXD049969	20230317_Caco_GELFrEE_2_LMW_R1_-50_ms2.msalign	20	18	20230317_Caco_GELFrEE_2_LMW_R1.mzML
PXD049969	20220922_Caco_lysis_ACNTEAB_LMW_5ul_-50_ms2.msalign	20	18	20220922_Caco_lysis_ACNTEAB_LMW_5ul.mzML
PXD049969	20230317_Caco_GELFrEE_8_LMW_R2_-60_ms2.msalign	20	18	20230317_Caco_GELFrEE_8_LMW_R2.mzML
PXD049969	20220919_Caco_MWCO50kDa_A_LMW_-60_ms2.msalign	20	18	20220919_Caco_MWCO50kDa_A_LMW.mzML
PXD049969	20230317_Caco_GELFrEE_1_LMW_R2_-60_ms2.msalign	20	18	20230317_Caco_GELFrEE_1_LMW_R2.mzML
PXD049969	20220919_Caco_MWCO50kDa_c_C_LMW_-60_ms2.msalign	20	18	20220919_Caco_MWCO50kDa_c_C_LMW.mzML
PXD049969	20220919_Caco_MWCO50kDa_B_LMW_-60_ms2.msalign	20	18	20220919_Caco_MWCO50kDa_B_LMW.mzML
PXD049969	20230317_Caco_GELFrEE_1_LMW_R3_-60_ms2.msalign	20	18	20230317_Caco_GELFrEE_1_LMW_R3.mzML
PXD049969	20230511_Caco_SPE_LMW_01ul_R1_-60_ms2.msalign	20	18	20230511_Caco_SPE_LMW_01ul_R1.mzML
PXD049969	20230317_Caco_GELFrEE_7_LMW_R2_-60_ms2.msalign	20	18	20230317_Caco_GELFrEE_7_LMW_R2.mzML
PXD049969	20220927_Caco_PEPPIAnExSp_C_LMW_-60_ms2.msalign	20	18	20220927_Caco_PEPPIAnExSp_C_LMW.mzML
PXD049969	20230511_Caco_SPE_LMW_01ul_R2_-60_ms2.msalign	20	18	20230511_Caco_SPE_LMW_01ul_R2.mzML
PXD049969	20230511_Caco_SPE_LMW_01ul_R3_-60_ms2.msalign	20	18	20230511_Caco_SPE_LMW_01ul_R3.mzML
PXD049969	20230917_Caco_1DLC_control_R1_LMW_-60_ms2.msalign	20	18	20230917_Caco_1DLC_control_R1_LMW.mzML
PXD049969	20230317_Caco_GELFrEE_6_LMW_R2_-60_ms2.msalign	20	18	20230317_Caco_GELFrEE_6_LMW_R2.mzML
PXD049969	20230317_Caco_GELFrEE_8_LMW_R1_-60_ms2.msalign	20	18	20230317_Caco_GELFrEE_8_LMW_R1.mzML
PXD049969	20220916_Caco_8GELFrEE_C_LMW_-60_ms2.msalign	20	18	20220916_Caco_8GELFrEE_C_LMW.mzML
PXD049969	20230917_Caco_1DLC_control_R2_LMW_-60_ms2.msalign	20	18	20230917_Caco_1DLC_control_R2_LMW.mzML
PXD049969	20230917_Caco_1DLC_reduced_R3_LMW_-60_ms2.msalign	20	18	20230917_Caco_1DLC_reduced_R3_LMW.mzML
PXD049969	20220915_Caco_1DLC_C_LMW_-60_ms2.msalign	20	18	20220915_Caco_1DLC_C_LMW.mzML
PXD049969	20220915_Caco_1DLC_B_LMW_-60_ms2.msalign	20	18	20220915_Caco_1DLC_B_LMW.mzML
PXD049969	20230317_Caco_GELFrEE_6_LMW_R1_-60_ms2.msalign	20	18	20230317_Caco_GELFrEE_6_LMW_R1.mzML
PXD049969	20230317_Caco_GELFrEE_7_LMW_R1_-60_ms2.msalign	20	18	20230317_Caco_GELFrEE_7_LMW_R1.mzML
PXD049969	20220926_Caco_ACNTEAB_A_LMW_-60_ms2.msalign	20	18	20220926_Caco_ACNTEAB_A_LMW.mzML
PXD049969	20230917_Caco_1DLC_alkylated_R3_LMW_-60_ms2.msalign	20	18	20230917_Caco_1DLC_alkylated_R3_LMW.mzML
PXD049969	20230917_Caco_1DLC_alkylated_R2_LMW_-60_ms2.msalign	20	18	20230917_Caco_1DLC_alkylated_R2_LMW.mzML
PXD049969	20230317_Caco_GELFrEE_5_LMW_R2_-60_ms2.msalign	20	18	20230317_Caco_GELFrEE_5_LMW_R2.mzML
PXD049969	20230511_Caco_SPE_LMW_03ul_R2_-60_ms2.msalign	20	18	20230511_Caco_SPE_LMW_03ul_R2.mzML
PXD049969	20230917_Caco_1DLC_control_R3_LMW_-60_ms2.msalign	20	18	20230917_Caco_1DLC_control_R3_LMW.mzML
PXD049969	20230917_Caco_1DLC_reduced_R1_LMW_-60_ms2.msalign	20	18	20230917_Caco_1DLC_reduced_R1_LMW.mzML
PXD049969	20230511_Caco_SPE_LMW_03ul_R1_-60_ms2.msalign	20	18	20230511_Caco_SPE_LMW_03ul_R1.mzML
PXD049969	20230917_Caco_1DLC_reduced_R2_LMW_-60_ms2.msalign	20	18	20230917_Caco_1DLC_reduced_R2_LMW.mzML
PXD049969	20220926_Caco_ACNTEAB_C_LMW_-60_ms2.msalign	20	18	20220926_Caco_ACNTEAB_C_LMW.mzML
PXD049969	20230317_Caco_GELFrEE_1_LMW_R1_-60_ms2.msalign	20	18	20230317_Caco_GELFrEE_1_LMW_R1.mzML
PXD049969	20220915_Caco_1DLC_A_LMW_-60_ms2.msalign	20	18	20220915_Caco_1DLC_A_LMW.mzML
PXD049969	20220926_Caco_ACNTEAB_B_LMW_-60_ms2.msalign	20	18	20220926_Caco_ACNTEAB_B_LMW.mzML
PXD049969	20230317_Caco_GELFrEE_8_LMW_R3_-60_ms2.msalign	20	18	20230317_Caco_GELFrEE_8_LMW_R3.mzML
PXD049969	20220916_Caco_8GELFrEE_A_LMW_-60_ms2.msalign	20	18	20220916_Caco_8GELFrEE_A_LMW.mzML
PXD049969	20220927_Caco_PEPPIMCW_C_LMW_-60_ms2.msalign	20	18	20220927_Caco_PEPPIMCW_C_LMW.mzML
PXD049969	20220919_Caco_MWCO30kDa_A_LMW_-60_ms2.msalign	20	18	20220919_Caco_MWCO30kDa_A_LMW.mzML
PXD049969	20220927_Caco_PEPPIMCW_B_LMW_-60_ms2.msalign	20	18	20220927_Caco_PEPPIMCW_B_LMW.mzML
PXD049969	20220928_Caco_SEC_B_LMW_-60_ms2.msalign	20	18	20220928_Caco_SEC_B_LMW.mzML
PXD049969	20220919_Caco_MWCO30kDa_B_LMW_-60_ms2.msalign	20	18	20220919_Caco_MWCO30kDa_B_LMW.mzML
PXD049969	20230317_Caco_GELFrEE_7_LMW_R3_-60_ms2.msalign	20	18	20230317_Caco_GELFrEE_7_LMW_R3.mzML
PXD049969	20230511_Caco_SPE_LMW_03ul_R3_-60_ms2.msalign	20	18	20230511_Caco_SPE_LMW_03ul_R3.mzML
PXD049969	20220927_Caco_PEPPIMCW_A_LMW_-60_ms2.msalign	20	18	20220927_Caco_PEPPIMCW_A_LMW.mzML
PXD049969	20230317_Caco_GELFrEE_6_LMW_R3_-60_ms2.msalign	20	18	20230317_Caco_GELFrEE_6_LMW_R3.mzML
PXD049969	20230227_Caco_PLRPlowPH_E_LMW_R3_-60_ms2.msalign	20	18	20230227_Caco_PLRPlowPH_E_LMW_R3.mzML
PXD049969	20220923_Caco_SPEC4_C_LMW_-60_ms2.msalign	20	18	20220923_Caco_SPEC4_C_LMW.mzML
PXD049969	20220923_Caco_SPEC18_A_LMW_-60_ms2.msalign	20	18	20220923_Caco_SPEC18_A_LMW.mzML
PXD049969	20230227_Caco_PLRPlowPH_F_LMW_R3_-60_ms2.msalign	20	18	20230227_Caco_PLRPlowPH_F_LMW_R3.mzML
PXD049969	20230317_Caco_GELFrEE_4_LMW_R2_-60_ms2.msalign	20	18	20230317_Caco_GELFrEE_4_LMW_R2.mzML
PXD049969	20230917_Caco_1DLC_alkylated_R1_LMW_-60_ms2.msalign	20	18	20230917_Caco_1DLC_alkylated_R1_LMW.mzML
PXD049969	20220923_Caco_SPEC18_B_LMW_-60_ms2.msalign	20	18	20220923_Caco_SPEC18_B_LMW.mzML
PXD049969	20220923_Caco_SPEC4_A_LMW_-60_ms2.msalign	20	18	20220923_Caco_SPEC4_A_LMW.mzML
PXD049969	20230227_Caco_PLRPlowPH_H_LMW_R3_-60_ms2.msalign	20	18	20230227_Caco_PLRPlowPH_H_LMW_R3.mzML
PXD049969	20230317_Caco_GELFrEE_5_LMW_R3_-60_ms2.msalign	20	18	20230317_Caco_GELFrEE_5_LMW_R3.mzML
PXD049969	20220916_Caco_8GELFrEE_B_LMW_-60_ms2.msalign	20	18	20220916_Caco_8GELFrEE_B_LMW.mzML
PXD049969	20220923_Caco_SPEC4_B_LMW_-60_ms2.msalign	20	18	20220923_Caco_SPEC4_B_LMW.mzML
PXD049969	20230227_Caco_PLRPlowPH_F_LMW_R2_-60_ms2.msalign	20	18	20230227_Caco_PLRPlowPH_F_LMW_R2.mzML
PXD049969	20220923_Caco_SPEC18_C_LMW_-60_ms2.msalign	20	18	20220923_Caco_SPEC18_C_LMW.mzML
PXD049969	20230227_Caco_PLRPlowPH_B_LMW_R3_-60_ms2.msalign	20	18	20230227_Caco_PLRPlowPH_B_LMW_R3.mzML
PXD049969	20230511_Caco_SPE_LMW_07ul_R1_-60_ms2.msalign	20	18	20230511_Caco_SPE_LMW_07ul_R1.mzML
PXD049969	20220922_Caco_lysis_ACNNaCl_LMW_5ul_R2_-60_ms2.msalign	20	18	20220922_Caco_lysis_ACNNaCl_LMW_5ul_R2.mzML
PXD049969	20220922_Caco_lysis_ACNNaCl_LMW_5ul_R3_-60_ms2.msalign	20	18	20220922_Caco_lysis_ACNNaCl_LMW_5ul_R3.mzML
PXD049969	20230227_Caco_PLRPlowPH_G_LMW_R2_-60_ms2.msalign	20	18	20230227_Caco_PLRPlowPH_G_LMW_R2.mzML
PXD049969	20220927_Caco_PEPPIAnExSp_A_LMW_-60_ms2.msalign	20	18	20220927_Caco_PEPPIAnExSp_A_LMW.mzML
PXD049969	20230317_Caco_GELFrEE_5_LMW_R1_-60_ms2.msalign	20	18	20230317_Caco_GELFrEE_5_LMW_R1.mzML
PXD049969	20230317_Caco_GELFrEE_4_LMW_R3_-60_ms2.msalign	20	18	20230317_Caco_GELFrEE_4_LMW_R3.mzML
PXD049969	20230511_Caco_SPE_LMW_07ul_R3_-60_ms2.msalign	20	18	20230511_Caco_SPE_LMW_07ul_R3.mzML
PXD049969	20230601_Caco_Lysis_PBS7p2_c_R2_LMW_-60_ms2.msalign	20	18	20230601_Caco_Lysis_PBS7p2_c_R2_LMW.mzML
PXD049969	20230601_Caco_Lysis_PBS7p2_c_R3_LMW_-60_ms2.msalign	20	18	20230601_Caco_Lysis_PBS7p2_c_R3_LMW.mzML
PXD049969	20230601_Caco_Lysis_UreaABC8p0_R3_LMW_-60_ms2.msalign	20	18	20230601_Caco_Lysis_UreaABC8p0_R3_LMW.mzML
PXD049969	20230511_Caco_SPE_LMW_07ul_R2_-60_ms2.msalign	20	18	20230511_Caco_SPE_LMW_07ul_R2.mzML
PXD049969	20230227_Caco_PLRPlowPH_A_LMW_R3_-60_ms2.msalign	20	18	20230227_Caco_PLRPlowPH_A_LMW_R3.mzML
PXD049969	20230601_Caco_Lysis_UreaABC8p0_R1_LMW_-60_ms2.msalign	20	18	20230601_Caco_Lysis_UreaABC8p0_R1_LMW.mzML
PXD049969	20230227_Caco_PLRPlowPH_G_LMW_R3_-60_ms2.msalign	20	18	20230227_Caco_PLRPlowPH_G_LMW_R3.mzML
PXD049969	20230601_Caco_Lysis_PBS7p2_c_R1_LMW_-60_ms2.msalign	20	18	20230601_Caco_Lysis_PBS7p2_c_R1_LMW.mzML
PXD049969	20220927_Caco_PEPPIAnExSp_B_LMW_-60_ms2.msalign	20	18	20220927_Caco_PEPPIAnExSp_B_LMW.mzML
PXD049969	20230601_Caco_Lysis_SDSTris8p8_R2_LMW_-60_ms2.msalign	20	18	20230601_Caco_Lysis_SDSTris8p8_R2_LMW.mzML
PXD049969	20220922_Caco_lysis_ACNNaCl_LMW_5ul_-60_ms2.msalign	20	18	20220922_Caco_lysis_ACNNaCl_LMW_5ul.mzML
PXD049969	20230317_Caco_GELFrEE_4_LMW_R1_-60_ms2.msalign	20	18	20230317_Caco_GELFrEE_4_LMW_R1.mzML
PXD049969	20230601_Caco_Lysis_SDSTris8p8_R3_LMW_-60_ms2.msalign	20	18	20230601_Caco_Lysis_SDSTris8p8_R3_LMW.mzML
PXD049969	20230601_Caco_Lysis_UreaABC8p0_R2_LMW_-60_ms2.msalign	20	18	20230601_Caco_Lysis_UreaABC8p0_R2_LMW.mzML
PXD049969	20230317_Caco_GELFrEE_2_LMW_R3_-60_ms2.msalign	20	18	20230317_Caco_GELFrEE_2_LMW_R3.mzML
PXD049969	20230227_Caco_PLRPlowPH_H_LMW_R2_-60_ms2.msalign	20	18	20230227_Caco_PLRPlowPH_H_LMW_R2.mzML
PXD049969	20230227_Caco_PLRPlowPH_C_LMW_R3_-60_ms2.msalign	20	18	20230227_Caco_PLRPlowPH_C_LMW_R3.mzML
PXD049969	20230227_Caco_PLRPlowPH_D_LMW_R3_-60_ms2.msalign	20	18	20230227_Caco_PLRPlowPH_D_LMW_R3.mzML
PXD049969	20220919_Caco_MWCO30kDa_c_C_LMW_-60_ms2.msalign	20	18	20220919_Caco_MWCO30kDa_c_C_LMW.mzML
PXD049969	20230601_Caco_Lysis_SDSTris8p8_R1_LMW_-60_ms2.msalign	20	18	20230601_Caco_Lysis_SDSTris8p8_R1_LMW.mzML
PXD049969	20220922_Caco_lysis_ACNTEAB_LMW_5ul_R3_-60_ms2.msalign	20	18	20220922_Caco_lysis_ACNTEAB_LMW_5ul_R3.mzML
PXD049969	20230227_Caco_PLRPlowPH_E_LMW_R2_-60_ms2.msalign	20	18	20230227_Caco_PLRPlowPH_E_LMW_R2.mzML
PXD049969	20220928_Caco_SEC_C_LMW_-60_ms2.msalign	20	18	20220928_Caco_SEC_C_LMW.mzML
PXD049969	20220926_Caco_ACNNaCl_B_LMW_-60_ms2.msalign	20	18	20220926_Caco_ACNNaCl_B_LMW.mzML
PXD049969	20230227_Caco_PLRPlowPH_E_LMW_R1_-60_ms2.msalign	20	18	20230227_Caco_PLRPlowPH_E_LMW_R1.mzML
PXD049969	20220922_Caco_lysis_ACNTEAB_LMW_5ul_R2_-60_ms2.msalign	20	18	20220922_Caco_lysis_ACNTEAB_LMW_5ul_R2.mzML
PXD049969	20220926_Caco_ACNNaCl_A_LMW_-60_ms2.msalign	20	18	20220926_Caco_ACNNaCl_A_LMW.mzML
PXD049969	20230511_Caco_SPE_LMW_R10_-60_ms2.msalign	20	18	20230511_Caco_SPE_LMW_R10.mzML
PXD049969	20220928_Caco_SEC_A_LMW_-60_ms2.msalign	20	18	20220928_Caco_SEC_A_LMW.mzML
PXD049969	20230227_Caco_PLRPlowPH_F_LMW_R1_-60_ms2.msalign	20	18	20230227_Caco_PLRPlowPH_F_LMW_R1.mzML
PXD049969	20220926_Caco_ACNNaCl_C_LMW_-60_ms2.msalign	20	18	20220926_Caco_ACNNaCl_C_LMW.mzML
PXD049969	20230511_Caco_SPE_LMW_R1_-60_ms2.msalign	20	18	20230511_Caco_SPE_LMW_R1.mzML
PXD049969	20230511_Caco_SPE_LMW_R9_-60_ms2.msalign	20	18	20230511_Caco_SPE_LMW_R9.mzML
PXD049969	20230227_Caco_PLRPlowPH_D_LMW_R2_-60_ms2.msalign	20	18	20230227_Caco_PLRPlowPH_D_LMW_R2.mzML
PXD049969	20220922_Caco_lysis_ACNTEAB_LMW_5ul_-60_ms2.msalign	20	18	20220922_Caco_lysis_ACNTEAB_LMW_5ul.mzML
PXD049969	20230227_Caco_PLRPlowPH_G_LMW_R1_-60_ms2.msalign	20	18	20230227_Caco_PLRPlowPH_G_LMW_R1.mzML
PXD049969	20230227_Caco_PLRPlowPH_A_LMW_R1_-60_ms2.msalign	20	18	20230227_Caco_PLRPlowPH_A_LMW_R1.mzML
PXD049969	20230511_Caco_SPE_LMW_R8_-60_ms2.msalign	20	18	20230511_Caco_SPE_LMW_R8.mzML
PXD049969	20230511_Caco_SPE_LMW_R2_-60_ms2.msalign	20	18	20230511_Caco_SPE_LMW_R2.mzML
PXD049969	20230317_Caco_GELFrEE_3_LMW_R2_-60_ms2.msalign	20	18	20230317_Caco_GELFrEE_3_LMW_R2.mzML
PXD049969	20230511_Caco_SPE_LMW_R6_-60_ms2.msalign	20	18	20230511_Caco_SPE_LMW_R6.mzML
PXD049969	20230227_Caco_PLRPlowPH_C_LMW_R2_-60_ms2.msalign	20	18	20230227_Caco_PLRPlowPH_C_LMW_R2.mzML
PXD049969	20230227_Caco_PLRPlowPH_B_LMW_R2_-60_ms2.msalign	20	18	20230227_Caco_PLRPlowPH_B_LMW_R2.mzML
PXD049969	20230511_Caco_SPE_LMW_R3_-60_ms2.msalign	20	18	20230511_Caco_SPE_LMW_R3.mzML
PXD049969	20230511_Caco_SPE_LMW_R5_-60_ms2.msalign	20	18	20230511_Caco_SPE_LMW_R5.mzML
PXD049969	20230227_Caco_PLRPlowPH_B_LMW_R1_-60_ms2.msalign	20	18	20230227_Caco_PLRPlowPH_B_LMW_R1.mzML
PXD049969	20230511_Caco_SPE_LMW_R4_-60_ms2.msalign	20	18	20230511_Caco_SPE_LMW_R4.mzML
PXD049969	20230227_Caco_PLRPlowPH_D_LMW_R1_-60_ms2.msalign	20	18	20230227_Caco_PLRPlowPH_D_LMW_R1.mzML
PXD049969	20230601_Caco_Lysis_GndHCl_c_R2_LMW_-60_ms2.msalign	20	18	20230601_Caco_Lysis_GndHCl_c_R2_LMW.mzML
PXD049969	20230511_Caco_SPE_LMW_R7_-60_ms2.msalign	20	18	20230511_Caco_SPE_LMW_R7.mzML
PXD049969	20230601_Caco_Lysis_GndHCl_c_R1_LMW_-60_ms2.msalign	20	18	20230601_Caco_Lysis_GndHCl_c_R1_LMW.mzML
PXD049969	20230227_Caco_PLRPlowPH_A_LMW_R2_-60_ms2.msalign	20	18	20230227_Caco_PLRPlowPH_A_LMW_R2.mzML
PXD049969	20230227_Caco_PLRPlowPH_H_LMW_R1_-60_ms2.msalign	20	18	20230227_Caco_PLRPlowPH_H_LMW_R1.mzML
PXD049969	20230317_Caco_GELFrEE_2_LMW_R2_-60_ms2.msalign	20	18	20230317_Caco_GELFrEE_2_LMW_R2.mzML
PXD049969	20230317_Caco_GELFrEE_3_LMW_R3_-60_ms2.msalign	20	18	20230317_Caco_GELFrEE_3_LMW_R3.mzML
PXD049969	20230601_Caco_Lysis_GndHCl_c_R3_LMW_-60_ms2.msalign	20	18	20230601_Caco_Lysis_GndHCl_c_R3_LMW.mzML
PXD049969	20230317_Caco_GELFrEE_3_LMW_R1_-60_ms2.msalign	20	18	20230317_Caco_GELFrEE_3_LMW_R1.mzML
PXD049969	20230227_Caco_PLRPlowPH_C_LMW_R1_-60_ms2.msalign	20	18	20230227_Caco_PLRPlowPH_C_LMW_R1.mzML
PXD049969	20230317_Caco_GELFrEE_2_LMW_R1_-60_ms2.msalign	20	18	20230317_Caco_GELFrEE_2_LMW_R1.mzML
PXD029792	20210806_CaCo_C18MinMan_1_CID25_2h_3s_FAIMS_-60-50-40-20-0_CV60_50_60k50k_IT118_125_1micro__CV20_0_from40min_20210808183817_-20_ms2.msalign	17	19	20210806_CaCo_C18MinMan_1_CID25_2h_3s_FAIMS_-60-50-40-20-0_CV60_50_60k50k_IT118_125_1micro__CV20_0_from40min_20210808183817.mzML
PXD029792	20210806_CaCo_C18MinMan_1_CID25_2h_3s_FAIMS_-60-50-40-20-0_CV60_50_60k50k_IT118_125_2micro_HCD30__CV20_0_from40min_-20_ms2.msalign	17	19	20210806_CaCo_C18MinMan_1_CID25_2h_3s_FAIMS_-60-50-40-20-0_CV60_50_60k50k_IT118_125_2micro_HCD30__CV20_0_from40min.mzML
PXD029792	20210806_CaCo_C18MinMan_1_CID25_2h_3s_FAIMS_-60-50-40-20-0_CV60_50_60k50k_IT118_125_2micro__CV20_0_from40min_20210808110039_-20_ms2.msalign	17	19	20210806_CaCo_C18MinMan_1_CID25_2h_3s_FAIMS_-60-50-40-20-0_CV60_50_60k50k_IT118_125_2micro__CV20_0_from40min_20210808110039.mzML
PXD029792	20210806_CaCo_C18MinMan_1_CID25_2h_3s_FAIMS_-60-50-40-20-0_CV60_50_60k50k_IT118_125_2micro_HCD30__CV20_0_from40min_20210808032313_-20_ms2.msalign	17	19	20210806_CaCo_C18MinMan_1_CID25_2h_3s_FAIMS_-60-50-40-20-0_CV60_50_60k50k_IT118_125_2micro_HCD30__CV20_0_from40min_20210808032313.mzML
PXD029792	20210806_CaCo_C18MinMan_1_CID25_2h_3s_FAIMS_-60-50-40-20-0_CV60_50_60k50k_IT118_125_2micro_HCD30__CV20_0_from40min_20210808055542_-20_ms2.msalign	17	19	20210806_CaCo_C18MinMan_1_CID25_2h_3s_FAIMS_-60-50-40-20-0_CV60_50_60k50k_IT118_125_2micro_HCD30__CV20_0_from40min_20210808055542.mzML
PXD029792	20210916_CaCo_MinMan_FAIMS-60-50-40-20-0_60min_0_ms2.msalign	17	19	20210916_CaCo_MinMan_FAIMS-60-50-40-20-0_60min.mzML
PXD029792	20210806_CaCo_C18MinMan_1_CID25_2h_3s_FAIMS_-60-50-40-20-0_CV60_50_60k50k_IT118_125_2micro__CV20_0_from40min_-20_ms2.msalign	17	19	20210806_CaCo_C18MinMan_1_CID25_2h_3s_FAIMS_-60-50-40-20-0_CV60_50_60k50k_IT118_125_2micro__CV20_0_from40min.mzML
PXD029792	20210806_CaCo_C18MinMan_1_CID25_2h_3s_FAIMS_-60-50-40-20-0_CV60_50_60k50k_IT118_125_1micro__CV20_0_from40min_-20_ms2.msalign	17	19	20210806_CaCo_C18MinMan_1_CID25_2h_3s_FAIMS_-60-50-40-20-0_CV60_50_60k50k_IT118_125_1micro__CV20_0_from40min.mzML
PXD029792	20210806_CaCo_C18MinMan_1_CID25_2h_3s_FAIMS_-60-50-40-20-0_CV60_50_60k50k_IT118_125_1micro__CV20_0_from40min_20210808211046_-20_ms2.msalign	17	19	20210806_CaCo_C18MinMan_1_CID25_2h_3s_FAIMS_-60-50-40-20-0_CV60_50_60k50k_IT118_125_1micro__CV20_0_from40min_20210808211046.mzML
PXD029792	20210806_CaCo_C18MinMan_1_CID25_2h_3s_FAIMS_-60-50-40-20-0_CV60_50_60k50k_IT118_125_2micro__CV20_0_from40min_20210808133309_-20_ms2.msalign	17	19	20210806_CaCo_C18MinMan_1_CID25_2h_3s_FAIMS_-60-50-40-20-0_CV60_50_60k50k_IT118_125_2micro__CV20_0_from40min_20210808133309.mzML
PXD029792	20210916_CaCo_MinMan_FAIMS-60-50-40-20-0_60min_-20_ms2.msalign	17	19	20210916_CaCo_MinMan_FAIMS-60-50-40-20-0_60min.mzML
PXD029792	20210806_CaCo_C18MinMan_1_CID25_2h_3s_FAIMS_-60-50-40-20-0_CV60_50_60k50k_IT118_125_1micro__CV20_0_from40min_20210808183817_0_ms2.msalign	17	19	20210806_CaCo_C18MinMan_1_CID25_2h_3s_FAIMS_-60-50-40-20-0_CV60_50_60k50k_IT118_125_1micro__CV20_0_from40min_20210808183817.mzML
PXD029792	20210806_CaCo_C18MinMan_1_CID25_2h_3s_FAIMS_-60-50-40-20-0_CV60_50_60k50k_IT118_125_2micro_HCD30__CV20_0_from40min_20210808055542_0_ms2.msalign	17	19	20210806_CaCo_C18MinMan_1_CID25_2h_3s_FAIMS_-60-50-40-20-0_CV60_50_60k50k_IT118_125_2micro_HCD30__CV20_0_from40min_20210808055542.mzML
PXD029792	20210806_CaCo_C18MinMan_1_CID25_2h_3s_FAIMS_-60-50-40-20-0_CV60_50_60k50k_IT118_125_1micro__CV20_0_from40min_0_ms2.msalign	17	19	20210806_CaCo_C18MinMan_1_CID25_2h_3s_FAIMS_-60-50-40-20-0_CV60_50_60k50k_IT118_125_1micro__CV20_0_from40min.mzML
PXD029792	20210806_CaCo_C18MinMan_1_CID25_2h_3s_FAIMS_-60-50-40-20-0_20210807221807_-50_ms2.msalign	17	19	20210806_CaCo_C18MinMan_1_CID25_2h_3s_FAIMS_-60-50-40-20-0_20210807221807.mzML
PXD029792	20210806_CaCo_C18MinMan_1_CID25_2h_3s_FAIMS_-60-50-40-20-0_CV60_50_60k50k_IT118_125_2micro__CV20_0_from40min_20210808133309_0_ms2.msalign	17	19	20210806_CaCo_C18MinMan_1_CID25_2h_3s_FAIMS_-60-50-40-20-0_CV60_50_60k50k_IT118_125_2micro__CV20_0_from40min_20210808133309.mzML
PXD029792	20210806_CaCo_C18MinMan_1_CID25_2h_3s_FAIMS_-60-50-40-20-0_CV60_50_60k50k_IT118_125_2micro_HCD30__CV20_0_from40min_0_ms2.msalign	17	19	20210806_CaCo_C18MinMan_1_CID25_2h_3s_FAIMS_-60-50-40-20-0_CV60_50_60k50k_IT118_125_2micro_HCD30__CV20_0_from40min.mzML
PXD029792	20210806_CaCo_C18MinMan_1_CID25_2h_3s_FAIMS_-60-50-40-20-0_CV60_50_60k50k_IT118_125_2micro__CV20_0_from40min_0_ms2.msalign	17	19	20210806_CaCo_C18MinMan_1_CID25_2h_3s_FAIMS_-60-50-40-20-0_CV60_50_60k50k_IT118_125_2micro__CV20_0_from40min.mzML
PXD029792	20210806_CaCo_C18MinMan_1_CID25_2h_3s_FAIMS_-60-50-40-20-0_CV60_50_60k50k_IT118_125_2micro_HCD30__CV20_0_from40min_20210808032313_0_ms2.msalign	17	19	20210806_CaCo_C18MinMan_1_CID25_2h_3s_FAIMS_-60-50-40-20-0_CV60_50_60k50k_IT118_125_2micro_HCD30__CV20_0_from40min_20210808032313.mzML
PXD029792	20210806_CaCo_C18MinMan_1_CID25_2h_3s_FAIMS_-60-50-40-20-0_CV60_50_60k50k_IT118_125_2micro__CV20_0_from40min_20210808110039_0_ms2.msalign	17	19	20210806_CaCo_C18MinMan_1_CID25_2h_3s_FAIMS_-60-50-40-20-0_CV60_50_60k50k_IT118_125_2micro__CV20_0_from40min_20210808110039.mzML
PXD029792	20210806_CaCo_C18MinMan_1_CID25_2h_3s_FAIMS_-60-50-40-20-0_CV60_50_60k50k_IT118_125_1micro__CV20_0_from40min_20210808211046_0_ms2.msalign	17	19	20210806_CaCo_C18MinMan_1_CID25_2h_3s_FAIMS_-60-50-40-20-0_CV60_50_60k50k_IT118_125_1micro__CV20_0_from40min_20210808211046.mzML
PXD029792	20210806_CaCo_C18MinMan_1_CID25_2h_3s_FAIMS_-60-50-40-20-0_20210807221807_-20_ms2.msalign	17	19	20210806_CaCo_C18MinMan_1_CID25_2h_3s_FAIMS_-60-50-40-20-0_20210807221807.mzML
PXD029792	20210806_CaCo_C18MinMan_1_CID25_2h_3s_FAIMS_-60-50-40-20-0_-50_ms2.msalign	17	19	20210806_CaCo_C18MinMan_1_CID25_2h_3s_FAIMS_-60-50-40-20-0.mzML
PXD029792	20210806_CaCo_C18MinMan_1_CID25_2h_3s_FAIMS_-60-50-40-20-0_20210807171300_-50_ms2.msalign	17	19	20210806_CaCo_C18MinMan_1_CID25_2h_3s_FAIMS_-60-50-40-20-0_20210807171300.mzML
PXD029792	20210806_CaCo_C18MinMan_1_CID25_2h_3s_FAIMS_-60-50-40-20-0_-20_ms2.msalign	17	19	20210806_CaCo_C18MinMan_1_CID25_2h_3s_FAIMS_-60-50-40-20-0.mzML
PXD029792	20210806_CaCo_C18MinMan_1_CID25_2h_3s_FAIMS_-60-50-40-20-0_CV60_50_60k50k_IT118_125_2micro__CV20_0_from40min_6micro_3Scans_20210807093531_0_ms2.msalign	17	19	20210806_CaCo_C18MinMan_1_CID25_2h_3s_FAIMS_-60-50-40-20-0_CV60_50_60k50k_IT118_125_2micro__CV20_0_from40min_6micro_3Scans_20210807093531.mzML
PXD029792	20210806_CaCo_C18MinMan_1_CID25_2h_3s_FAIMS_-60-50-40-20-0_20210807171300_-20_ms2.msalign	17	19	20210806_CaCo_C18MinMan_1_CID25_2h_3s_FAIMS_-60-50-40-20-0_20210807171300.mzML
PXD029792	20210916_CaCo_MinMan_FAIMS-60-50-40-20-0_60min_-40_ms2.msalign	17	19	20210916_CaCo_MinMan_FAIMS-60-50-40-20-0_60min.mzML
PXD029792	20210806_CaCo_C18MinMan_1_CID25_2h_3s_FAIMS_-60-50-40-20-0_CV60_50_60k50k_IT118_125_2micro__CV20_0_from40min_6micro_3Scans_0_ms2.msalign	17	19	20210806_CaCo_C18MinMan_1_CID25_2h_3s_FAIMS_-60-50-40-20-0_CV60_50_60k50k_IT118_125_2micro__CV20_0_from40min_6micro_3Scans.mzML
PXD029792	20210806_CaCo_C18MinMan_1_CID25_2h_3s_FAIMS_-60-50-40-20-0_CV60_50_60k50k_IT118_125_2micro__CV20_0_from40min_6micro_3Scans_20210807093531_-20_ms2.msalign	17	19	20210806_CaCo_C18MinMan_1_CID25_2h_3s_FAIMS_-60-50-40-20-0_CV60_50_60k50k_IT118_125_2micro__CV20_0_from40min_6micro_3Scans_20210807093531.mzML
PXD029792	20210806_CaCo_C18MinMan_1_CID25_2h_3s_FAIMS_-60-50-40-20-0_CV60_50_60k50k_IT118_125_2micro__CV20_0_from40min_6micro_3Scans_-20_ms2.msalign	17	19	20210806_CaCo_C18MinMan_1_CID25_2h_3s_FAIMS_-60-50-40-20-0_CV60_50_60k50k_IT118_125_2micro__CV20_0_from40min_6micro_3Scans.mzML
PXD029792	20210806_CaCo_C18MinMan_1_CID25_2h_3s_FAIMS_-60-50-40-20-0_CV60_50_60k50k_IT118_125_2micro__CV20_0_from40min_6micro_3Scans_20210807120802_0_ms2.msalign	17	19	20210806_CaCo_C18MinMan_1_CID25_2h_3s_FAIMS_-60-50-40-20-0_CV60_50_60k50k_IT118_125_2micro__CV20_0_from40min_6micro_3Scans_20210807120802.mzML
PXD029792	20210806_CaCo_C18MinMan_1_CID25_2h_3s_FAIMS_-60-50-40-20-0_CV60_50_60k50k_IT118_125_2micro__CV20_0_from40min_6micro_3Scans_20210807120802_-20_ms2.msalign	17	19	20210806_CaCo_C18MinMan_1_CID25_2h_3s_FAIMS_-60-50-40-20-0_CV60_50_60k50k_IT118_125_2micro__CV20_0_from40min_6micro_3Scans_20210807120802.mzML
PXD029792	20210806_CaCo_C18MinMan_1_CID25_2h_3s_FAIMS_-60-50-40-20-0_20210807221807_-60_ms2.msalign	17	19	20210806_CaCo_C18MinMan_1_CID25_2h_3s_FAIMS_-60-50-40-20-0_20210807221807.mzML
PXD029792	20210916_CaCo_MinMan_FAIMS-60-50-40-0_60min_0_ms2.msalign	17	19	20210916_CaCo_MinMan_FAIMS-60-50-40-0_60min.mzML
PXD029792	20210806_CaCo_C18MinMan_1_CID25_2h_3s_FAIMS_-60-50-40-20-0_-60_ms2.msalign	17	19	20210806_CaCo_C18MinMan_1_CID25_2h_3s_FAIMS_-60-50-40-20-0.mzML
PXD029792	20210806_CaCo_C18MinMan_1_CID25_2h_3s_FAIMS_-60-50-40-20-0_20210807171300_-60_ms2.msalign	17	19	20210806_CaCo_C18MinMan_1_CID25_2h_3s_FAIMS_-60-50-40-20-0_20210807171300.mzML
PXD029792	20210916_CaCo_MinMan_FAIMS-60-50-40-20-0_90min_0_ms2.msalign	17	19	20210916_CaCo_MinMan_FAIMS-60-50-40-20-0_90min.mzML
PXD029792	20210806_CaCo_C18MinMan_1_CID25_2h_3s_FAIMS_-60-50-40-20-0_20210807221807_0_ms2.msalign	17	19	20210806_CaCo_C18MinMan_1_CID25_2h_3s_FAIMS_-60-50-40-20-0_20210807221807.mzML
PXD029792	20210806_CaCo_C18MinMan_1_CID25_2h_3s_FAIMS_-60-50-40-20-0_20210807171300_0_ms2.msalign	17	19	20210806_CaCo_C18MinMan_1_CID25_2h_3s_FAIMS_-60-50-40-20-0_20210807171300.mzML
PXD029792	20210806_CaCo_C18MinMan_1_CID25_2h_3s_FAIMS_-60-50-40-20-0_0_ms2.msalign	17	19	20210806_CaCo_C18MinMan_1_CID25_2h_3s_FAIMS_-60-50-40-20-0.mzML
PXD029792	20210806_CaCo_C18MinMan_1_CID25_2h_3s_FAIMS_-60-50-40-0_CV60_50_60k50k_IT118_125_2micro__CV0_from40min_20210809200334_0_ms2.msalign	17	19	20210806_CaCo_C18MinMan_1_CID25_2h_3s_FAIMS_-60-50-40-0_CV60_50_60k50k_IT118_125_2micro__CV0_from40min_20210809200334.mzML
PXD029792	20210916_CaCo_MinMan_FAIMS-60-50-40-20-0_90min_-20_ms2.msalign	17	19	20210916_CaCo_MinMan_FAIMS-60-50-40-20-0_90min.mzML
PXD029792	20210806_CaCo_C18MinMan_1_CID25_2h_3s_FAIMS_-60-50-40-20-0_20210807221807_-40_ms2.msalign	17	19	20210806_CaCo_C18MinMan_1_CID25_2h_3s_FAIMS_-60-50-40-20-0_20210807221807.mzML
PXD029792	20210806_CaCo_C18MinMan_1_CID25_2h_3s_FAIMS_-60-50-40-0_CV60_50_60k50k_IT118_125_2micro__CV0_from40min_20210809173105_0_ms2.msalign	17	19	20210806_CaCo_C18MinMan_1_CID25_2h_3s_FAIMS_-60-50-40-0_CV60_50_60k50k_IT118_125_2micro__CV0_from40min_20210809173105.mzML
PXD029792	20210806_CaCo_C18MinMan_1_CID25_2h_3s_FAIMS_-60-50-40-20-0_-40_ms2.msalign	17	19	20210806_CaCo_C18MinMan_1_CID25_2h_3s_FAIMS_-60-50-40-20-0.mzML
PXD029792	20210806_CaCo_C18MinMan_1_CID25_2h_3s_FAIMS_-60-50-40-0_CV60_50_60k50k_IT118_125_2micro__CV0_from40min_0_ms2.msalign	17	19	20210806_CaCo_C18MinMan_1_CID25_2h_3s_FAIMS_-60-50-40-0_CV60_50_60k50k_IT118_125_2micro__CV0_from40min.mzML
PXD029792	20210806_CaCo_C18MinMan_1_CID25_2h_3s_FAIMS_-60-50-40-20-0_20210807171300_-40_ms2.msalign	17	19	20210806_CaCo_C18MinMan_1_CID25_2h_3s_FAIMS_-60-50-40-20-0_20210807171300.mzML
PXD029792	20210916_CaCo_MinMan_FAIMS-60-50-40-0_60min_-40_ms2.msalign	17	19	20210916_CaCo_MinMan_FAIMS-60-50-40-0_60min.mzML
PXD029792	20210910_CaCo2_GELFrEE8_2h_CID25_PeptideMode_FAIMS-50-40-30-20_opt_Fr1_3_-20_ms2.msalign	17	19	20210910_CaCo2_GELFrEE8_2h_CID25_PeptideMode_FAIMS-50-40-30-20_opt_Fr1_3.mzML
PXD029792	20210910_CaCo2_GELFrEE8_2h_CID25_PeptideMode_FAIMS-50-40-30-20_opt_Fr1_1_-20_ms2.msalign	17	19	20210910_CaCo2_GELFrEE8_2h_CID25_PeptideMode_FAIMS-50-40-30-20_opt_Fr1_1.mzML
PXD029792	20210806_CaCo_C18MinMan_1_CID25_2h_3s_FAIMS_-60-50-40-20_CV60_50_60k50k_IT118_125_2micro__CV20_from40min_-20_ms2.msalign	17	19	20210806_CaCo_C18MinMan_1_CID25_2h_3s_FAIMS_-60-50-40-20_CV60_50_60k50k_IT118_125_2micro__CV20_from40min.mzML
PXD029792	20210806_CaCo_C18MinMan_1_CID25_2h_3s_FAIMS_-60-50-40-20_CV60_50_60k50k_IT118_125_2micro__CV20_from40min_20210810034059_-20_ms2.msalign	17	19	20210806_CaCo_C18MinMan_1_CID25_2h_3s_FAIMS_-60-50-40-20_CV60_50_60k50k_IT118_125_2micro__CV20_from40min_20210810034059.mzML
PXD029792	20210806_CaCo_C18MinMan_1_CID25_2h_3s_FAIMS_-60-50-40-20_CV60_50_60k50k_IT118_125_2micro__CV20_from40min_20210810010830_-20_ms2.msalign	17	19	20210806_CaCo_C18MinMan_1_CID25_2h_3s_FAIMS_-60-50-40-20_CV60_50_60k50k_IT118_125_2micro__CV20_from40min_20210810010830.mzML
PXD029792	20210910_CaCo2_GELFrEE8_2h_CID25_PeptideMode_FAIMS-50-40-30-20_opt_Fr1_2_-20_ms2.msalign	17	19	20210910_CaCo2_GELFrEE8_2h_CID25_PeptideMode_FAIMS-50-40-30-20_opt_Fr1_2.mzML
PXD029792	20210916_CaCo_MinMan_FAIMS-60-50-40-20-0_90min_-40_ms2.msalign	17	19	20210916_CaCo_MinMan_FAIMS-60-50-40-20-0_90min.mzML
PXD029792	20210916_CaCo_MinMan_FAIMS-50-40-0_60min_0_ms2.msalign	17	19	20210916_CaCo_MinMan_FAIMS-50-40-0_60min.mzML
PXD029792	20210916_CaCo_MinMan_FAIMS-60-50-40-20-0_120min_0_ms2.msalign	17	19	20210916_CaCo_MinMan_FAIMS-60-50-40-20-0_120min.mzML
PXD029792	20210916_CaCo_MinMan_FAIMS-60-50-40-0_90min_0_ms2.msalign	17	19	20210916_CaCo_MinMan_FAIMS-60-50-40-0_90min.mzML
PXD029792	20210910_CaCo2_MWCO30_2h_CID25_PeptideMode_FAIMS-50-40-30-20_1_3_-20_ms2.msalign	17	19	20210910_CaCo2_MWCO30_2h_CID25_PeptideMode_FAIMS-50-40-30-20_1_3.mzML
PXD029792	20210916_CaCo_MinMan_FAIMS-60-50-40-20-0_120min_-20_ms2.msalign	17	19	20210916_CaCo_MinMan_FAIMS-60-50-40-20-0_120min.mzML
PXD029792	20210910_CaCo2_MWCO30_2h_CID25_PeptideMode_FAIMS-50-40-30-20_1_1_-20_ms2.msalign	17	19	20210910_CaCo2_MWCO30_2h_CID25_PeptideMode_FAIMS-50-40-30-20_1_1.mzML
PXD029792	20210910_CaCo2_MWCO30_2h_CID25_PeptideMode_FAIMS-50-40-30-20_1_2_-20_ms2.msalign	17	19	20210910_CaCo2_MWCO30_2h_CID25_PeptideMode_FAIMS-50-40-30-20_1_2.mzML
PXD029792	20210806_CaCo_C18MinMan_1_CID25_2h_3s_FAIMS_-60-50-40-20-0_CV60_50_60k50k_IT118_125_2micro__CV20_0_from40min_6micro_3Scans_20210807093531_-40_ms2.msalign	17	19	20210806_CaCo_C18MinMan_1_CID25_2h_3s_FAIMS_-60-50-40-20-0_CV60_50_60k50k_IT118_125_2micro__CV20_0_from40min_6micro_3Scans_20210807093531.mzML
PXD029792	20210916_CaCo_MinMan_FAIMS-50-40-0_60min_-40_ms2.msalign	17	19	20210916_CaCo_MinMan_FAIMS-50-40-0_60min.mzML
PXD029792	20210806_CaCo_C18MinMan_1_CID25_2h_3s_FAIMS_-60-50-40-20-0_CV60_50_60k50k_IT118_125_2micro__CV20_0_from40min_6micro_3Scans_-40_ms2.msalign	17	19	20210806_CaCo_C18MinMan_1_CID25_2h_3s_FAIMS_-60-50-40-20-0_CV60_50_60k50k_IT118_125_2micro__CV20_0_from40min_6micro_3Scans.mzML
PXD029792	20210806_CaCo_C18MinMan_1_CID25_2h_3s_FAIMS_-60-50-40-20-0_CV60_50_60k50k_IT118_125_2micro__CV20_0_from40min_6micro_3Scans_20210807120802_-40_ms2.msalign	17	19	20210806_CaCo_C18MinMan_1_CID25_2h_3s_FAIMS_-60-50-40-20-0_CV60_50_60k50k_IT118_125_2micro__CV20_0_from40min_6micro_3Scans_20210807120802.mzML
PXD029792	20210916_CaCo_MinMan_FAIMS-60-50-40-0_90min_-40_ms2.msalign	17	19	20210916_CaCo_MinMan_FAIMS-60-50-40-0_90min.mzML
PXD029792	20210916_CaCo_MinMan_FAIMS-60-50-40-20-0_150min_0_ms2.msalign	17	19	20210916_CaCo_MinMan_FAIMS-60-50-40-20-0_150min.mzML
PXD029792	20210806_CaCo_C18MinMan_1_CID25_2h_4s_FAIMS_-50-40-0_CV50_60k50k_IT118_125_2micro_CV0_from40min_0_ms2.msalign	17	19	20210806_CaCo_C18MinMan_1_CID25_2h_4s_FAIMS_-50-40-0_CV50_60k50k_IT118_125_2micro_CV0_from40min.mzML
PXD029792	20210806_CaCo_C18MinMan_1_CID25_2h_4s_FAIMS_-50-40-0_CV50_60k50k_IT118_125_2micro_CV0_from40min_20210809021547_0_ms2.msalign	17	19	20210806_CaCo_C18MinMan_1_CID25_2h_4s_FAIMS_-50-40-0_CV50_60k50k_IT118_125_2micro_CV0_from40min_20210809021547.mzML
PXD029792	20210916_CaCo_MinMan_FAIMS-60-50-40-20-0_120min_-40_ms2.msalign	17	19	20210916_CaCo_MinMan_FAIMS-60-50-40-20-0_120min.mzML
PXD029792	20210806_CaCo_C18MinMan_1_CID25_2h_4s_FAIMS_-50-40-0_CV50_60k50k_IT118_125_2micro_CV0_from40min_20210809044820_0_ms2.msalign	17	19	20210806_CaCo_C18MinMan_1_CID25_2h_4s_FAIMS_-50-40-0_CV50_60k50k_IT118_125_2micro_CV0_from40min_20210809044820.mzML
PXD029792	20210916_CaCo_MinMan_FAIMS-60-50-40-20-0_150min_-20_ms2.msalign	17	19	20210916_CaCo_MinMan_FAIMS-60-50-40-20-0_150min.mzML
PXD029792	20210916_CaCo_MinMan_FAIMS-60-50-40-0_120min_0_ms2.msalign	17	19	20210916_CaCo_MinMan_FAIMS-60-50-40-0_120min.mzML
PXD029792	20210916_CaCo_MinMan_FAIMS-50-40-0_90min_0_ms2.msalign	17	19	20210916_CaCo_MinMan_FAIMS-50-40-0_90min.mzML
PXD029792	20210916_CaCo_MinMan_FAIMS-60-50-40-20-0_180min_0_ms2.msalign	17	19	20210916_CaCo_MinMan_FAIMS-60-50-40-20-0_180min.mzML
PXD029792	20210806_CaCo_C18MinMan_1_CID25_2h_3s_FAIMS_-60-50-40-20-0_CV60_50_60k50k_IT118_125_2micro__CV20_0_from40min_20210808110039_-40_ms2.msalign	17	19	20210806_CaCo_C18MinMan_1_CID25_2h_3s_FAIMS_-60-50-40-20-0_CV60_50_60k50k_IT118_125_2micro__CV20_0_from40min_20210808110039.mzML
PXD029792	20210806_CaCo_C18MinMan_1_CID25_2h_3s_FAIMS_-60-50-40-20-0_CV60_50_60k50k_IT118_125_2micro__CV20_0_from40min_20210808133309_-40_ms2.msalign	17	19	20210806_CaCo_C18MinMan_1_CID25_2h_3s_FAIMS_-60-50-40-20-0_CV60_50_60k50k_IT118_125_2micro__CV20_0_from40min_20210808133309.mzML
PXD029792	20210806_CaCo_C18MinMan_1_CID25_2h_3s_FAIMS_-60-50-40-20-0_CV60_50_60k50k_IT118_125_2micro__CV20_0_from40min_-40_ms2.msalign	17	19	20210806_CaCo_C18MinMan_1_CID25_2h_3s_FAIMS_-60-50-40-20-0_CV60_50_60k50k_IT118_125_2micro__CV20_0_from40min.mzML
PXD029792	20210806_CaCo_C18MinMan_1_CID25_2h_3s_FAIMS_-60-50-40-20-0_CV60_50_60k50k_IT118_125_2micro_HCD30__CV20_0_from40min_20210808032313_-40_ms2.msalign	17	19	20210806_CaCo_C18MinMan_1_CID25_2h_3s_FAIMS_-60-50-40-20-0_CV60_50_60k50k_IT118_125_2micro_HCD30__CV20_0_from40min_20210808032313.mzML
PXD029792	20210806_CaCo_C18MinMan_1_CID25_2h_3s_FAIMS_-60-50-40-20-0_CV60_50_60k50k_IT118_125_2micro_HCD30__CV20_0_from40min_-40_ms2.msalign	17	19	20210806_CaCo_C18MinMan_1_CID25_2h_3s_FAIMS_-60-50-40-20-0_CV60_50_60k50k_IT118_125_2micro_HCD30__CV20_0_from40min.mzML
PXD029792	20210806_CaCo_C18MinMan_1_CID25_2h_3s_FAIMS_-60-50-40-20-0_CV60_50_60k50k_IT118_125_2micro_HCD30__CV20_0_from40min_20210808055542_-40_ms2.msalign	17	19	20210806_CaCo_C18MinMan_1_CID25_2h_3s_FAIMS_-60-50-40-20-0_CV60_50_60k50k_IT118_125_2micro_HCD30__CV20_0_from40min_20210808055542.mzML
PXD029792	20210910_CaCo2_GELFrEE8_2h_CID25_PeptideMode_FAIMS-50-40-30-20_opt_Fr1_3_-40_ms2.msalign	17	19	20210910_CaCo2_GELFrEE8_2h_CID25_PeptideMode_FAIMS-50-40-30-20_opt_Fr1_3.mzML
PXD029792	20210916_CaCo_MinMan_FAIMS-60-50-40-20-0_180min_-20_ms2.msalign	17	19	20210916_CaCo_MinMan_FAIMS-60-50-40-20-0_180min.mzML
PXD029792	20210916_CaCo_MinMan_FAIMS-60-50-40-20-0_150min_-40_ms2.msalign	17	19	20210916_CaCo_MinMan_FAIMS-60-50-40-20-0_150min.mzML
PXD029792	20210916_CaCo_MinMan_FAIMS-60-50-40-0_150min_0_ms2.msalign	17	19	20210916_CaCo_MinMan_FAIMS-60-50-40-0_150min.mzML
PXD029792	20210806_CaCo_C18MinMan_1_CID25_2h_3s_FAIMS_-60-50-40-20-0_CV60_50_60k50k_IT118_125_1micro__CV20_0_from40min_20210808211046_-40_ms2.msalign	17	19	20210806_CaCo_C18MinMan_1_CID25_2h_3s_FAIMS_-60-50-40-20-0_CV60_50_60k50k_IT118_125_1micro__CV20_0_from40min_20210808211046.mzML
PXD029792	20210916_CaCo_MinMan_FAIMS-60-50-40-0_120min_-40_ms2.msalign	17	19	20210916_CaCo_MinMan_FAIMS-60-50-40-0_120min.mzML
PXD029792	20210910_CaCo2_GELFrEE8_2h_CID25_PeptideMode_FAIMS-50-40-30-20_opt_Fr1_1_-40_ms2.msalign	17	19	20210910_CaCo2_GELFrEE8_2h_CID25_PeptideMode_FAIMS-50-40-30-20_opt_Fr1_1.mzML
PXD029792	20210806_CaCo_C18MinMan_1_CID25_2h_3s_FAIMS_-60-50-40-20-0_CV60_50_60k50k_IT118_125_1micro__CV20_0_from40min_20210808183817_-40_ms2.msalign	17	19	20210806_CaCo_C18MinMan_1_CID25_2h_3s_FAIMS_-60-50-40-20-0_CV60_50_60k50k_IT118_125_1micro__CV20_0_from40min_20210808183817.mzML
PXD029792	20210910_CaCo2_GELFrEE8_2h_CID25_PeptideMode_FAIMS-50-40-30-20_opt_Fr1_2_-40_ms2.msalign	17	19	20210910_CaCo2_GELFrEE8_2h_CID25_PeptideMode_FAIMS-50-40-30-20_opt_Fr1_2.mzML
PXD029792	20210806_CaCo_C18MinMan_1_CID25_2h_3s_FAIMS_-60-50-40-20-0_CV60_50_60k50k_IT118_125_1micro__CV20_0_from40min_-40_ms2.msalign	17	19	20210806_CaCo_C18MinMan_1_CID25_2h_3s_FAIMS_-60-50-40-20-0_CV60_50_60k50k_IT118_125_1micro__CV20_0_from40min.mzML
PXD029792	20210910_CaCo2_MWCO30_2h_CID25_PeptideMode_FAIMS-50-40-30-20_1_3_-40_ms2.msalign	17	19	20210910_CaCo2_MWCO30_2h_CID25_PeptideMode_FAIMS-50-40-30-20_1_3.mzML
PXD029792	20210910_CaCo2_MWCO30_2h_CID25_PeptideMode_FAIMS-50-40-30-20_1_2_-40_ms2.msalign	17	19	20210910_CaCo2_MWCO30_2h_CID25_PeptideMode_FAIMS-50-40-30-20_1_2.mzML
PXD029792	20210910_CaCo2_MWCO30_2h_CID25_PeptideMode_FAIMS-50-40-30-20_1_1_-40_ms2.msalign	17	19	20210910_CaCo2_MWCO30_2h_CID25_PeptideMode_FAIMS-50-40-30-20_1_1.mzML
PXD029792	20210916_CaCo_MinMan_FAIMS-50-40-0_90min_-40_ms2.msalign	17	19	20210916_CaCo_MinMan_FAIMS-50-40-0_90min.mzML
PXD029792	20210916_CaCo_MinMan_FAIMS-50-40-0_120min_0_ms2.msalign	17	19	20210916_CaCo_MinMan_FAIMS-50-40-0_120min.mzML
PXD029792	20210916_CaCo_MinMan_FAIMS-60-50-40-20-0_180min_-40_ms2.msalign	17	19	20210916_CaCo_MinMan_FAIMS-60-50-40-20-0_180min.mzML
PXD029792	20210806_CaCo_C18MinMan_1_CID25_2h_3s_FAIMS_-60-50-40-20_CV60_50_60k50k_IT118_125_2micro__CV20_from40min_20210810034059_-40_ms2.msalign	17	19	20210806_CaCo_C18MinMan_1_CID25_2h_3s_FAIMS_-60-50-40-20_CV60_50_60k50k_IT118_125_2micro__CV20_from40min_20210810034059.mzML
PXD029792	20210916_CaCo_MinMan_FAIMS-60-50-40-20-0_60min_-50_ms2.msalign	17	19	20210916_CaCo_MinMan_FAIMS-60-50-40-20-0_60min.mzML
PXD029792	20210910_CaCo2_GELFrEE8_2h_CID25_PeptideMode_FAIMS-50-40-30-20_opt_Fr1_3_-30_ms2.msalign	17	19	20210910_CaCo2_GELFrEE8_2h_CID25_PeptideMode_FAIMS-50-40-30-20_opt_Fr1_3.mzML
PXD029792	20210806_CaCo_C18MinMan_1_CID25_2h_3s_FAIMS_-60-50-40-20-0_CV60_50_60k50k_IT118_125_2micro__CV20_0_from40min_6micro_3Scans_20210807093531_-60_ms2.msalign	17	19	20210806_CaCo_C18MinMan_1_CID25_2h_3s_FAIMS_-60-50-40-20-0_CV60_50_60k50k_IT118_125_2micro__CV20_0_from40min_6micro_3Scans_20210807093531.mzML
PXD029792	20210806_CaCo_C18MinMan_1_CID25_2h_3s_FAIMS_-60-50-40-20_CV60_50_60k50k_IT118_125_2micro__CV20_from40min_-40_ms2.msalign	17	19	20210806_CaCo_C18MinMan_1_CID25_2h_3s_FAIMS_-60-50-40-20_CV60_50_60k50k_IT118_125_2micro__CV20_from40min.mzML
PXD029792	20210806_CaCo_C18MinMan_1_CID25_2h_3s_FAIMS_-60-50-40-20_CV60_50_60k50k_IT118_125_2micro__CV20_from40min_20210810010830_-40_ms2.msalign	17	19	20210806_CaCo_C18MinMan_1_CID25_2h_3s_FAIMS_-60-50-40-20_CV60_50_60k50k_IT118_125_2micro__CV20_from40min_20210810010830.mzML
PXD029792	20210806_CaCo_C18MinMan_1_CID25_2h_3s_FAIMS_-60-50-40-20-0_CV60_50_60k50k_IT118_125_2micro__CV20_0_from40min_6micro_3Scans_20210807120802_-60_ms2.msalign	17	19	20210806_CaCo_C18MinMan_1_CID25_2h_3s_FAIMS_-60-50-40-20-0_CV60_50_60k50k_IT118_125_2micro__CV20_0_from40min_6micro_3Scans_20210807120802.mzML
PXD029792	20210806_CaCo_C18MinMan_1_CID25_2h_3s_FAIMS_-60-50-40-20-0_CV60_50_60k50k_IT118_125_2micro__CV20_0_from40min_6micro_3Scans_-60_ms2.msalign	17	19	20210806_CaCo_C18MinMan_1_CID25_2h_3s_FAIMS_-60-50-40-20-0_CV60_50_60k50k_IT118_125_2micro__CV20_0_from40min_6micro_3Scans.mzML
PXD029792	20210916_CaCo_MinMan_FAIMS-60-50-40-0_180min_0_ms2.msalign	17	19	20210916_CaCo_MinMan_FAIMS-60-50-40-0_180min.mzML
PXD029792	20210806_CaCo_C18MinMan_1_CID25_2h_3s_FAIMS_-60-50-40-0_CV60_50_60k50k_IT118_125_2micro__CV0_from40min_20210809200334_-40_ms2.msalign	17	19	20210806_CaCo_C18MinMan_1_CID25_2h_3s_FAIMS_-60-50-40-0_CV60_50_60k50k_IT118_125_2micro__CV0_from40min_20210809200334.mzML
PXD029792	20210916_CaCo_MinMan_FAIMS-60-50-40-0_150min_-40_ms2.msalign	17	19	20210916_CaCo_MinMan_FAIMS-60-50-40-0_150min.mzML
PXD029792	20210806_CaCo_C18MinMan_1_CID25_2h_3s_FAIMS_-60-50-40-0_CV60_50_60k50k_IT118_125_2micro__CV0_from40min_20210809173105_-40_ms2.msalign	17	19	20210806_CaCo_C18MinMan_1_CID25_2h_3s_FAIMS_-60-50-40-0_CV60_50_60k50k_IT118_125_2micro__CV0_from40min_20210809173105.mzML
PXD029792	20210910_CaCo2_GELFrEE8_2h_CID25_PeptideMode_FAIMS-50-40-30-20_opt_Fr1_2_-30_ms2.msalign	17	19	20210910_CaCo2_GELFrEE8_2h_CID25_PeptideMode_FAIMS-50-40-30-20_opt_Fr1_2.mzML
PXD029792	20210806_CaCo_C18MinMan_1_CID25_2h_3s_FAIMS_-60-50-40-0_CV60_50_60k50k_IT118_125_2micro__CV0_from40min_-40_ms2.msalign	17	19	20210806_CaCo_C18MinMan_1_CID25_2h_3s_FAIMS_-60-50-40-0_CV60_50_60k50k_IT118_125_2micro__CV0_from40min.mzML
PXD029792	20210910_CaCo2_GELFrEE8_2h_CID25_PeptideMode_FAIMS-50-40-30-20_opt_Fr1_1_-30_ms2.msalign	17	19	20210910_CaCo2_GELFrEE8_2h_CID25_PeptideMode_FAIMS-50-40-30-20_opt_Fr1_1.mzML
PXD029792	20210616_CaCo_C18MinMan_1_CID25_2h_2_FAIMS_-60-50-20_CV60_50_60k50k_IT118_125_2micro_-20_ms2.msalign	17	19	20210616_CaCo_C18MinMan_1_CID25_2h_2_FAIMS_-60-50-20_CV60_50_60k50k_IT118_125_2micro.mzML
PXD029792	20210910_CaCo2_MWCO30_2h_CID25_PeptideMode_FAIMS-50-40-30-20_1_3_-30_ms2.msalign	17	19	20210910_CaCo2_MWCO30_2h_CID25_PeptideMode_FAIMS-50-40-30-20_1_3.mzML
PXD029792	20210910_CaCo2_MWCO30_2h_CID25_PeptideMode_FAIMS-50-40-30-20_1_1_-30_ms2.msalign	17	19	20210910_CaCo2_MWCO30_2h_CID25_PeptideMode_FAIMS-50-40-30-20_1_1.mzML
PXD029792	20210910_CaCo2_MWCO30_2h_CID25_PeptideMode_FAIMS-50-40-30-20_1_2_-30_ms2.msalign	17	19	20210910_CaCo2_MWCO30_2h_CID25_PeptideMode_FAIMS-50-40-30-20_1_2.mzML
PXD029792	20210916_CaCo_MinMan_FAIMS-50-40-0_120min_-40_ms2.msalign	17	19	20210916_CaCo_MinMan_FAIMS-50-40-0_120min.mzML
PXD029792	20210916_CaCo_MinMan_FAIMS-50-40-0_150min_0_ms2.msalign	17	19	20210916_CaCo_MinMan_FAIMS-50-40-0_150min.mzML
PXD029792	20210916_CaCo_MinMan_FAIMS-60-50-40-0_180min_-40_ms2.msalign	17	19	20210916_CaCo_MinMan_FAIMS-60-50-40-0_180min.mzML
PXD029792	20210916_CaCo_MinMan_FAIMS-60-50-40-20-0_60min_-60_ms2.msalign	17	19	20210916_CaCo_MinMan_FAIMS-60-50-40-20-0_60min.mzML
PXD029792	20210916_CaCo_MinMan_FAIMS-60-50-40-0_60min_-50_ms2.msalign	17	19	20210916_CaCo_MinMan_FAIMS-60-50-40-0_60min.mzML
PXD029792	20210616_CaCo_C18MinMan_1_CID25_2h_2_FAIMS_-60-50-20_CV60_50_60k50k_IT118_125_2micro_20210722175804_-20_ms2.msalign	17	19	20210616_CaCo_C18MinMan_1_CID25_2h_2_FAIMS_-60-50-20_CV60_50_60k50k_IT118_125_2micro_20210722175804.mzML
PXD029792	20210616_CaCo_C18MinMan_1_CID25_2h_2_FAIMS_-60-50-40_CV60_50_60k50k_IT118_125_2micro_-40_ms2.msalign	17	19	20210616_CaCo_C18MinMan_1_CID25_2h_2_FAIMS_-60-50-40_CV60_50_60k50k_IT118_125_2micro.mzML
PXD029792	20210616_CaCo_C18MinMan_1_CID25_2h_2_FAIMS_-60-50-20_CV60_50_60k50k_IT118_125_2micro_20210724103922_-20_ms2.msalign	17	19	20210616_CaCo_C18MinMan_1_CID25_2h_2_FAIMS_-60-50-20_CV60_50_60k50k_IT118_125_2micro_20210724103922.mzML
PXD029792	20210916_CaCo_MinMan_FAIMS-50-40-0_150min_-40_ms2.msalign	17	19	20210916_CaCo_MinMan_FAIMS-50-40-0_150min.mzML
PXD029792	20210916_CaCo_MinMan_FAIMS-50-40-0_180min_0_ms2.msalign	17	19	20210916_CaCo_MinMan_FAIMS-50-40-0_180min.mzML
PXD029792	20210916_CaCo_MinMan_FAIMS-60-50-40-20-0_90min_-50_ms2.msalign	17	19	20210916_CaCo_MinMan_FAIMS-60-50-40-20-0_90min.mzML
PXD029792	20210616_CaCo_C18MinMan_1_CID25_2h_2_FAIMS_-60-50-40_CV60_50_60k50k_IT118_125_2micro_20210722072006_-40_ms2.msalign	17	19	20210616_CaCo_C18MinMan_1_CID25_2h_2_FAIMS_-60-50-40_CV60_50_60k50k_IT118_125_2micro_20210722072006.mzML
PXD029792	20210616_CaCo_C18MinMan_1_CID25_2h_2_FAIMS_-60-50-40_CV60_50_60k50k_IT118_125_2micro_20210724030144_-40_ms2.msalign	17	19	20210616_CaCo_C18MinMan_1_CID25_2h_2_FAIMS_-60-50-40_CV60_50_60k50k_IT118_125_2micro_20210724030144.mzML
PXD029792	20210806_CaCo_C18MinMan_1_CID25_2h_4s_FAIMS_-50-40-0_CV50_60k50k_IT118_125_2micro_CV0_from40min_20210809021547_-40_ms2.msalign	17	19	20210806_CaCo_C18MinMan_1_CID25_2h_4s_FAIMS_-50-40-0_CV50_60k50k_IT118_125_2micro_CV0_from40min_20210809021547.mzML
PXD029792	20210806_CaCo_C18MinMan_1_CID25_2h_4s_FAIMS_-50-40-0_CV50_60k50k_IT118_125_2micro_CV0_from40min_20210809044820_-40_ms2.msalign	17	19	20210806_CaCo_C18MinMan_1_CID25_2h_4s_FAIMS_-50-40-0_CV50_60k50k_IT118_125_2micro_CV0_from40min_20210809044820.mzML
PXD029792	20210806_CaCo_C18MinMan_1_CID25_2h_4s_FAIMS_-50-40-0_CV50_60k50k_IT118_125_2micro_CV0_from40min_-40_ms2.msalign	17	19	20210806_CaCo_C18MinMan_1_CID25_2h_4s_FAIMS_-50-40-0_CV50_60k50k_IT118_125_2micro_CV0_from40min.mzML
PXD029792	20210916_CaCo_MinMan_FAIMS-50-40-0_180min_-40_ms2.msalign	17	19	20210916_CaCo_MinMan_FAIMS-50-40-0_180min.mzML
PXD029792	20210806_CaCo_C18MinMan_1_CID25_2h_3s_FAIMS_-60-50-40-20-0_CV60_50_60k50k_IT118_125_2micro__CV20_0_from40min_-60_ms2.msalign	17	19	20210806_CaCo_C18MinMan_1_CID25_2h_3s_FAIMS_-60-50-40-20-0_CV60_50_60k50k_IT118_125_2micro__CV20_0_from40min.mzML
PXD029792	20210806_CaCo_C18MinMan_1_CID25_2h_3s_FAIMS_-60-50-40-20-0_CV60_50_60k50k_IT118_125_2micro__CV20_0_from40min_20210808133309_-60_ms2.msalign	17	19	20210806_CaCo_C18MinMan_1_CID25_2h_3s_FAIMS_-60-50-40-20-0_CV60_50_60k50k_IT118_125_2micro__CV20_0_from40min_20210808133309.mzML
PXD029792	20210806_CaCo_C18MinMan_1_CID25_2h_3s_FAIMS_-60-50-40-20-0_CV60_50_60k50k_IT118_125_2micro__CV20_0_from40min_20210808110039_-60_ms2.msalign	17	19	20210806_CaCo_C18MinMan_1_CID25_2h_3s_FAIMS_-60-50-40-20-0_CV60_50_60k50k_IT118_125_2micro__CV20_0_from40min_20210808110039.mzML
PXD029792	20210916_CaCo_MinMan_FAIMS-60-50-40-0_60min_-60_ms2.msalign	17	19	20210916_CaCo_MinMan_FAIMS-60-50-40-0_60min.mzML
PXD029792	20210806_CaCo_C18MinMan_1_CID25_2h_3s_FAIMS_-60-50-40-0_CV60_50_60k50k_IT118_125_2micro__CV0_from40min_20210809200334_-60_ms2.msalign	17	19	20210806_CaCo_C18MinMan_1_CID25_2h_3s_FAIMS_-60-50-40-0_CV60_50_60k50k_IT118_125_2micro__CV0_from40min_20210809200334.mzML
PXD029792	20210916_CaCo_MinMan_FAIMS-50-40-0_60min_-50_ms2.msalign	17	19	20210916_CaCo_MinMan_FAIMS-50-40-0_60min.mzML
PXD029792	20210806_CaCo_C18MinMan_1_CID25_2h_3s_FAIMS_-60-50-40-0_CV60_50_60k50k_IT118_125_2micro__CV0_from40min_20210809173105_-60_ms2.msalign	17	19	20210806_CaCo_C18MinMan_1_CID25_2h_3s_FAIMS_-60-50-40-0_CV60_50_60k50k_IT118_125_2micro__CV0_from40min_20210809173105.mzML
PXD029792	20210806_CaCo_C18MinMan_1_CID25_2h_3s_FAIMS_-60-50-40-20-0_CV60_50_60k50k_IT118_125_2micro_HCD30__CV20_0_from40min_20210808055542_-60_ms2.msalign	17	19	20210806_CaCo_C18MinMan_1_CID25_2h_3s_FAIMS_-60-50-40-20-0_CV60_50_60k50k_IT118_125_2micro_HCD30__CV20_0_from40min_20210808055542.mzML
PXD029792	20210806_CaCo_C18MinMan_1_CID25_2h_3s_FAIMS_-60-50-40-20-0_CV60_50_60k50k_IT118_125_2micro_HCD30__CV20_0_from40min_-60_ms2.msalign	17	19	20210806_CaCo_C18MinMan_1_CID25_2h_3s_FAIMS_-60-50-40-20-0_CV60_50_60k50k_IT118_125_2micro_HCD30__CV20_0_from40min.mzML
PXD029792	20210806_CaCo_C18MinMan_1_CID25_2h_3s_FAIMS_-60-50-40-20-0_CV60_50_60k50k_IT118_125_2micro_HCD30__CV20_0_from40min_20210808032313_-60_ms2.msalign	17	19	20210806_CaCo_C18MinMan_1_CID25_2h_3s_FAIMS_-60-50-40-20-0_CV60_50_60k50k_IT118_125_2micro_HCD30__CV20_0_from40min_20210808032313.mzML
PXD029792	20210916_CaCo_MinMan_FAIMS-60-50-40-0_90min_-50_ms2.msalign	17	19	20210916_CaCo_MinMan_FAIMS-60-50-40-0_90min.mzML
PXD029792	20210916_CaCo_MinMan_FAIMS-60-50-40-20-0_120min_-50_ms2.msalign	17	19	20210916_CaCo_MinMan_FAIMS-60-50-40-20-0_120min.mzML
PXD029792	20210916_CaCo_MinMan_FAIMS-60-50-40-20-0_90min_-60_ms2.msalign	17	19	20210916_CaCo_MinMan_FAIMS-60-50-40-20-0_90min.mzML
PXD029792	20210806_CaCo_C18MinMan_1_CID25_2h_3s_FAIMS_-60-50-40-0_CV60_50_60k50k_IT118_125_2micro__CV0_from40min_-60_ms2.msalign	17	19	20210806_CaCo_C18MinMan_1_CID25_2h_3s_FAIMS_-60-50-40-0_CV60_50_60k50k_IT118_125_2micro__CV0_from40min.mzML
PXD029792	20210616_CaCo_C18MinMan_1_CID25_2h_2_FAIMS_-70_-70_ms2.msalign	17	19	20210616_CaCo_C18MinMan_1_CID25_2h_2_FAIMS_-70.mzML
PXD029792	20210616_CaCo_C18MinMan_1_CID25_2h_2_FAIMS_-70_20210715041532_-70_ms2.msalign	17	19	20210616_CaCo_C18MinMan_1_CID25_2h_2_FAIMS_-70_20210715041532.mzML
PXD029792	20210616_CaCo_C18MinMan_1_CID25_2h_2_FAIMS_-70_20210716081345_-70_ms2.msalign	17	19	20210616_CaCo_C18MinMan_1_CID25_2h_2_FAIMS_-70_20210716081345.mzML
PXD029792	20210801_CaCo_C18MinMan_2_CID25_2h_2_FAIMS_-70_-70_ms2.msalign	17	19	20210801_CaCo_C18MinMan_2_CID25_2h_2_FAIMS_-70.mzML
PXD029792	20210806_CaCo_C18MinMan_1_CID25_2h_3s_FAIMS_-60-50-40-20_CV60_50_60k50k_IT118_125_2micro__CV20_from40min_20210810034059_-60_ms2.msalign	17	19	20210806_CaCo_C18MinMan_1_CID25_2h_3s_FAIMS_-60-50-40-20_CV60_50_60k50k_IT118_125_2micro__CV20_from40min_20210810034059.mzML
PXD029792	20210806_CaCo_C18MinMan_1_CID25_2h_3s_FAIMS_-60-50-40-20_CV60_50_60k50k_IT118_125_2micro__CV20_from40min_-60_ms2.msalign	17	19	20210806_CaCo_C18MinMan_1_CID25_2h_3s_FAIMS_-60-50-40-20_CV60_50_60k50k_IT118_125_2micro__CV20_from40min.mzML
PXD029792	20210806_CaCo_C18MinMan_1_CID25_2h_3s_FAIMS_-60-50-40-20_CV60_50_60k50k_IT118_125_2micro__CV20_from40min_20210810010830_-60_ms2.msalign	17	19	20210806_CaCo_C18MinMan_1_CID25_2h_3s_FAIMS_-60-50-40-20_CV60_50_60k50k_IT118_125_2micro__CV20_from40min_20210810010830.mzML
PXD029792	20210616_CaCo_C18MinMan_1_CID25_2h_2_FAIMS_10_20210716003605_10_ms2.msalign	17	19	20210616_CaCo_C18MinMan_1_CID25_2h_2_FAIMS_10_20210716003605.mzML
PXD029792	20210616_CaCo_C18MinMan_1_CID25_2h_2_FAIMS_10_10_ms2.msalign	17	19	20210616_CaCo_C18MinMan_1_CID25_2h_2_FAIMS_10.mzML
PXD029792	20210616_CaCo_C18MinMan_1_CID25_2h_2_FAIMS_-60-20_CV60_60k50k_IT118_125_2micro_20210726093726_-20_ms2.msalign	17	19	20210616_CaCo_C18MinMan_1_CID25_2h_2_FAIMS_-60-20_CV60_60k50k_IT118_125_2micro_20210726093726.mzML
PXD029792	20210910_CaCo2_GELFrEE8_2h_CID25_PeptideMode_FAIMS-50-40-30-20_opt_Fr1_3_-50_ms2.msalign	17	19	20210910_CaCo2_GELFrEE8_2h_CID25_PeptideMode_FAIMS-50-40-30-20_opt_Fr1_3.mzML
PXD029792	20210910_CaCo2_GELFrEE8_2h_CID25_PeptideMode_FAIMS-50-40-30-20_opt_Fr1_2_-50_ms2.msalign	17	19	20210910_CaCo2_GELFrEE8_2h_CID25_PeptideMode_FAIMS-50-40-30-20_opt_Fr1_2.mzML
PXD029792	20210616_CaCo_C18MinMan_1_CID25_2h_2_FAIMS_-60-20_CV60_60k50k_IT118_125_2micro_20210726194736_-20_ms2.msalign	17	19	20210616_CaCo_C18MinMan_1_CID25_2h_2_FAIMS_-60-20_CV60_60k50k_IT118_125_2micro_20210726194736.mzML
PXD029792	20210910_CaCo2_GELFrEE8_2h_CID25_PeptideMode_FAIMS-50-40-30-20_opt_Fr1_1_-50_ms2.msalign	17	19	20210910_CaCo2_GELFrEE8_2h_CID25_PeptideMode_FAIMS-50-40-30-20_opt_Fr1_1.mzML
PXD029792	20210806_CaCo_C18MinMan_1_CID25_2h_3s_FAIMS_-60-50-40-20-0_CV60_50_60k50k_IT118_125_2micro__CV20_0_from40min_6micro_3Scans_20210807093531_-50_ms2.msalign	17	19	20210806_CaCo_C18MinMan_1_CID25_2h_3s_FAIMS_-60-50-40-20-0_CV60_50_60k50k_IT118_125_2micro__CV20_0_from40min_6micro_3Scans_20210807093531.mzML
PXD029792	20210806_CaCo_C18MinMan_1_CID25_2h_3s_FAIMS_-60-50-40-20-0_CV60_50_60k50k_IT118_125_2micro__CV20_0_from40min_6micro_3Scans_-50_ms2.msalign	17	19	20210806_CaCo_C18MinMan_1_CID25_2h_3s_FAIMS_-60-50-40-20-0_CV60_50_60k50k_IT118_125_2micro__CV20_0_from40min_6micro_3Scans.mzML
PXD029792	20210616_CaCo_C18MinMan_1_CID25_2h_2_FAIMS_0_20210715220331_0_ms2.msalign	17	19	20210616_CaCo_C18MinMan_1_CID25_2h_2_FAIMS_0_20210715220331.mzML
PXD029792	20210910_CaCo2_MWCO30_2h_CID25_PeptideMode_FAIMS-50-40-30-20_1_2_-50_ms2.msalign	17	19	20210910_CaCo2_MWCO30_2h_CID25_PeptideMode_FAIMS-50-40-30-20_1_2.mzML
PXD029792	20210616_CaCo_C18MinMan_1_CID25_2h_1_FAIMS_10_10_ms2.msalign	17	19	20210616_CaCo_C18MinMan_1_CID25_2h_1_FAIMS_10.mzML
PXD029792	20210616_CaCo_C18MinMan_1_CID25_2h_2_FAIMS_-60-20_CV60_60k50k_IT118_125_2micro_-20_ms2.msalign	17	19	20210616_CaCo_C18MinMan_1_CID25_2h_2_FAIMS_-60-20_CV60_60k50k_IT118_125_2micro.mzML
PXD029792	20210806_CaCo_C18MinMan_1_CID25_2h_3s_FAIMS_-60-50-40-20-0_CV60_50_60k50k_IT118_125_2micro__CV20_0_from40min_6micro_3Scans_20210807120802_-50_ms2.msalign	17	19	20210806_CaCo_C18MinMan_1_CID25_2h_3s_FAIMS_-60-50-40-20-0_CV60_50_60k50k_IT118_125_2micro__CV20_0_from40min_6micro_3Scans_20210807120802.mzML
PXD029792	20210910_CaCo2_MWCO30_2h_CID25_PeptideMode_FAIMS-50-40-30-20_1_3_-50_ms2.msalign	17	19	20210910_CaCo2_MWCO30_2h_CID25_PeptideMode_FAIMS-50-40-30-20_1_3.mzML
PXD029792	20210616_CaCo_C18MinMan_1_CID25_2h_2_FAIMS_0_20210714231023_0_ms2.msalign	17	19	20210616_CaCo_C18MinMan_1_CID25_2h_2_FAIMS_0_20210714231023.mzML
PXD029792	20210910_CaCo2_MWCO30_2h_CID25_PeptideMode_FAIMS-50-40-30-20_1_1_-50_ms2.msalign	17	19	20210910_CaCo2_MWCO30_2h_CID25_PeptideMode_FAIMS-50-40-30-20_1_1.mzML
PXD029792	20210616_CaCo_C18MinMan_1_CID25_2h_2_FAIMS_0_0_ms2.msalign	17	19	20210616_CaCo_C18MinMan_1_CID25_2h_2_FAIMS_0.mzML
PXD029792	20210916_CaCo_MinMan_FAIMS-60-50-40-20-0_150min_-50_ms2.msalign	17	19	20210916_CaCo_MinMan_FAIMS-60-50-40-20-0_150min.mzML
PXD029792	20210616_CaCo_C18MinMan_1_CID25_2h_2_FAIMS_-60_-60_ms2.msalign	17	19	20210616_CaCo_C18MinMan_1_CID25_2h_2_FAIMS_-60.mzML
PXD029792	20210616_CaCo_C18MinMan_1_CID25_2h_2_FAIMS_-60_20210716054113_-60_ms2.msalign	17	19	20210616_CaCo_C18MinMan_1_CID25_2h_2_FAIMS_-60_20210716054113.mzML
PXD029792	20210616_CaCo_C18MinMan_1_CID25_2h_2_FAIMS_-60_20210715014257_-60_ms2.msalign	17	19	20210616_CaCo_C18MinMan_1_CID25_2h_2_FAIMS_-60_20210715014257.mzML
PXD029792	20210916_CaCo_MinMan_FAIMS-60-50-40-0_120min_-50_ms2.msalign	17	19	20210916_CaCo_MinMan_FAIMS-60-50-40-0_120min.mzML
PXD029792	20210801_CaCo_C18MinMan_2_CID25_2h_2_FAIMS_-60_-60_ms2.msalign	17	19	20210801_CaCo_C18MinMan_2_CID25_2h_2_FAIMS_-60.mzML
PXD029792	20210916_CaCo_MinMan_FAIMS-60-50-40-0_90min_-60_ms2.msalign	17	19	20210916_CaCo_MinMan_FAIMS-60-50-40-0_90min.mzML
PXD029792	20210916_CaCo_MinMan_FAIMS-60-50-40-20-0_120min_-60_ms2.msalign	17	19	20210916_CaCo_MinMan_FAIMS-60-50-40-20-0_120min.mzML
PXD029792	20210916_CaCo_MinMan_FAIMS-50-40-0_90min_-50_ms2.msalign	17	19	20210916_CaCo_MinMan_FAIMS-50-40-0_90min.mzML
PXD029792	20210616_CaCo_C18MinMan_1_CID25_2h_2_FAIMS_-50-30_CV50_60k50k_IT118_125_2micro_-30_ms2.msalign	17	19	20210616_CaCo_C18MinMan_1_CID25_2h_2_FAIMS_-50-30_CV50_60k50k_IT118_125_2micro.mzML
PXD029792	20210616_CaCo_C18MinMan_1_CID25_2h_2_FAIMS_-50-30_CV50_60k50k_IT118_125_2micro_20210727005237_-30_ms2.msalign	17	19	20210616_CaCo_C18MinMan_1_CID25_2h_2_FAIMS_-50-30_CV50_60k50k_IT118_125_2micro_20210727005237.mzML
PXD029792	20210616_CaCo_C18MinMan_1_CID25_2h_2_FAIMS_-50-30_CV50_60k50k_IT118_125_2micro_20210726144231_-30_ms2.msalign	17	19	20210616_CaCo_C18MinMan_1_CID25_2h_2_FAIMS_-50-30_CV50_60k50k_IT118_125_2micro_20210726144231.mzML
PXD029792	20210801_CaCo_C18MinMan_2_CID25_2h_2_FAIMS_0_0_ms2.msalign	17	19	20210801_CaCo_C18MinMan_2_CID25_2h_2_FAIMS_0.mzML
PXD029792	20210916_CaCo_MinMan_FAIMS-60-50-40-20-0_180min_-50_ms2.msalign	17	19	20210916_CaCo_MinMan_FAIMS-60-50-40-20-0_180min.mzML
PXD029792	20210806_CaCo_C18MinMan_1_CID25_2h_3s_FAIMS_-60-50-40-20-0_CV60_50_60k50k_IT118_125_2micro__CV20_0_from40min_-50_ms2.msalign	17	19	20210806_CaCo_C18MinMan_1_CID25_2h_3s_FAIMS_-60-50-40-20-0_CV60_50_60k50k_IT118_125_2micro__CV20_0_from40min.mzML
PXD029792	20210806_CaCo_C18MinMan_1_CID25_2h_3s_FAIMS_-60-50-40-20-0_CV60_50_60k50k_IT118_125_2micro__CV20_0_from40min_20210808133309_-50_ms2.msalign	17	19	20210806_CaCo_C18MinMan_1_CID25_2h_3s_FAIMS_-60-50-40-20-0_CV60_50_60k50k_IT118_125_2micro__CV20_0_from40min_20210808133309.mzML
PXD029792	20210806_CaCo_C18MinMan_1_CID25_2h_3s_FAIMS_-60-50-40-20-0_CV60_50_60k50k_IT118_125_2micro__CV20_0_from40min_20210808110039_-50_ms2.msalign	17	19	20210806_CaCo_C18MinMan_1_CID25_2h_3s_FAIMS_-60-50-40-20-0_CV60_50_60k50k_IT118_125_2micro__CV20_0_from40min_20210808110039.mzML
PXD029792	20210616_CaCo_C18MinMan_1_CID25_2h_2_FAIMS_-60-50-20_CV60_50_60k50k_IT118_125_2micro_20210722175804_-60_ms2.msalign	17	19	20210616_CaCo_C18MinMan_1_CID25_2h_2_FAIMS_-60-50-20_CV60_50_60k50k_IT118_125_2micro_20210722175804.mzML
PXD029792	20210616_CaCo_C18MinMan_1_CID25_2h_2_FAIMS_-60-50-20_CV60_50_60k50k_IT118_125_2micro_-60_ms2.msalign	17	19	20210616_CaCo_C18MinMan_1_CID25_2h_2_FAIMS_-60-50-20_CV60_50_60k50k_IT118_125_2micro.mzML
PXD029792	20210916_CaCo_MinMan_FAIMS-60-50-40-0_150min_-50_ms2.msalign	17	19	20210916_CaCo_MinMan_FAIMS-60-50-40-0_150min.mzML
PXD029792	20210616_CaCo_C18MinMan_1_CID25_2h_2_FAIMS_-60-50-20_CV60_50_60k50k_IT118_125_2micro_20210724103922_-60_ms2.msalign	17	19	20210616_CaCo_C18MinMan_1_CID25_2h_2_FAIMS_-60-50-20_CV60_50_60k50k_IT118_125_2micro_20210724103922.mzML
PXD029792	20210806_CaCo_C18MinMan_1_CID25_2h_3s_FAIMS_-60-50-40-20-0_CV60_50_60k50k_IT118_125_2micro_HCD30__CV20_0_from40min_20210808055542_-50_ms2.msalign	17	19	20210806_CaCo_C18MinMan_1_CID25_2h_3s_FAIMS_-60-50-40-20-0_CV60_50_60k50k_IT118_125_2micro_HCD30__CV20_0_from40min_20210808055542.mzML
PXD029792	20210806_CaCo_C18MinMan_1_CID25_2h_3s_FAIMS_-60-50-40-20-0_CV60_50_60k50k_IT118_125_2micro_HCD30__CV20_0_from40min_-50_ms2.msalign	17	19	20210806_CaCo_C18MinMan_1_CID25_2h_3s_FAIMS_-60-50-40-20-0_CV60_50_60k50k_IT118_125_2micro_HCD30__CV20_0_from40min.mzML
PXD029792	20210916_CaCo_MinMan_FAIMS-60-50-40-20-0_150min_-60_ms2.msalign	17	19	20210916_CaCo_MinMan_FAIMS-60-50-40-20-0_150min.mzML
PXD029792	20210806_CaCo_C18MinMan_1_CID25_2h_3s_FAIMS_-60-50-40-20-0_CV60_50_60k50k_IT118_125_2micro_HCD30__CV20_0_from40min_20210808032313_-50_ms2.msalign	17	19	20210806_CaCo_C18MinMan_1_CID25_2h_3s_FAIMS_-60-50-40-20-0_CV60_50_60k50k_IT118_125_2micro_HCD30__CV20_0_from40min_20210808032313.mzML
PXD029792	20210616_CaCo_C18MinMan_1_CID25_2h_2_FAIMS_-50_20210714071845_-50_ms2.msalign	17	19	20210616_CaCo_C18MinMan_1_CID25_2h_2_FAIMS_-50_20210714071845.mzML
PXD029792	20210616_CaCo_C18MinMan_1_CID25_2h_2_FAIMS_-60-50-40_CV60_50_60k50k_IT118_125_2micro_-60_ms2.msalign	17	19	20210616_CaCo_C18MinMan_1_CID25_2h_2_FAIMS_-60-50-40_CV60_50_60k50k_IT118_125_2micro.mzML
PXD029792	20210616_CaCo_C18MinMan_1_CID25_2h_2_FAIMS_-50_20210715092037_-50_ms2.msalign	17	19	20210616_CaCo_C18MinMan_1_CID25_2h_2_FAIMS_-50_20210715092037.mzML
PXD029792	20210916_CaCo_MinMan_FAIMS-60-50-40-0_120min_-60_ms2.msalign	17	19	20210916_CaCo_MinMan_FAIMS-60-50-40-0_120min.mzML
PXD029792	20210616_CaCo_C18MinMan_1_CID25_2h_2_FAIMS_-50_-50_ms2.msalign	17	19	20210616_CaCo_C18MinMan_1_CID25_2h_2_FAIMS_-50.mzML
PXD029792	20210916_CaCo_MinMan_FAIMS-50-40-0_120min_-50_ms2.msalign	17	19	20210916_CaCo_MinMan_FAIMS-50-40-0_120min.mzML
PXD029792	20210616_CaCo_C18MinMan_1_CID25_2h_2_FAIMS_-60-50-40_CV60_50_60k50k_IT118_125_2micro_20210722072006_-60_ms2.msalign	17	19	20210616_CaCo_C18MinMan_1_CID25_2h_2_FAIMS_-60-50-40_CV60_50_60k50k_IT118_125_2micro_20210722072006.mzML
PXD029792	20210616_CaCo_C18MinMan_1_CID25_2h_2_FAIMS_-60-50-40_CV60_50_60k50k_IT118_125_2micro_20210724030144_-60_ms2.msalign	17	19	20210616_CaCo_C18MinMan_1_CID25_2h_2_FAIMS_-60-50-40_CV60_50_60k50k_IT118_125_2micro_20210724030144.mzML
PXD029792	20210806_CaCo_C18MinMan_1_CID25_2h_3s_FAIMS_-60-50-40-0_CV60_50_60k50k_IT118_125_2micro__CV0_from40min_20210809200334_-50_ms2.msalign	17	19	20210806_CaCo_C18MinMan_1_CID25_2h_3s_FAIMS_-60-50-40-0_CV60_50_60k50k_IT118_125_2micro__CV0_from40min_20210809200334.mzML
PXD029792	20210806_CaCo_C18MinMan_1_CID25_2h_3s_FAIMS_-60-50-40-20_CV60_50_60k50k_IT118_125_2micro__CV20_from40min_20210810034059_-50_ms2.msalign	17	19	20210806_CaCo_C18MinMan_1_CID25_2h_3s_FAIMS_-60-50-40-20_CV60_50_60k50k_IT118_125_2micro__CV20_from40min_20210810034059.mzML
PXD029792	20210801_CaCo_C18MinMan_2_CID25_2h_2_FAIMS_-50_-50_ms2.msalign	17	19	20210801_CaCo_C18MinMan_2_CID25_2h_2_FAIMS_-50.mzML
PXD029792	20210806_CaCo_C18MinMan_1_CID25_2h_3s_FAIMS_-60-50-40-20_CV60_50_60k50k_IT118_125_2micro__CV20_from40min_-50_ms2.msalign	17	19	20210806_CaCo_C18MinMan_1_CID25_2h_3s_FAIMS_-60-50-40-20_CV60_50_60k50k_IT118_125_2micro__CV20_from40min.mzML
PXD029792	20210806_CaCo_C18MinMan_1_CID25_2h_3s_FAIMS_-60-50-40-20_CV60_50_60k50k_IT118_125_2micro__CV20_from40min_20210810010830_-50_ms2.msalign	17	19	20210806_CaCo_C18MinMan_1_CID25_2h_3s_FAIMS_-60-50-40-20_CV60_50_60k50k_IT118_125_2micro__CV20_from40min_20210810010830.mzML
PXD029792	20210806_CaCo_C18MinMan_1_CID25_2h_3s_FAIMS_-60-50-40-0_CV60_50_60k50k_IT118_125_2micro__CV0_from40min_20210809173105_-50_ms2.msalign	17	19	20210806_CaCo_C18MinMan_1_CID25_2h_3s_FAIMS_-60-50-40-0_CV60_50_60k50k_IT118_125_2micro__CV0_from40min_20210809173105.mzML
PXD029792	20210806_CaCo_C18MinMan_1_CID25_2h_3s_FAIMS_-60-50-40-0_CV60_50_60k50k_IT118_125_2micro__CV0_from40min_-50_ms2.msalign	17	19	20210806_CaCo_C18MinMan_1_CID25_2h_3s_FAIMS_-60-50-40-0_CV60_50_60k50k_IT118_125_2micro__CV0_from40min.mzML
PXD029792	20210916_CaCo_MinMan_FAIMS-60-50-40-0_180min_-50_ms2.msalign	17	19	20210916_CaCo_MinMan_FAIMS-60-50-40-0_180min.mzML
PXD029792	20210806_CaCo_C18MinMan_1_CID25_2h_4s_FAIMS_-50-40-0_CV50_60k50k_IT118_125_2micro_CV0_from40min_20210809044820_-50_ms2.msalign	17	19	20210806_CaCo_C18MinMan_1_CID25_2h_4s_FAIMS_-50-40-0_CV50_60k50k_IT118_125_2micro_CV0_from40min_20210809044820.mzML
PXD029792	20210806_CaCo_C18MinMan_1_CID25_2h_4s_FAIMS_-50-40-0_CV50_60k50k_IT118_125_2micro_CV0_from40min_-50_ms2.msalign	17	19	20210806_CaCo_C18MinMan_1_CID25_2h_4s_FAIMS_-50-40-0_CV50_60k50k_IT118_125_2micro_CV0_from40min.mzML
PXD029792	20210806_CaCo_C18MinMan_1_CID25_2h_4s_FAIMS_-50-40-0_CV50_60k50k_IT118_125_2micro_CV0_from40min_20210809021547_-50_ms2.msalign	17	19	20210806_CaCo_C18MinMan_1_CID25_2h_4s_FAIMS_-50-40-0_CV50_60k50k_IT118_125_2micro_CV0_from40min_20210809021547.mzML
PXD029792	20210916_CaCo_MinMan_FAIMS-60-50-40-20-0_180min_-60_ms2.msalign	17	19	20210916_CaCo_MinMan_FAIMS-60-50-40-20-0_180min.mzML
PXD029792	20210806_CaCo_C18MinMan_1_CID25_2h_3s_FAIMS_-60-50-40-20-0_CV60_50_60k50k_IT118_125_1micro__CV20_0_from40min_20210808183817_-60_ms2.msalign	17	19	20210806_CaCo_C18MinMan_1_CID25_2h_3s_FAIMS_-60-50-40-20-0_CV60_50_60k50k_IT118_125_1micro__CV20_0_from40min_20210808183817.mzML
PXD029792	20210806_CaCo_C18MinMan_1_CID25_2h_3s_FAIMS_-60-50-40-20-0_CV60_50_60k50k_IT118_125_1micro__CV20_0_from40min_-60_ms2.msalign	17	19	20210806_CaCo_C18MinMan_1_CID25_2h_3s_FAIMS_-60-50-40-20-0_CV60_50_60k50k_IT118_125_1micro__CV20_0_from40min.mzML
PXD029792	20210806_CaCo_C18MinMan_1_CID25_2h_3s_FAIMS_-60-50-40-20-0_CV60_50_60k50k_IT118_125_1micro__CV20_0_from40min_20210808211046_-60_ms2.msalign	17	19	20210806_CaCo_C18MinMan_1_CID25_2h_3s_FAIMS_-60-50-40-20-0_CV60_50_60k50k_IT118_125_1micro__CV20_0_from40min_20210808211046.mzML
PXD029792	20210616_CaCo_C18MinMan_1_CID25_2h_2_FAIMS_-10_20210715193056_-30_ms2.msalign	17	19	20210616_CaCo_C18MinMan_1_CID25_2h_2_FAIMS_-10_20210715193056.mzML
PXD029792	20210616_CaCo_C18MinMan_1_CID25_2h_2_FAIMS_-20_20210715165824_-30_ms2.msalign	17	19	20210616_CaCo_C18MinMan_1_CID25_2h_2_FAIMS_-20_20210715165824.mzML
PXD029792	20210616_CaCo_C18MinMan_1_CID25_2h_2_FAIMS_-30_20210715142551_-30_ms2.msalign	17	19	20210616_CaCo_C18MinMan_1_CID25_2h_2_FAIMS_-30_20210715142551.mzML
PXD029792	20210616_CaCo_C18MinMan_1_CID25_2h_2_FAIMS_-10_-30_ms2.msalign	17	19	20210616_CaCo_C18MinMan_1_CID25_2h_2_FAIMS_-10.mzML
PXD029792	20210616_CaCo_C18MinMan_1_CID25_2h_2_FAIMS_-30_20210714122350_-30_ms2.msalign	17	19	20210616_CaCo_C18MinMan_1_CID25_2h_2_FAIMS_-30_20210714122350.mzML
PXD029792	20210616_CaCo_C18MinMan_1_CID25_2h_2_FAIMS_-30_-30_ms2.msalign	17	19	20210616_CaCo_C18MinMan_1_CID25_2h_2_FAIMS_-30.mzML
PXD029792	20210616_CaCo_C18MinMan_1_CID25_2h_2_FAIMS_-10_20210714203748_-30_ms2.msalign	17	19	20210616_CaCo_C18MinMan_1_CID25_2h_2_FAIMS_-10_20210714203748.mzML
PXD029792	20210910_CaCo2_GELFrEE8_2h_CID25_PeptideMode_Fr1_3_ms2.msalign	17	19	20210910_CaCo2_GELFrEE8_2h_CID25_PeptideMode_Fr1_3.mzML
PXD029792	20210910_CaCo2_GELFrEE8_2h_CID25_PeptideMode_Fr1_2_ms2.msalign	17	19	20210910_CaCo2_GELFrEE8_2h_CID25_PeptideMode_Fr1_2.mzML
PXD029792	20210616_CaCo_C18MinMan_1_CID25_2h_2_FAIMS_-20_20210714180507_-30_ms2.msalign	17	19	20210616_CaCo_C18MinMan_1_CID25_2h_2_FAIMS_-20_20210714180507.mzML
PXD029792	20210910_CaCo2_GELFrEE8_2h_CID25_PeptideMode_Fr1_1_ms2.msalign	17	19	20210910_CaCo2_GELFrEE8_2h_CID25_PeptideMode_Fr1_1.mzML
PXD029792	20210916_CaCo_MinMan_FAIMS-60-50-40-0_150min_-60_ms2.msalign	17	19	20210916_CaCo_MinMan_FAIMS-60-50-40-0_150min.mzML
PXD029792	20210616_CaCo_C18MinMan_1_CID25_2h_2_FAIMS_-40_20210715115320_-40_ms2.msalign	17	19	20210616_CaCo_C18MinMan_1_CID25_2h_2_FAIMS_-40_20210715115320.mzML
PXD029792	20210916_CaCo_MinMan_FAIMS-50-40-0_150min_-50_ms2.msalign	17	19	20210916_CaCo_MinMan_FAIMS-50-40-0_150min.mzML
PXD029792	20210616_CaCo_C18MinMan_1_CID25_2h_2_FAIMS_-40_20210714095120_-40_ms2.msalign	17	19	20210616_CaCo_C18MinMan_1_CID25_2h_2_FAIMS_-40_20210714095120.mzML
PXD029792	20210616_CaCo_C18MinMan_1_CID25_2h_2_FAIMS_-40_-40_ms2.msalign	17	19	20210616_CaCo_C18MinMan_1_CID25_2h_2_FAIMS_-40.mzML
PXD029792	20210910_CaCo2_MWCO30_2h_CID25_PeptideMode_1_2_ms2.msalign	17	19	20210910_CaCo2_MWCO30_2h_CID25_PeptideMode_1_2.mzML
PXD029792	20210910_CaCo2_MWCO30_2h_CID25_PeptideMode_1_3_ms2.msalign	17	19	20210910_CaCo2_MWCO30_2h_CID25_PeptideMode_1_3.mzML
PXD029792	20210616_CaCo_C18MinMan_1_CID25_2h_2_FAIMS_-60-50-20_CV60_50_60k50k_IT118_125_2micro_-50_ms2.msalign	17	19	20210616_CaCo_C18MinMan_1_CID25_2h_2_FAIMS_-60-50-20_CV60_50_60k50k_IT118_125_2micro.mzML
PXD029792	20210910_CaCo2_MWCO30_2h_CID25_PeptideMode_1_1_ms2.msalign	17	19	20210910_CaCo2_MWCO30_2h_CID25_PeptideMode_1_1.mzML
PXD029792	20210801_CaCo_C18MinMan_2_CID25_2h_2_FAIMS_-40_-40_ms2.msalign	17	19	20210801_CaCo_C18MinMan_2_CID25_2h_2_FAIMS_-40.mzML
PXD029792	20210616_CaCo_C18MinMan_1_CID25_2h_2_FAIMS_-60-50-40_CV60_50_60k50k_IT118_125_2micro_-50_ms2.msalign	17	19	20210616_CaCo_C18MinMan_1_CID25_2h_2_FAIMS_-60-50-40_CV60_50_60k50k_IT118_125_2micro.mzML
PXD029792	20210716_CaCo_C18MinMan_CID25_2h_1_noFAIMS_ms2.msalign	17	19	20210716_CaCo_C18MinMan_CID25_2h_1_noFAIMS.mzML
PXD029792	20210801_CaCo_C18MinMan_2_CID25_2h_2_FAIMS_-20_-30_ms2.msalign	17	19	20210801_CaCo_C18MinMan_2_CID25_2h_2_FAIMS_-20.mzML
PXD029792	20210616_CaCo_C18MinMan_1_CID25_2h_2_FAIMS_-60-50-20_CV60_50_60k50k_IT118_125_2micro_20210722175804_-50_ms2.msalign	17	19	20210616_CaCo_C18MinMan_1_CID25_2h_2_FAIMS_-60-50-20_CV60_50_60k50k_IT118_125_2micro_20210722175804.mzML
PXD029792	20210716_CaCo_C18MinMan_CID25_2h_2_noFAIMS_ms2.msalign	17	19	20210716_CaCo_C18MinMan_CID25_2h_2_noFAIMS.mzML
PXD029792	20210801_CaCo_C18MinMan_2_CID25_2h_2_FAIMS_-10_-30_ms2.msalign	17	19	20210801_CaCo_C18MinMan_2_CID25_2h_2_FAIMS_-10.mzML
PXD029792	20210801_CaCo_C18MinMan_2_CID25_2h_2_FAIMS_-30_-30_ms2.msalign	17	19	20210801_CaCo_C18MinMan_2_CID25_2h_2_FAIMS_-30.mzML
PXD029792	20210716_CaCo_C18MinMan_CID25_2h_3_noFAIMS_ms2.msalign	17	19	20210716_CaCo_C18MinMan_CID25_2h_3_noFAIMS.mzML
PXD029792	20210616_CaCo_C18MinMan_1_CID25_2h_2_FAIMS_-60-50-40_CV60_50_60k50k_IT118_125_2micro_20210722072006_-50_ms2.msalign	17	19	20210616_CaCo_C18MinMan_1_CID25_2h_2_FAIMS_-60-50-40_CV60_50_60k50k_IT118_125_2micro_20210722072006.mzML
PXD029792	20210616_CaCo_C18MinMan_1_CID25_2h_2_FAIMS_-60-50-20_CV60_50_60k50k_IT118_125_2micro_20210724103922_-50_ms2.msalign	17	19	20210616_CaCo_C18MinMan_1_CID25_2h_2_FAIMS_-60-50-20_CV60_50_60k50k_IT118_125_2micro_20210724103922.mzML
PXD029792	20210616_CaCo_C18MinMan_1_CID25_2h_2_FAIMS_-60-20_CV60_60k50k_IT118_125_2micro_20210726093726_-60_ms2.msalign	17	19	20210616_CaCo_C18MinMan_1_CID25_2h_2_FAIMS_-60-20_CV60_60k50k_IT118_125_2micro_20210726093726.mzML
PXD029792	20210616_CaCo_C18MinMan_1_CID25_2h_2_FAIMS_-60-20_CV60_60k50k_IT118_125_2micro_20210726194736_-60_ms2.msalign	17	19	20210616_CaCo_C18MinMan_1_CID25_2h_2_FAIMS_-60-20_CV60_60k50k_IT118_125_2micro_20210726194736.mzML
PXD029792	20210616_CaCo_C18MinMan_1_CID25_2h_2_FAIMS_-60-20_CV60_60k50k_IT118_125_2micro_-60_ms2.msalign	17	19	20210616_CaCo_C18MinMan_1_CID25_2h_2_FAIMS_-60-20_CV60_60k50k_IT118_125_2micro.mzML
PXD029792	20210616_CaCo_C18MinMan_1_CID25_2h_2_FAIMS_-60-50-40_CV60_50_60k50k_IT118_125_2micro_20210724030144_-50_ms2.msalign	17	19	20210616_CaCo_C18MinMan_1_CID25_2h_2_FAIMS_-60-50-40_CV60_50_60k50k_IT118_125_2micro_20210724030144.mzML
PXD029792	20210916_CaCo_MinMan_FAIMS-50-40-0_180min_-50_ms2.msalign	17	19	20210916_CaCo_MinMan_FAIMS-50-40-0_180min.mzML
PXD029792	20210916_CaCo_MinMan_FAIMS-60-50-40-0_180min_-60_ms2.msalign	17	19	20210916_CaCo_MinMan_FAIMS-60-50-40-0_180min.mzML
PXD029792	20210616_CaCo_C18MinMan_1_CID25_2h_2_FAIMS_-50-30_CV50_60k50k_IT118_125_2micro_-50_ms2.msalign	17	19	20210616_CaCo_C18MinMan_1_CID25_2h_2_FAIMS_-50-30_CV50_60k50k_IT118_125_2micro.mzML
PXD029792	20210616_CaCo_C18MinMan_1_CID25_2h_2_FAIMS_-50-30_CV50_60k50k_IT118_125_2micro_20210727005237_-50_ms2.msalign	17	19	20210616_CaCo_C18MinMan_1_CID25_2h_2_FAIMS_-50-30_CV50_60k50k_IT118_125_2micro_20210727005237.mzML
PXD029792	20210616_CaCo_C18MinMan_1_CID25_2h_2_FAIMS_-50-30_CV50_60k50k_IT118_125_2micro_20210726144231_-50_ms2.msalign	17	19	20210616_CaCo_C18MinMan_1_CID25_2h_2_FAIMS_-50-30_CV50_60k50k_IT118_125_2micro_20210726144231.mzML
PXD029792	20210801_CaCo_C18MinMan_1_CID25_2h_2_FAIMS_-80_-80_ms2.msalign	17	19	20210801_CaCo_C18MinMan_1_CID25_2h_2_FAIMS_-80.mzML
PXD029792	20210616_CaCo_C18MinMan_1_CID25_2h_2_FAIMS_-80_-80_ms2.msalign	17	19	20210616_CaCo_C18MinMan_1_CID25_2h_2_FAIMS_-80.mzML
PXD029792	20210616_CaCo_C18MinMan_1_CID25_2h_2_FAIMS_-80_20210715064805_-80_ms2.msalign	17	19	20210616_CaCo_C18MinMan_1_CID25_2h_2_FAIMS_-80_20210715064805.mzML
PXD029792	20210616_CaCo_C18MinMan_1_CID25_2h_2_FAIMS_-80_20210716104622_-80_ms2.msalign	17	19	20210616_CaCo_C18MinMan_1_CID25_2h_2_FAIMS_-80_20210716104622.mzML
PXD029792	20210616_CaCo_C18MinMan_1_CID25_2h_2_FAIMS_-60-50_CV60_50_60k50k_IT118_125_2micro_-60_ms2.msalign	17	19	20210616_CaCo_C18MinMan_1_CID25_2h_2_FAIMS_-60-50_CV60_50_60k50k_IT118_125_2micro.mzML
PXD029792	20210616_CaCo_C18MinMan_1_CID25_2h_2_FAIMS_-60-50_CV60_50_60k50k_IT118_125_2micro_20210726070454_-60_ms2.msalign	17	19	20210616_CaCo_C18MinMan_1_CID25_2h_2_FAIMS_-60-50_CV60_50_60k50k_IT118_125_2micro_20210726070454.mzML
PXD029792	20210616_CaCo_C18MinMan_1_CID25_2h_2_FAIMS_-60-50_CV60_50_60k50k_IT118_125_2micro_20210726171503_-60_ms2.msalign	17	19	20210616_CaCo_C18MinMan_1_CID25_2h_2_FAIMS_-60-50_CV60_50_60k50k_IT118_125_2micro_20210726171503.mzML
PXD029792	20210806_CaCo_C18MinMan_1_CID25_2h_3s_FAIMS_-60-50-40-20-0_CV60_50_60k50k_IT118_125_1micro__CV20_0_from40min_20210808183817_-50_ms2.msalign	17	19	20210806_CaCo_C18MinMan_1_CID25_2h_3s_FAIMS_-60-50-40-20-0_CV60_50_60k50k_IT118_125_1micro__CV20_0_from40min_20210808183817.mzML
PXD029792	20210806_CaCo_C18MinMan_1_CID25_2h_3s_FAIMS_-60-50-40-20-0_CV60_50_60k50k_IT118_125_1micro__CV20_0_from40min_-50_ms2.msalign	17	19	20210806_CaCo_C18MinMan_1_CID25_2h_3s_FAIMS_-60-50-40-20-0_CV60_50_60k50k_IT118_125_1micro__CV20_0_from40min.mzML
PXD029792	20210806_CaCo_C18MinMan_1_CID25_2h_3s_FAIMS_-60-50-40-20-0_CV60_50_60k50k_IT118_125_1micro__CV20_0_from40min_20210808211046_-50_ms2.msalign	17	19	20210806_CaCo_C18MinMan_1_CID25_2h_3s_FAIMS_-60-50-40-20-0_CV60_50_60k50k_IT118_125_1micro__CV20_0_from40min_20210808211046.mzML
PXD029792	20210616_CaCo_C18MinMan_1_CID25_2h_2_FAIMS_-60-50_CV60_50_60k50k_IT118_125_2micro_-50_ms2.msalign	17	19	20210616_CaCo_C18MinMan_1_CID25_2h_2_FAIMS_-60-50_CV60_50_60k50k_IT118_125_2micro.mzML
PXD029792	20210616_CaCo_C18MinMan_1_CID25_2h_2_FAIMS_-60-50_CV60_50_60k50k_IT118_125_2micro_20210726070454_-50_ms2.msalign	17	19	20210616_CaCo_C18MinMan_1_CID25_2h_2_FAIMS_-60-50_CV60_50_60k50k_IT118_125_2micro_20210726070454.mzML
PXD029792	20210616_CaCo_C18MinMan_1_CID25_2h_2_FAIMS_-60-50_CV60_50_60k50k_IT118_125_2micro_20210726171503_-50_ms2.msalign	17	19	20210616_CaCo_C18MinMan_1_CID25_2h_2_FAIMS_-60-50_CV60_50_60k50k_IT118_125_2micro_20210726171503.mzML
PXD029703	SW480_01_03_ms2.msalign	9	20	SW480_01_03.mzML
PXD029703	SW480_06_02_ms2.msalign	9	20	SW480_06_02.mzML
PXD029703	SW480_06_01_ms2.msalign	9	20	SW480_06_01.mzML
PXD029703	SW480_06_03_ms2.msalign	9	20	SW480_06_03.mzML
PXD029703	SW480_01_02_ms2.msalign	9	20	SW480_01_02.mzML
PXD029703	SW480_01_01_ms2.msalign	9	20	SW480_01_01.mzML
PXD029703	SW480_05_01_ms2.msalign	9	20	SW480_05_01.mzML
PXD029703	SW480_05_03_ms2.msalign	9	20	SW480_05_03.mzML
PXD029703	SW480_05_02_ms2.msalign	9	20	SW480_05_02.mzML
PXD029703	SW480_02_03_ms2.msalign	9	20	SW480_02_03.mzML
PXD029703	SW480_02_02_ms2.msalign	9	20	SW480_02_02.mzML
PXD029703	SW480_02_01_ms2.msalign	9	20	SW480_02_01.mzML
PXD029703	SW480_03_03_ms2.msalign	9	20	SW480_03_03.mzML
PXD029703	SW480_03_02_ms2.msalign	9	20	SW480_03_02.mzML
PXD029703	SW480_03_01_ms2.msalign	9	20	SW480_03_01.mzML
PXD029703	SW480_04_03_ms2.msalign	9	20	SW480_04_03.mzML
PXD029703	SW480_04_01_ms2.msalign	9	20	SW480_04_01.mzML
PXD029703	SW480_04_02_ms2.msalign	9	20	SW480_04_02.mzML
PXD029703	480_F2_03_ms2.msalign	9	20	480_F2_03.mzML
PXD029703	480_F2_02_ms2.msalign	9	20	480_F2_02.mzML
PXD029703	480_F2_01_ms2.msalign	9	20	480_F2_01.mzML
PXD029703	480_F1_01_ms2.msalign	9	20	480_F1_01.mzML
PXD029703	480_F1_02_ms2.msalign	9	20	480_F1_02.mzML
PXD029703	480_F1_03_ms2.msalign	9	20	480_F1_03.mzML
PXD029703	480_F6_01_ms2.msalign	9	20	480_F6_01.mzML
PXD029703	480_F5_02_ms2.msalign	9	20	480_F5_02.mzML
PXD029703	480_F6_02_ms2.msalign	9	20	480_F6_02.mzML
PXD029703	480_F6_03_ms2.msalign	9	20	480_F6_03.mzML
PXD029703	480_F5_01_ms2.msalign	9	20	480_F5_01.mzML
PXD029703	480_F5_03_ms2.msalign	9	20	480_F5_03.mzML
PXD029703	480_F4_03_ms2.msalign	9	20	480_F4_03.mzML
PXD029703	480_F3_03_ms2.msalign	9	20	480_F3_03.mzML
PXD029703	480_F3_01_ms2.msalign	9	20	480_F3_01.mzML
PXD029703	480_F3_02_ms2.msalign	9	20	480_F3_02.mzML
PXD029703	480_F4_01_ms2.msalign	9	20	480_F4_01.mzML
PXD029703	480_F4_02_ms2.msalign	9	20	480_F4_02.mzML
PXD029703	SW480_5_choose_ms2.msalign	9	20	SW480_5_choose.mzML
PXD029703	SW480_0_choose_ms2.msalign	9	20	SW480_0_choose.mzML
PXD029703	SW480_6_choose_ms2.msalign	9	20	SW480_6_choose.mzML
PXD029703	SW480_11_choose_ms2.msalign	9	20	SW480_11_choose.mzML
PXD029703	SW480_7_choose_ms2.msalign	9	20	SW480_7_choose.mzML
PXD029703	SW480_4_choose_ms2.msalign	9	20	SW480_4_choose.mzML
PXD029703	SW480_2_choose_ms2.msalign	9	20	SW480_2_choose.mzML
PXD029703	SW480_8_choose_ms2.msalign	9	20	SW480_8_choose.mzML
PXD029703	SW480_3_choose_ms2.msalign	9	20	SW480_3_choose.mzML
PXD029703	SW480_1_choose_ms2.msalign	9	20	SW480_1_choose.mzML
PXD029703	SW480_9_choose_ms2.msalign	9	20	SW480_9_choose.mzML
PXD029703	SW480_10_choose_ms2.msalign	9	20	SW480_10_choose.mzML
PXD029703	SW480_12_choose_ms2.msalign	9	20	SW480_12_choose.mzML
PXD029703	CRC_SW480_SEC4_RPLC1_ms2.msalign	9	20	CRC_SW480_SEC4_RPLC1.mzML
PXD029703	CRC_SW480_SEC4_RPLC1_3_ms2.msalign	9	20	CRC_SW480_SEC4_RPLC1_3.mzML
PXD029703	CRC_SW480_SEC4_RPLC1_2_ms2.msalign	9	20	CRC_SW480_SEC4_RPLC1_2.mzML
PXD029703	CRC_SW480_SEC3_RPLC2_ms2.msalign	9	20	CRC_SW480_SEC3_RPLC2.mzML
PXD029703	CRC_SW480_SEC3_RPLC2_2_ms2.msalign	9	20	CRC_SW480_SEC3_RPLC2_2.mzML
PXD029703	CRC_SW480_SEC3_RPLC2_3_ms2.msalign	9	20	CRC_SW480_SEC3_RPLC2_3.mzML
PXD029703	CRC_SW480_SEC3_RPLC3_ms2.msalign	9	20	CRC_SW480_SEC3_RPLC3.mzML
PXD029703	CRC_SW480_SEC3_RPLC3_2_ms2.msalign	9	20	CRC_SW480_SEC3_RPLC3_2.mzML
PXD029703	CRC_SW480_SEC1_RPLC3_3_ms2.msalign	9	20	CRC_SW480_SEC1_RPLC3_3.mzML
PXD029703	CRC_SW480_SEC3_RPLC3_3_ms2.msalign	9	20	CRC_SW480_SEC3_RPLC3_3.mzML
PXD029703	CRC_SW480_SEC4_RPLC3_ms2.msalign	9	20	CRC_SW480_SEC4_RPLC3.mzML
PXD029703	CRC_SW480_SEC3_RPLC10_2_ms2.msalign	9	20	CRC_SW480_SEC3_RPLC10_2.mzML
PXD029703	CRC_SW480_SEC4_RPLC3_3_ms2.msalign	9	20	CRC_SW480_SEC4_RPLC3_3.mzML
PXD029703	CRC_SW480_SEC4_RPLC5_ms2.msalign	9	20	CRC_SW480_SEC4_RPLC5.mzML
PXD029703	CRC_SW480_SEC4_RPLC5_2_ms2.msalign	9	20	CRC_SW480_SEC4_RPLC5_2.mzML
PXD029703	CRC_SW480_SEC3_RPLC10_ms2.msalign	9	20	CRC_SW480_SEC3_RPLC10.mzML
PXD029703	CRC_SW480_SEC2_RPLC18_2_ms2.msalign	9	20	CRC_SW480_SEC2_RPLC18_2.mzML
PXD029703	CRC_SW480_SEC4_RPLC3_2_ms2.msalign	9	20	CRC_SW480_SEC4_RPLC3_2.mzML
PXD029703	CRC_SW480_SEC4_RPLC5_3_ms2.msalign	9	20	CRC_SW480_SEC4_RPLC5_3.mzML
PXD029703	CRC_SW480_SEC1_RPLC3_2_ms2.msalign	9	20	CRC_SW480_SEC1_RPLC3_2.mzML
PXD029703	CRC_SW480_SEC3_RPLC10_3_ms2.msalign	9	20	CRC_SW480_SEC3_RPLC10_3.mzML
PXD029703	CRC_SW480_SEC1_RPLC3_ms2.msalign	9	20	CRC_SW480_SEC1_RPLC3.mzML
PXD029703	CRC_SW480_SEC4_RPLC4_2_ms2.msalign	9	20	CRC_SW480_SEC4_RPLC4_2.mzML
PXD029703	CRC_SW480_SEC4_RPLC4_3_ms2.msalign	9	20	CRC_SW480_SEC4_RPLC4_3.mzML
PXD029703	CRC_SW480_SEC4_RPLC8_3_ms2.msalign	9	20	CRC_SW480_SEC4_RPLC8_3.mzML
PXD029703	CRC_SW480_SEC2_RPLC18_3_ms2.msalign	9	20	CRC_SW480_SEC2_RPLC18_3.mzML
PXD029703	CRC_SW480_SEC2_RPLC18_4_ms2.msalign	9	20	CRC_SW480_SEC2_RPLC18_4.mzML
PXD029703	CRC_SW480_SEC4_RPLC2_2_ms2.msalign	9	20	CRC_SW480_SEC4_RPLC2_2.mzML
PXD029703	CRC_SW480_SEC4_RPLC8_2_ms2.msalign	9	20	CRC_SW480_SEC4_RPLC8_2.mzML
PXD029703	CRC_SW480_SEC4_RPLC8_ms2.msalign	9	20	CRC_SW480_SEC4_RPLC8.mzML
PXD029703	CRC_SW480_SEC1_RPLC12_ms2.msalign	9	20	CRC_SW480_SEC1_RPLC12.mzML
PXD029703	CRC_SW480_SEC1_RPLC7_ms2.msalign	9	20	CRC_SW480_SEC1_RPLC7.mzML
PXD029703	CRC_SW480_SEC2_RPLC13_2_ms2.msalign	9	20	CRC_SW480_SEC2_RPLC13_2.mzML
PXD029703	CRC_SW480_SEC1_RPLC7_2_ms2.msalign	9	20	CRC_SW480_SEC1_RPLC7_2.mzML
PXD029703	CRC_SW480_SEC4_RPLC4_ms2.msalign	9	20	CRC_SW480_SEC4_RPLC4.mzML
PXD029703	CRC_SW480_SEC4_RPLC2_3_ms2.msalign	9	20	CRC_SW480_SEC4_RPLC2_3.mzML
PXD029703	CRC_SW480_SEC1_RPLC12_2_ms2.msalign	9	20	CRC_SW480_SEC1_RPLC12_2.mzML
PXD029703	CRC_SW480_SEC1_RPLC9_2_ms2.msalign	9	20	CRC_SW480_SEC1_RPLC9_2.mzML
PXD029703	CRC_SW480_SEC1_RPLC9_3_ms2.msalign	9	20	CRC_SW480_SEC1_RPLC9_3.mzML
PXD029703	CRC_SW480_SEC4_RPLC7_2_ms2.msalign	9	20	CRC_SW480_SEC4_RPLC7_2.mzML
PXD029703	CRC_SW480_SEC1_RPLC9_ms2.msalign	9	20	CRC_SW480_SEC1_RPLC9.mzML
PXD029703	CRC_SW480_SEC1_RPLC12_3_ms2.msalign	9	20	CRC_SW480_SEC1_RPLC12_3.mzML
PXD029703	CRC_SW480_SEC4_RPLC7_3_ms2.msalign	9	20	CRC_SW480_SEC4_RPLC7_3.mzML
PXD029703	CRC_SW480_SEC1_RPLC8_ms2.msalign	9	20	CRC_SW480_SEC1_RPLC8.mzML
PXD029703	CRC_SW480_SEC1_RPLC13_ms2.msalign	9	20	CRC_SW480_SEC1_RPLC13.mzML
PXD029703	CRC_SW480_SEC4_RPLC2_ms2.msalign	9	20	CRC_SW480_SEC4_RPLC2.mzML
PXD029703	CRC_SW480_SEC1_RPLC13_3_ms2.msalign	9	20	CRC_SW480_SEC1_RPLC13_3.mzML
PXD029703	CRC_SW480_SEC3_RPLC8_3_ms2.msalign	9	20	CRC_SW480_SEC3_RPLC8_3.mzML
PXD029703	CRC_SW480_SEC2_RPLC13_3_ms2.msalign	9	20	CRC_SW480_SEC2_RPLC13_3.mzML
PXD029703	CRC_SW480_SEC1_RPLC7_3_ms2.msalign	9	20	CRC_SW480_SEC1_RPLC7_3.mzML
PXD029703	CRC_SW480_SEC2_RPLC13_ms2.msalign	9	20	CRC_SW480_SEC2_RPLC13.mzML
PXD029703	CRC_SW480_SEC1_RPLC13_2_ms2.msalign	9	20	CRC_SW480_SEC1_RPLC13_2.mzML
PXD029703	CRC_SW480_SEC1_RPLC8_2_ms2.msalign	9	20	CRC_SW480_SEC1_RPLC8_2.mzML
PXD029703	CRC_SW480_SEC1_RPLC6_3_ms2.msalign	9	20	CRC_SW480_SEC1_RPLC6_3.mzML
PXD029703	CRC_SW480_SEC4_RPLC7_ms2.msalign	9	20	CRC_SW480_SEC4_RPLC7.mzML
PXD029703	CRC_SW480_SEC1_RPLC6_2_ms2.msalign	9	20	CRC_SW480_SEC1_RPLC6_2.mzML
PXD029703	CRC_SW480_SEC3_RPLC8_2_ms2.msalign	9	20	CRC_SW480_SEC3_RPLC8_2.mzML
PXD029703	CRC_SW480_SEC2_RPLC12_2_ms2.msalign	9	20	CRC_SW480_SEC2_RPLC12_2.mzML
PXD029703	CRC_SW480_SEC3_RPLC8_ms2.msalign	9	20	CRC_SW480_SEC3_RPLC8.mzML
PXD029703	CRC_SW480_SEC3_RPLC14_5_ms2.msalign	9	20	CRC_SW480_SEC3_RPLC14_5.mzML
PXD029703	CRC_SW480_SEC1_RPLC6_ms2.msalign	9	20	CRC_SW480_SEC1_RPLC6.mzML
PXD029703	CRC_SW480_SEC1_RPLC8_3_ms2.msalign	9	20	CRC_SW480_SEC1_RPLC8_3.mzML
PXD029703	CRC_SW480_SEC1_RPLC16_3_ms2.msalign	9	20	CRC_SW480_SEC1_RPLC16_3.mzML
PXD029703	CRC_SW480_SEC1_RPLC11_2_ms2.msalign	9	20	CRC_SW480_SEC1_RPLC11_2.mzML
PXD029703	CRC_SW480_SEC1_RPLC11_ms2.msalign	9	20	CRC_SW480_SEC1_RPLC11.mzML
PXD029703	CRC_SW480_SEC4_RPLC6_3_ms2.msalign	9	20	CRC_SW480_SEC4_RPLC6_3.mzML
PXD029703	CRC_SW480_SEC1_RPLC11_3_ms2.msalign	9	20	CRC_SW480_SEC1_RPLC11_3.mzML
PXD029703	CRC_SW480_SEC2_RPLC10_2_ms2.msalign	9	20	CRC_SW480_SEC2_RPLC10_2.mzML
PXD029703	CRC_SW480_SEC2_RPLC11_3_ms2.msalign	9	20	CRC_SW480_SEC2_RPLC11_3.mzML
PXD029703	CRC_SW480_SEC2_RPLC16_3_ms2.msalign	9	20	CRC_SW480_SEC2_RPLC16_3.mzML
PXD029703	CRC_SW480_SEC3_RPLC9_2_ms2.msalign	9	20	CRC_SW480_SEC3_RPLC9_2.mzML
PXD029703	CRC_SW480_SEC4_RPLC6_2_ms2.msalign	9	20	CRC_SW480_SEC4_RPLC6_2.mzML
PXD029703	CRC_SW480_SEC3_RPLC9_ms2.msalign	9	20	CRC_SW480_SEC3_RPLC9.mzML
PXD029703	CRC_SW480_SEC2_RPLC16_2_ms2.msalign	9	20	CRC_SW480_SEC2_RPLC16_2.mzML
PXD029703	CRC_SW480_SEC2_RPLC11_ms2.msalign	9	20	CRC_SW480_SEC2_RPLC11.mzML
PXD029703	CRC_SW480_SEC3_RPLC7_3_ms2.msalign	9	20	CRC_SW480_SEC3_RPLC7_3.mzML
PXD029703	CRC_SW480_SEC3_RPLC7_2_ms2.msalign	9	20	CRC_SW480_SEC3_RPLC7_2.mzML
PXD029703	CRC_SW480_SEC1_RPLC14_2_ms2.msalign	9	20	CRC_SW480_SEC1_RPLC14_2.mzML
PXD029703	CRC_SW480_SEC3_RPLC9_3_ms2.msalign	9	20	CRC_SW480_SEC3_RPLC9_3.mzML
PXD029703	CRC_SW480_SEC2_RPLC15_3_ms2.msalign	9	20	CRC_SW480_SEC2_RPLC15_3.mzML
PXD029703	CRC_SW480_SEC3_RPLC7_ms2.msalign	9	20	CRC_SW480_SEC3_RPLC7.mzML
PXD029703	CRC_SW480_SEC4_RPLC6_ms2.msalign	9	20	CRC_SW480_SEC4_RPLC6.mzML
PXD029703	CRC_SW480_SEC2_RPLC7_3_ms2.msalign	9	20	CRC_SW480_SEC2_RPLC7_3.mzML
PXD029703	CRC_SW480_SEC1_RPLC14_ms2.msalign	9	20	CRC_SW480_SEC1_RPLC14.mzML
PXD029703	CRC_SW480_SEC2_RPLC12_ms2.msalign	9	20	CRC_SW480_SEC2_RPLC12.mzML
PXD029703	CRC_SW480_SEC2_RPLC10_ms2.msalign	9	20	CRC_SW480_SEC2_RPLC10.mzML
PXD029703	CRC_SW480_SEC1_RPLC14_3_ms2.msalign	9	20	CRC_SW480_SEC1_RPLC14_3.mzML
PXD029703	CRC_SW480_SEC2_RPLC7_ms2.msalign	9	20	CRC_SW480_SEC2_RPLC7.mzML
PXD029703	CRC_SW480_SEC2_RPLC9_3_ms2.msalign	9	20	CRC_SW480_SEC2_RPLC9_3.mzML
PXD029703	CRC_SW480_SEC2_RPLC7_2_ms2.msalign	9	20	CRC_SW480_SEC2_RPLC7_2.mzML
PXD029703	CRC_SW480_SEC2_RPLC11_2_ms2.msalign	9	20	CRC_SW480_SEC2_RPLC11_2.mzML
PXD029703	CRC_SW480_SEC1_RPLC1_2_ms2.msalign	9	20	CRC_SW480_SEC1_RPLC1_2.mzML
PXD029703	CRC_SW480_SEC1_RPLC2_ms2.msalign	9	20	CRC_SW480_SEC1_RPLC2.mzML
PXD029703	CRC_SW480_SEC2_RPLC16_ms2.msalign	9	20	CRC_SW480_SEC2_RPLC16.mzML
PXD029703	CRC_SW480_SEC2_RPLC10_3_ms2.msalign	9	20	CRC_SW480_SEC2_RPLC10_3.mzML
PXD029703	CRC_SW480_SEC3_RPLC11_3_ms2.msalign	9	20	CRC_SW480_SEC3_RPLC11_3.mzML
PXD029703	CRC_SW480_SEC2_RPLC9_2_ms2.msalign	9	20	CRC_SW480_SEC2_RPLC9_2.mzML
PXD029703	CRC_SW480_SEC3_RPLC16_3_ms2.msalign	9	20	CRC_SW480_SEC3_RPLC16_3.mzML
PXD029703	CRC_SW480_SEC3_RPLC16_4_ms2.msalign	9	20	CRC_SW480_SEC3_RPLC16_4.mzML
PXD029703	CRC_SW480_SEC2_RPLC14_2_ms2.msalign	9	20	CRC_SW480_SEC2_RPLC14_2.mzML
PXD029703	CRC_SW480_SEC1_RPLC16_2_ms2.msalign	9	20	CRC_SW480_SEC1_RPLC16_2.mzML
PXD029703	CRC_SW480_SEC3_RPLC11_ms2.msalign	9	20	CRC_SW480_SEC3_RPLC11.mzML
PXD029703	CRC_SW480_SEC2_RPLC4_ms2.msalign	9	20	CRC_SW480_SEC2_RPLC4.mzML
PXD029703	CRC_SW480_SEC2_RPLC9_ms2.msalign	9	20	CRC_SW480_SEC2_RPLC9.mzML
PXD029703	CRC_SW480_SEC1_RPLC10_ms2.msalign	9	20	CRC_SW480_SEC1_RPLC10.mzML
PXD029703	CRC_SW480_SEC2_RPLC15_2_ms2.msalign	9	20	CRC_SW480_SEC2_RPLC15_2.mzML
PXD029703	CRC_SW480_SEC3_RPLC13_ms2.msalign	9	20	CRC_SW480_SEC3_RPLC13.mzML
PXD029703	CRC_SW480_SEC2_RPLC6_2_ms2.msalign	9	20	CRC_SW480_SEC2_RPLC6_2.mzML
PXD029703	CRC_SW480_SEC1_RPLC10_3_ms2.msalign	9	20	CRC_SW480_SEC1_RPLC10_3.mzML
PXD029703	CRC_SW480_SEC1_RPLC2_3_ms2.msalign	9	20	CRC_SW480_SEC1_RPLC2_3.mzML
PXD029703	CRC_SW480_SEC2_RPLC1_2_ms2.msalign	9	20	CRC_SW480_SEC2_RPLC1_2.mzML
PXD029703	CRC_SW480_SEC1_RPLC10_2_ms2.msalign	9	20	CRC_SW480_SEC1_RPLC10_2.mzML
PXD029703	CRC_SW480_SEC3_RPLC11_2_ms2.msalign	9	20	CRC_SW480_SEC3_RPLC11_2.mzML
PXD029703	CRC_SW480_SEC2_RPLC14_3_ms2.msalign	9	20	CRC_SW480_SEC2_RPLC14_3.mzML
PXD029703	CRC_SW480_SEC2_RPLC12_3_ms2.msalign	9	20	CRC_SW480_SEC2_RPLC12_3.mzML
PXD029703	CRC_SW480_SEC2_RPLC8_ms2.msalign	9	20	CRC_SW480_SEC2_RPLC8.mzML
PXD029703	CRC_SW480_SEC3_RPLC16_ms2.msalign	9	20	CRC_SW480_SEC3_RPLC16.mzML
PXD029703	CRC_SW480_SEC1_RPLC16_ms2.msalign	9	20	CRC_SW480_SEC1_RPLC16.mzML
PXD029703	CRC_SW480_SEC2_RPLC14_ms2.msalign	9	20	CRC_SW480_SEC2_RPLC14.mzML
PXD029703	CRC_SW480_SEC3_RPLC12_4_ms2.msalign	9	20	CRC_SW480_SEC3_RPLC12_4.mzML
PXD029703	CRC_SW480_SEC2_RPLC8_3_ms2.msalign	9	20	CRC_SW480_SEC2_RPLC8_3.mzML
PXD029703	CRC_SW480_SEC2_RPLC15_ms2.msalign	9	20	CRC_SW480_SEC2_RPLC15.mzML
PXD029703	CRC_SW480_SEC3_RPLC6_2_ms2.msalign	9	20	CRC_SW480_SEC3_RPLC6_2.mzML
PXD029703	CRC_SW480_SEC2_RPLC1_3_ms2.msalign	9	20	CRC_SW480_SEC2_RPLC1_3.mzML
PXD029703	CRC_SW480_SEC3_RPLC4_ms2.msalign	9	20	CRC_SW480_SEC3_RPLC4.mzML
PXD029703	CRC_SW480_SEC2_RPLC4_2_ms2.msalign	9	20	CRC_SW480_SEC2_RPLC4_2.mzML
PXD029703	CRC_SW480_SEC2_RPLC2_ms2.msalign	9	20	CRC_SW480_SEC2_RPLC2.mzML
PXD029703	CRC_SW480_SEC3_RPLC13_3_ms2.msalign	9	20	CRC_SW480_SEC3_RPLC13_3.mzML
PXD029703	CRC_SW480_SEC3_RPLC14_4_ms2.msalign	9	20	CRC_SW480_SEC3_RPLC14_4.mzML
PXD029703	CRC_SW480_SEC1_RPLC1_3_ms2.msalign	9	20	CRC_SW480_SEC1_RPLC1_3.mzML
PXD029703	CRC_SW480_SEC1_RPLC1_4_ms2.msalign	9	20	CRC_SW480_SEC1_RPLC1_4.mzML
PXD029703	CRC_SW480_SEC3_RPLC5_3_ms2.msalign	9	20	CRC_SW480_SEC3_RPLC5_3.mzML
PXD029703	CRC_SW480_SEC3_RPLC13_2_ms2.msalign	9	20	CRC_SW480_SEC3_RPLC13_2.mzML
PXD029703	CRC_SW480_SEC2_RPLC6_ms2.msalign	9	20	CRC_SW480_SEC2_RPLC6.mzML
PXD029703	CRC_SW480_SEC3_RPLC6_3_ms2.msalign	9	20	CRC_SW480_SEC3_RPLC6_3.mzML
PXD029703	CRC_SW480_SEC1_RPLC15_2_ms2.msalign	9	20	CRC_SW480_SEC1_RPLC15_2.mzML
PXD029703	CRC_SW480_SEC3_RPLC12_ms2.msalign	9	20	CRC_SW480_SEC3_RPLC12.mzML
PXD029703	CRC_SW480_SEC1_RPLC15_ms2.msalign	9	20	CRC_SW480_SEC1_RPLC15.mzML
PXD029703	CRC_SW480_SEC1_RPLC2_2_ms2.msalign	9	20	CRC_SW480_SEC1_RPLC2_2.mzML
PXD029703	CRC_SW480_SEC3_RPLC6_ms2.msalign	9	20	CRC_SW480_SEC3_RPLC6.mzML
PXD029703	CRC_SW480_SEC2_RPLC6_3_ms2.msalign	9	20	CRC_SW480_SEC2_RPLC6_3.mzML
PXD029703	CRC_SW480_SEC1_RPLC15_3_ms2.msalign	9	20	CRC_SW480_SEC1_RPLC15_3.mzML
PXD029703	CRC_SW480_SEC2_RPLC3_2_ms2.msalign	9	20	CRC_SW480_SEC2_RPLC3_2.mzML
PXD029703	CRC_SW480_SEC3_RPLC15_2_ms2.msalign	9	20	CRC_SW480_SEC3_RPLC15_2.mzML
PXD029703	CRC_SW480_SEC2_RPLC5_ms2.msalign	9	20	CRC_SW480_SEC2_RPLC5.mzML
PXD029703	CRC_SW480_SEC3_RPLC15_3_ms2.msalign	9	20	CRC_SW480_SEC3_RPLC15_3.mzML
PXD029703	CRC_SW480_SEC3_RPLC15_ms2.msalign	9	20	CRC_SW480_SEC3_RPLC15.mzML
PXD029703	CRC_SW480_SEC3_RPLC12_2_ms2.msalign	9	20	CRC_SW480_SEC3_RPLC12_2.mzML
PXD029703	CRC_SW480_SEC2_RPLC8_2_ms2.msalign	9	20	CRC_SW480_SEC2_RPLC8_2.mzML
PXD029703	CRC_SW480_SEC3_RPLC5_2_ms2.msalign	9	20	CRC_SW480_SEC3_RPLC5_2.mzML
PXD029703	CRC_SW480_SEC3_RPLC14_ms2.msalign	9	20	CRC_SW480_SEC3_RPLC14.mzML
PXD029703	CRC_SW480_SEC3_RPLC5_ms2.msalign	9	20	CRC_SW480_SEC3_RPLC5.mzML
PXD029703	CRC_SW480_SEC2_RPLC3_3_ms2.msalign	9	20	CRC_SW480_SEC2_RPLC3_3.mzML
PXD029703	CRC_SW480_SEC2_RPLC5_3_ms2.msalign	9	20	CRC_SW480_SEC2_RPLC5_3.mzML
PXD029703	CRC_SW480_SEC2_RPLC1_ms2.msalign	9	20	CRC_SW480_SEC2_RPLC1.mzML
PXD029703	CRC_SW480_SEC2_RPLC2_2_ms2.msalign	9	20	CRC_SW480_SEC2_RPLC2_2.mzML
PXD029703	CRC_SW480_SEC2_RPLC5_2_ms2.msalign	9	20	CRC_SW480_SEC2_RPLC5_2.mzML
PXD029703	CRC_SW480_SEC2_RPLC4_3_ms2.msalign	9	20	CRC_SW480_SEC2_RPLC4_3.mzML
PXD029703	CRC_SW480_SEC3_RPLC4_2_ms2.msalign	9	20	CRC_SW480_SEC3_RPLC4_2.mzML
PXD029703	CRC_SW480_SEC2_RPLC3_ms2.msalign	9	20	CRC_SW480_SEC2_RPLC3.mzML
PXD029703	CRC_SW480_SEC3_RPLC4_3_ms2.msalign	9	20	CRC_SW480_SEC3_RPLC4_3.mzML
PXD029703	SW620_01_01_ms2.msalign	9	24	SW620_01_01.mzML
PXD029703	SW620_06_01_ms2.msalign	9	24	SW620_06_01.mzML
PXD029703	SW620_02_01_ms2.msalign	9	24	SW620_02_01.mzML
PXD029703	SW620_02_02_ms2.msalign	9	24	SW620_02_02.mzML
PXD029703	SW620_06_04_ms2.msalign	9	24	SW620_06_04.mzML
PXD029703	SW620_02_03_ms2.msalign	9	24	SW620_02_03.mzML
PXD029703	SW620_06_03_ms2.msalign	9	24	SW620_06_03.mzML
PXD029703	SW620_03_05_ms2.msalign	9	24	SW620_03_05.mzML
PXD029703	SW620_01_02_ms2.msalign	9	24	SW620_01_02.mzML
PXD029703	SW620_04_04_ms2.msalign	9	24	SW620_04_04.mzML
PXD029703	SW620_05_03_ms2.msalign	9	24	SW620_05_03.mzML
PXD029703	SW620_05_01_ms2.msalign	9	24	SW620_05_01.mzML
PXD029703	SW620_05_02_ms2.msalign	9	24	SW620_05_02.mzML
PXD029703	SW620_04_01_ms2.msalign	9	24	SW620_04_01.mzML
PXD029703	SW620_04_03_ms2.msalign	9	24	SW620_04_03.mzML
PXD029703	SW620_01_03_ms2.msalign	9	24	SW620_01_03.mzML
PXD029703	SW620_03_08_ms2.msalign	9	24	SW620_03_08.mzML
PXD029703	SW620_03_07_ms2.msalign	9	24	SW620_03_07.mzML
PXD029703	620_F2_01_ms2.msalign	9	24	620_F2_01.mzML
PXD029703	620_F2_02_ms2.msalign	9	24	620_F2_02.mzML
PXD029703	620_F1_01_ms2.msalign	9	24	620_F1_01.mzML
PXD029703	620_F1_02_ms2.msalign	9	24	620_F1_02.mzML
PXD029703	620_F2_03_ms2.msalign	9	24	620_F2_03.mzML
PXD029703	620_F1_03_ms2.msalign	9	24	620_F1_03.mzML
PXD029703	620_F6_02_ms2.msalign	9	24	620_F6_02.mzML
PXD029703	620_F6_03_ms2.msalign	9	24	620_F6_03.mzML
PXD029703	620_F6_01_ms2.msalign	9	24	620_F6_01.mzML
PXD029703	620_F5_01_ms2.msalign	9	24	620_F5_01.mzML
PXD029703	620_F3_03_ms2.msalign	9	24	620_F3_03.mzML
PXD029703	620_F3_02_ms2.msalign	9	24	620_F3_02.mzML
PXD029703	620_F5_02_ms2.msalign	9	24	620_F5_02.mzML
PXD029703	620_F3_01_ms2.msalign	9	24	620_F3_01.mzML
PXD029703	620_F5_03_ms2.msalign	9	24	620_F5_03.mzML
PXD029703	620_F4_01_ms2.msalign	9	24	620_F4_01.mzML
PXD029703	620_F4_02_ms2.msalign	9	24	620_F4_02.mzML
PXD029703	620_F4_03_ms2.msalign	9	24	620_F4_03.mzML
PXD029703	SW620_1_choose_ms2.msalign	9	24	SW620_1_choose.mzML
PXD029703	SW620_12_choose_ms2.msalign	9	24	SW620_12_choose.mzML
PXD029703	SW620_7_choose_ms2.msalign	9	24	SW620_7_choose.mzML
PXD029703	SW620_11_choose_ms2.msalign	9	24	SW620_11_choose.mzML
PXD029703	SW620_6_choose_ms2.msalign	9	24	SW620_6_choose.mzML
PXD029703	SW620_0_choose_ms2.msalign	9	24	SW620_0_choose.mzML
PXD029703	SW620_2_choose_ms2.msalign	9	24	SW620_2_choose.mzML
PXD029703	SW620_8_choose_ms2.msalign	9	24	SW620_8_choose.mzML
PXD029703	SW620_3_choose_ms2.msalign	9	24	SW620_3_choose.mzML
PXD029703	SW620_9_choose_ms2.msalign	9	24	SW620_9_choose.mzML
PXD029703	SW620_5_choose_ms2.msalign	9	24	SW620_5_choose.mzML
PXD029703	SW620_10_choose_ms2.msalign	9	24	SW620_10_choose.mzML
PXD029703	SW620_4_choose_ms2.msalign	9	24	SW620_4_choose.mzML
PXD029703	CRC_SW620_SEC3_RPLC13_3_ms2.msalign	9	24	CRC_SW620_SEC3_RPLC13_3.mzML
PXD029703	CRC_SW620_SEC3_RPLC11_3_ms2.msalign	9	24	CRC_SW620_SEC3_RPLC11_3.mzML
PXD029703	CRC_SW620_SEC3_RPLC11_2_ms2.msalign	9	24	CRC_SW620_SEC3_RPLC11_2.mzML
PXD029703	CRC_SW620_SEC1_RPLC13_ms2.msalign	9	24	CRC_SW620_SEC1_RPLC13.mzML
PXD029703	CRC_SW620_SEC1_RPLC14_2_ms2.msalign	9	24	CRC_SW620_SEC1_RPLC14_2.mzML
PXD029703	CRC_SW620_SEC3_RPLC13_2_ms2.msalign	9	24	CRC_SW620_SEC3_RPLC13_2.mzML
PXD029703	CRC_SW620_SEC1_RPLC14_ms2.msalign	9	24	CRC_SW620_SEC1_RPLC14.mzML
PXD029703	CRC_SW620_SEC1_RPLC13_2_ms2.msalign	9	24	CRC_SW620_SEC1_RPLC13_2.mzML
PXD029703	CRC_SW620_SEC3_RPLC10_ms2.msalign	9	24	CRC_SW620_SEC3_RPLC10.mzML
PXD029703	CRC_SW620_SEC1_RPLC14_3_ms2.msalign	9	24	CRC_SW620_SEC1_RPLC14_3.mzML
PXD029703	CRC_SW620_SEC3_RPLC11_ms2.msalign	9	24	CRC_SW620_SEC3_RPLC11.mzML
PXD029703	CRC_SW620_SEC3_RPLC10_3_ms2.msalign	9	24	CRC_SW620_SEC3_RPLC10_3.mzML
PXD029703	CRC_SW620_SEC3_RPLC13_ms2.msalign	9	24	CRC_SW620_SEC3_RPLC13.mzML
PXD029703	CRC_SW620_SEC3_RPLC10_2_ms2.msalign	9	24	CRC_SW620_SEC3_RPLC10_2.mzML
PXD029703	CRC_SW620_SEC2_RPLC15_6_ms2.msalign	9	24	CRC_SW620_SEC2_RPLC15_6.mzML
PXD029703	CRC_SW620_SEC1_RPLC13_3_ms2.msalign	9	24	CRC_SW620_SEC1_RPLC13_3.mzML
PXD029703	CRC_SW620_SEC3_RPLC12_ms2.msalign	9	24	CRC_SW620_SEC3_RPLC12.mzML
PXD029703	CRC_SW620_SEC2_RPLC12_2_ms2.msalign	9	24	CRC_SW620_SEC2_RPLC12_2.mzML
PXD029703	CRC_SW620_SEC3_RPLC12_3_ms2.msalign	9	24	CRC_SW620_SEC3_RPLC12_3.mzML
PXD029703	CRC_SW620_SEC2_RPLC17_ms2.msalign	9	24	CRC_SW620_SEC2_RPLC17.mzML
PXD029703	CRC_SW620_SEC1_RPLC3_3_ms2.msalign	9	24	CRC_SW620_SEC1_RPLC3_3.mzML
PXD029703	CRC_SW620_SEC1_RPLC3_5_ms2.msalign	9	24	CRC_SW620_SEC1_RPLC3_5.mzML
PXD029703	CRC_SW620_SEC3_RPLC12_2_ms2.msalign	9	24	CRC_SW620_SEC3_RPLC12_2.mzML
PXD029703	CRC_SW620_SEC1_RPLC15_ms2.msalign	9	24	CRC_SW620_SEC1_RPLC15.mzML
PXD029703	CRC_SW620_SEC3_RPLC8_3_ms2.msalign	9	24	CRC_SW620_SEC3_RPLC8_3.mzML
PXD029703	CRC_SW620_SEC2_RPLC17_2_ms2.msalign	9	24	CRC_SW620_SEC2_RPLC17_2.mzML
PXD029703	CRC_SW620_SEC2_RPLC15_7_ms2.msalign	9	24	CRC_SW620_SEC2_RPLC15_7.mzML
PXD029703	CRC_SW620_SEC1_RPLC10_2_ms2.msalign	9	24	CRC_SW620_SEC1_RPLC10_2.mzML
PXD029703	CRC_SW620_SEC1_RPLC15_190926201239_ms2.msalign	9	24	CRC_SW620_SEC1_RPLC15_190926201239.mzML
PXD029703	CRC_SW620_SEC1_RPLC3_2_ms2.msalign	9	24	CRC_SW620_SEC1_RPLC3_2.mzML
PXD029703	CRC_SW620_SEC1_RPLC10_4_ms2.msalign	9	24	CRC_SW620_SEC1_RPLC10_4.mzML
PXD029703	CRC_SW620_SEC2_RPLC9_3_ms2.msalign	9	24	CRC_SW620_SEC2_RPLC9_3.mzML
PXD029703	CRC_SW620_SEC2_RPLC18_3_ms2.msalign	9	24	CRC_SW620_SEC2_RPLC18_3.mzML
PXD029703	CRC_SW620_SEC2_RPLC15_5_ms2.msalign	9	24	CRC_SW620_SEC2_RPLC15_5.mzML
PXD029703	CRC_SW620_SEC4_RPLC5_2_ms2.msalign	9	24	CRC_SW620_SEC4_RPLC5_2.mzML
PXD029703	CRC_SW620_SEC4_RPLC4_3_ms2.msalign	9	24	CRC_SW620_SEC4_RPLC4_3.mzML
PXD029703	CRC_SW620_SEC4_RPLC4_6_ms2.msalign	9	24	CRC_SW620_SEC4_RPLC4_6.mzML
PXD029703	CRC_SW620_SEC3_RPLC4_3_ms2.msalign	9	24	CRC_SW620_SEC3_RPLC4_3.mzML
PXD029703	CRC_SW620_SEC3_RPLC8_2_ms2.msalign	9	24	CRC_SW620_SEC3_RPLC8_2.mzML
PXD029703	CRC_SW620_SEC1_RPLC10_3_ms2.msalign	9	24	CRC_SW620_SEC1_RPLC10_3.mzML
PXD029703	CRC_SW620_SEC2_RPLC17_3_ms2.msalign	9	24	CRC_SW620_SEC2_RPLC17_3.mzML
PXD029703	CRC_SW620_SEC2_RPLC14_7_ms2.msalign	9	24	CRC_SW620_SEC2_RPLC14_7.mzML
PXD029703	CRC_SW620_SEC4_RPLC5_3_ms2.msalign	9	24	CRC_SW620_SEC4_RPLC5_3.mzML
PXD029703	CRC_SW620_SEC3_RPLC8_ms2.msalign	9	24	CRC_SW620_SEC3_RPLC8.mzML
PXD029703	CRC_SW620_SEC4_RPLC5_ms2.msalign	9	24	CRC_SW620_SEC4_RPLC5.mzML
PXD029703	CRC_SW620_SEC2_RPLC18_ms2.msalign	9	24	CRC_SW620_SEC2_RPLC18.mzML
PXD029703	CRC_SW620_SEC2_RPLC18_2_ms2.msalign	9	24	CRC_SW620_SEC2_RPLC18_2.mzML
PXD029703	CRC_SW620_SEC2_RPLC7_3_ms2.msalign	9	24	CRC_SW620_SEC2_RPLC7_3.mzML
PXD029703	CRC_SW620_SEC2_RPLC7_5_ms2.msalign	9	24	CRC_SW620_SEC2_RPLC7_5.mzML
PXD029703	CRC_SW620_SEC2_RPLC12_2_190927120204_ms2.msalign	9	24	CRC_SW620_SEC2_RPLC12_2_190927120204.mzML
PXD029703	CRC_SW620_SEC3_RPLC7_ms2.msalign	9	24	CRC_SW620_SEC3_RPLC7.mzML
PXD029703	CRC_SW620_SEC2_RPLC7_2_ms2.msalign	9	24	CRC_SW620_SEC2_RPLC7_2.mzML
PXD029703	CRC_SW620_SEC1_RPLC5_3_ms2.msalign	9	24	CRC_SW620_SEC1_RPLC5_3.mzML
PXD029703	CRC_SW620_SEC1_RPLC5_2_ms2.msalign	9	24	CRC_SW620_SEC1_RPLC5_2.mzML
PXD029703	CRC_SW620_SEC3_RPLC3_3_ms2.msalign	9	24	CRC_SW620_SEC3_RPLC3_3.mzML
PXD029703	CRC_SW620_SEC3_RPLC5_ms2.msalign	9	24	CRC_SW620_SEC3_RPLC5.mzML
PXD029703	CRC_SW620_SEC2_RPLC9_2_ms2.msalign	9	24	CRC_SW620_SEC2_RPLC9_2.mzML
PXD029703	CRC_SW620_SEC3_RPLC5_3_ms2.msalign	9	24	CRC_SW620_SEC3_RPLC5_3.mzML
PXD029703	CRC_SW620_SEC1_RPLC9_2_ms2.msalign	9	24	CRC_SW620_SEC1_RPLC9_2.mzML
PXD029703	CRC_SW620_SEC3_RPLC5_2_ms2.msalign	9	24	CRC_SW620_SEC3_RPLC5_2.mzML
PXD029703	CRC_SW620_SEC1_RPLC9_3_ms2.msalign	9	24	CRC_SW620_SEC1_RPLC9_3.mzML
PXD029703	CRC_SW620_SEC1_RPLC5_ms2.msalign	9	24	CRC_SW620_SEC1_RPLC5.mzML
PXD029703	CRC_SW620_SEC1_RPLC2_3_ms2.msalign	9	24	CRC_SW620_SEC1_RPLC2_3.mzML
PXD029703	CRC_SW620_SEC1_RPLC7_3_ms2.msalign	9	24	CRC_SW620_SEC1_RPLC7_3.mzML
PXD029703	CRC_SW620_SEC1_RPLC7_4_ms2.msalign	9	24	CRC_SW620_SEC1_RPLC7_4.mzML
PXD029703	CRC_SW620_SEC4_RPLC6_ms2.msalign	9	24	CRC_SW620_SEC4_RPLC6.mzML
PXD029703	CRC_SW620_SEC1_RPLC9_ms2.msalign	9	24	CRC_SW620_SEC1_RPLC9.mzML
PXD029703	CRC_SW620_SEC1_RPLC11_ms2.msalign	9	24	CRC_SW620_SEC1_RPLC11.mzML
PXD029703	CRC_SW620_SEC3_RPLC3_ms2.msalign	9	24	CRC_SW620_SEC3_RPLC3.mzML
PXD029703	CRC_SW620_SEC3_RPLC2_ms2.msalign	9	24	CRC_SW620_SEC3_RPLC2.mzML
PXD029703	CRC_SW620_SEC3_RPLC7_3_ms2.msalign	9	24	CRC_SW620_SEC3_RPLC7_3.mzML
PXD029703	CRC_SW620_SEC3_RPLC7_2_ms2.msalign	9	24	CRC_SW620_SEC3_RPLC7_2.mzML
PXD029703	CRC_SW620_SEC2_RPLC14_6_ms2.msalign	9	24	CRC_SW620_SEC2_RPLC14_6.mzML
PXD029703	CRC_SW620_SEC3_RPLC2_2_ms2.msalign	9	24	CRC_SW620_SEC3_RPLC2_2.mzML
PXD029703	CRC_SW620_SEC3_RPLC6_3_ms2.msalign	9	24	CRC_SW620_SEC3_RPLC6_3.mzML
PXD029703	CRC_SW620_SEC3_RPLC2_3_ms2.msalign	9	24	CRC_SW620_SEC3_RPLC2_3.mzML
PXD029703	CRC_SW620_SEC4_RPLC4_2_ms2.msalign	9	24	CRC_SW620_SEC4_RPLC4_2.mzML
PXD029703	CRC_SW620_SEC1_RPLC12_ms2.msalign	9	24	CRC_SW620_SEC1_RPLC12.mzML
PXD029703	CRC_SW620_SEC2_RPLC13_7_ms2.msalign	9	24	CRC_SW620_SEC2_RPLC13_7.mzML
PXD029703	CRC_SW620_SEC3_RPLC3_2_ms2.msalign	9	24	CRC_SW620_SEC3_RPLC3_2.mzML
PXD029703	CRC_SW620_SEC3_RPLC4_2_ms2.msalign	9	24	CRC_SW620_SEC3_RPLC4_2.mzML
PXD029703	CRC_SW620_SEC1_RPLC11_2_ms2.msalign	9	24	CRC_SW620_SEC1_RPLC11_2.mzML
PXD029703	CRC_SW620_SEC1_RPLC12_2_ms2.msalign	9	24	CRC_SW620_SEC1_RPLC12_2.mzML
PXD029703	CRC_SW620_SEC1_RPLC11_3_ms2.msalign	9	24	CRC_SW620_SEC1_RPLC11_3.mzML
PXD029703	CRC_SW620_SEC1_RPLC2_ms2.msalign	9	24	CRC_SW620_SEC1_RPLC2.mzML
PXD029703	CRC_SW620_SEC1_RPLC8_2_ms2.msalign	9	24	CRC_SW620_SEC1_RPLC8_2.mzML
PXD029703	CRC_SW620_SEC4_RPLC8_3_ms2.msalign	9	24	CRC_SW620_SEC4_RPLC8_3.mzML
PXD029703	CRC_SW620_SEC2_RPLC14_5_ms2.msalign	9	24	CRC_SW620_SEC2_RPLC14_5.mzML
PXD029703	CRC_SW620_SEC1_RPLC2_2_ms2.msalign	9	24	CRC_SW620_SEC1_RPLC2_2.mzML
PXD029703	CRC_SW620_SEC1_RPLC7_ms2.msalign	9	24	CRC_SW620_SEC1_RPLC7.mzML
PXD029703	CRC_SW620_SEC1_RPLC15_3_ms2.msalign	9	24	CRC_SW620_SEC1_RPLC15_3.mzML
PXD029703	CRC_SW620_SEC1_RPLC8_3_ms2.msalign	9	24	CRC_SW620_SEC1_RPLC8_3.mzML
PXD029703	CRC_SW620_SEC1_RPLC8_4_ms2.msalign	9	24	CRC_SW620_SEC1_RPLC8_4.mzML
PXD029703	CRC_SW620_SEC1_RPLC12_3_ms2.msalign	9	24	CRC_SW620_SEC1_RPLC12_3.mzML
PXD029703	CRC_SW620_SEC4_RPLC2_ms2.msalign	9	24	CRC_SW620_SEC4_RPLC2.mzML
PXD029703	CRC_SW620_SEC2_RPLC9_ms2.msalign	9	24	CRC_SW620_SEC2_RPLC9.mzML
PXD029703	CRC_SW620_SEC4_RPLC6_3_ms2.msalign	9	24	CRC_SW620_SEC4_RPLC6_3.mzML
PXD029703	CRC_SW620_SEC4_RPLC8_2_ms2.msalign	9	24	CRC_SW620_SEC4_RPLC8_2.mzML
PXD029703	CRC_SW620_SEC3_RPLC6_2_ms2.msalign	9	24	CRC_SW620_SEC3_RPLC6_2.mzML
PXD029703	CRC_SW620_SEC3_RPLC4_ms2.msalign	9	24	CRC_SW620_SEC3_RPLC4.mzML
PXD029703	CRC_SW620_SEC1_RPLC6_ms2.msalign	9	24	CRC_SW620_SEC1_RPLC6.mzML
PXD029703	CRC_SW620_SEC2_RPLC10_2_ms2.msalign	9	24	CRC_SW620_SEC2_RPLC10_2.mzML
PXD029703	CRC_SW620_SEC2_RPLC16_7_ms2.msalign	9	24	CRC_SW620_SEC2_RPLC16_7.mzML
PXD029703	CRC_SW620_SEC1_RPLC6_2_ms2.msalign	9	24	CRC_SW620_SEC1_RPLC6_2.mzML
PXD029703	CRC_SW620_SEC4_RPLC6_2_ms2.msalign	9	24	CRC_SW620_SEC4_RPLC6_2.mzML
PXD029703	CRC_SW620_SEC4_RPLC3_3_ms2.msalign	9	24	CRC_SW620_SEC4_RPLC3_3.mzML
PXD029703	CRC_SW620_SEC3_RPLC6_ms2.msalign	9	24	CRC_SW620_SEC3_RPLC6.mzML
PXD029703	CRC_SW620_SEC2_RPLC4_3_ms2.msalign	9	24	CRC_SW620_SEC2_RPLC4_3.mzML
PXD029703	CRC_SW620_SEC4_RPLC8_ms2.msalign	9	24	CRC_SW620_SEC4_RPLC8.mzML
PXD029703	CRC_SW620_SEC1_RPLC1_ms2.msalign	9	24	CRC_SW620_SEC1_RPLC1.mzML
PXD029703	CRC_SW620_SEC1_RPLC6_3_ms2.msalign	9	24	CRC_SW620_SEC1_RPLC6_3.mzML
PXD029703	CRC_SW620_SEC4_RPLC2_3_ms2.msalign	9	24	CRC_SW620_SEC4_RPLC2_3.mzML
PXD029703	CRC_SW620_SEC2_RPLC10_ms2.msalign	9	24	CRC_SW620_SEC2_RPLC10.mzML
PXD029703	CRC_SW620_SEC2_RPLC11_ms2.msalign	9	24	CRC_SW620_SEC2_RPLC11.mzML
PXD029703	CRC_SW620_SEC4_RPLC3_2_ms2.msalign	9	24	CRC_SW620_SEC4_RPLC3_2.mzML
PXD029703	CRC_SW620_SEC2_RPLC10_3_ms2.msalign	9	24	CRC_SW620_SEC2_RPLC10_3.mzML
PXD029703	CRC_SW620_SEC2_RPLC8_ms2.msalign	9	24	CRC_SW620_SEC2_RPLC8.mzML
PXD029703	CRC_SW620_SEC2_RPLC13_6_ms2.msalign	9	24	CRC_SW620_SEC2_RPLC13_6.mzML
PXD029703	CRC_SW620_SEC2_RPLC13_5_ms2.msalign	9	24	CRC_SW620_SEC2_RPLC13_5.mzML
PXD029703	CRC_SW620_SEC1_RPLC1_3_ms2.msalign	9	24	CRC_SW620_SEC1_RPLC1_3.mzML
PXD029703	CRC_SW620_SEC4_RPLC2_2_ms2.msalign	9	24	CRC_SW620_SEC4_RPLC2_2.mzML
PXD029703	CRC_SW620_SEC4_RPLC3_ms2.msalign	9	24	CRC_SW620_SEC4_RPLC3.mzML
PXD029703	CRC_SW620_SEC2_RPLC12_ms2.msalign	9	24	CRC_SW620_SEC2_RPLC12.mzML
PXD029703	CRC_SW620_SEC2_RPLC16_6_ms2.msalign	9	24	CRC_SW620_SEC2_RPLC16_6.mzML
PXD029703	CRC_SW620_SEC1_RPLC1_2_ms2.msalign	9	24	CRC_SW620_SEC1_RPLC1_2.mzML
PXD029703	CRC_SW620_SEC4_RPLC7_ms2.msalign	9	24	CRC_SW620_SEC4_RPLC7.mzML
PXD029703	CRC_SW620_SEC2_RPLC16_5_ms2.msalign	9	24	CRC_SW620_SEC2_RPLC16_5.mzML
PXD029703	CRC_SW620_SEC2_RPLC8_3_ms2.msalign	9	24	CRC_SW620_SEC2_RPLC8_3.mzML
PXD029703	CRC_SW620_SEC4_RPLC7_3_ms2.msalign	9	24	CRC_SW620_SEC4_RPLC7_3.mzML
PXD029703	CRC_SW620_SEC4_RPLC7_4_ms2.msalign	9	24	CRC_SW620_SEC4_RPLC7_4.mzML
PXD029703	CRC_SW620_SEC2_RPLC1_ms2.msalign	9	24	CRC_SW620_SEC2_RPLC1.mzML
PXD029703	CRC_SW620_SEC2_RPLC8_2_ms2.msalign	9	24	CRC_SW620_SEC2_RPLC8_2.mzML
PXD029703	CRC_SW620_SEC2_RPLC3_3_ms2.msalign	9	24	CRC_SW620_SEC2_RPLC3_3.mzML
PXD029703	CRC_SW620_SEC2_RPLC3_ms2.msalign	9	24	CRC_SW620_SEC2_RPLC3.mzML
PXD029703	CRC_SW620_SEC2_RPLC6_3_ms2.msalign	9	24	CRC_SW620_SEC2_RPLC6_3.mzML
PXD029703	CRC_SW620_SEC2_RPLC6_5_ms2.msalign	9	24	CRC_SW620_SEC2_RPLC6_5.mzML
PXD029703	CRC_SW620_SEC2_RPLC2_ms2.msalign	9	24	CRC_SW620_SEC2_RPLC2.mzML
PXD029703	CRC_SW620_SEC2_RPLC6_ms2.msalign	9	24	CRC_SW620_SEC2_RPLC6.mzML
PXD029703	CRC_SW620_SEC2_RPLC4_2_ms2.msalign	9	24	CRC_SW620_SEC2_RPLC4_2.mzML
PXD029703	CRC_SW620_SEC2_RPLC2_2_ms2.msalign	9	24	CRC_SW620_SEC2_RPLC2_2.mzML
PXD029703	CRC_SW620_SEC2_RPLC1_2_ms2.msalign	9	24	CRC_SW620_SEC2_RPLC1_2.mzML
PXD029703	CRC_SW620_SEC2_RPLC4_ms2.msalign	9	24	CRC_SW620_SEC2_RPLC4.mzML
PXD029703	CRC_SW620_SEC2_RPLC2_3_ms2.msalign	9	24	CRC_SW620_SEC2_RPLC2_3.mzML
PXD029703	CRC_SW620_SEC2_RPLC1_3_ms2.msalign	9	24	CRC_SW620_SEC2_RPLC1_3.mzML
PXD029703	CRC_SW620_SEC2_RPLC5_3_ms2.msalign	9	24	CRC_SW620_SEC2_RPLC5_3.mzML
PXD029703	CRC_SW620_SEC2_RPLC11_2_ms2.msalign	9	24	CRC_SW620_SEC2_RPLC11_2.mzML
PXD029703	CRC_SW620_SEC2_RPLC11_3_ms2.msalign	9	24	CRC_SW620_SEC2_RPLC11_3.mzML
PXD029703	CRC_SW620_SEC2_RPLC3_2_ms2.msalign	9	24	CRC_SW620_SEC2_RPLC3_2.mzML
PXD029703	CRC_SW620_SEC2_RPLC5_ms2.msalign	9	24	CRC_SW620_SEC2_RPLC5.mzML
PXD029703	CRC_SW620_SEC2_RPLC5_2_ms2.msalign	9	24	CRC_SW620_SEC2_RPLC5_2.mzML
MSV000079978	LCA_CD_01312016_DLD1_parC2_10per_f1_50K_ETD_90min_ms2.msalign	25	28	LCA_CD_01312016_DLD1_parC2_10per_f1_50K_ETD_90min.mzML
MSV000079978	LCA_CD_01312016_DLD1_parC2_10per_f2_50K_ETD_90min_ms2.msalign	25	28	LCA_CD_01312016_DLD1_parC2_10per_f2_50K_ETD_90min.mzML
MSV000079978	LCA_CD_02062016_DLD1_parA1_10per_f2_50K_ETD_90min_ms2.msalign	25	28	LCA_CD_02062016_DLD1_parA1_10per_f2_50K_ETD_90min.mzML
MSV000079978	LCA_CD_02062016_DLD1_parA1_10per_f1_50K_ETD_90min_ms2.msalign	25	28	LCA_CD_02062016_DLD1_parA1_10per_f1_50K_ETD_90min.mzML
MSV000079978	LCA_CD_01312016_DLD1_parC2_10per_f3_50K_ETD_90min_ms2.msalign	25	28	LCA_CD_01312016_DLD1_parC2_10per_f3_50K_ETD_90min.mzML
MSV000079978	LCA_CD_01312016_DLD1_parC2_10per_f4_50K_ETD_90min_ms2.msalign	25	28	LCA_CD_01312016_DLD1_parC2_10per_f4_50K_ETD_90min.mzML
MSV000079978	LCA_CD_02062016_DLD1_parA1_10per_f3_50K_ETD_90min_ms2.msalign	25	28	LCA_CD_02062016_DLD1_parA1_10per_f3_50K_ETD_90min.mzML
MSV000079978	LCA_CD_02062016_DLD1_parA1_10per_f4_50K_ETD_90min_ms2.msalign	25	28	LCA_CD_02062016_DLD1_parA1_10per_f4_50K_ETD_90min.mzML
MSV000079978	LCA_CD_01312016_DLD1_parC2_10per_f2_50K_CID_90min_ms2.msalign	25	28	LCA_CD_01312016_DLD1_parC2_10per_f2_50K_CID_90min.mzML
MSV000079978	LCA_CD_01312016_DLD1_parC2_10per_f3_50K_CID_90min_ms2.msalign	25	28	LCA_CD_01312016_DLD1_parC2_10per_f3_50K_CID_90min.mzML
MSV000079978	LCA_CD_01312016_DLD1_parC2_10per_f1_50K_CID_90min_ms2.msalign	25	28	LCA_CD_01312016_DLD1_parC2_10per_f1_50K_CID_90min.mzML
MSV000079978	LCA_CD_02062016_DLD1_parA1_10per_f4_50K_CID_90min_ms2.msalign	25	28	LCA_CD_02062016_DLD1_parA1_10per_f4_50K_CID_90min.mzML
MSV000079978	LCA_CD_01312016_DLD1_parC2_10per_f4_50K_CID_90min_ms2.msalign	25	28	LCA_CD_01312016_DLD1_parC2_10per_f4_50K_CID_90min.mzML
MSV000079978	LCA_CD_02062016_DLD1_parA1_10per_f2_50K_CID_90min_ms2.msalign	25	28	LCA_CD_02062016_DLD1_parA1_10per_f2_50K_CID_90min.mzML
MSV000079978	LCA_CD_02062016_DLD1_parA1_10per_f3_50K_CID_90min_ms2.msalign	25	28	LCA_CD_02062016_DLD1_parA1_10per_f3_50K_CID_90min.mzML
MSV000079978	LCA_CD_02062016_DLD1_parA1_10per_f1_50K_CID_90min_ms2.msalign	25	28	LCA_CD_02062016_DLD1_parA1_10per_f1_50K_CID_90min.mzML
MSV000079978	LCA_CD_02052016_DLD1_parA1_10per_f7_100K_ETD_120min_12ms_ms2.msalign	25	28	LCA_CD_02052016_DLD1_parA1_10per_f7_100K_ETD_120min_12ms.mzML
MSV000079978	LCA_CD_02052016_DLD1_parA1_10per_f6_100K_ETD_120min_12ms_ms2.msalign	25	28	LCA_CD_02052016_DLD1_parA1_10per_f6_100K_ETD_120min_12ms.mzML
MSV000079978	LCA_CD_02052016_DLD1_parA1_10per_f5_100K_ETD_120min_12ms_ms2.msalign	25	28	LCA_CD_02052016_DLD1_parA1_10per_f5_100K_ETD_120min_12ms.mzML
MSV000079978	LCA_CD_02052016_DLD1_parA1_10per_f8_100K_ETD_120min_12ms_ms2.msalign	25	28	LCA_CD_02052016_DLD1_parA1_10per_f8_100K_ETD_120min_12ms.mzML
MSV000079978	LCA_CD_02032016_DLD1_parC2_10per_f8_100K_ETD_120min_12ms_ms2.msalign	25	28	LCA_CD_02032016_DLD1_parC2_10per_f8_100K_ETD_120min_12ms.mzML
MSV000079978	LCA_CD_02032016_DLD1_parC2_10per_f6_100K_ETD_120min_12ms_ms2.msalign	25	28	LCA_CD_02032016_DLD1_parC2_10per_f6_100K_ETD_120min_12ms.mzML
MSV000079978	LCA_CD_02032016_DLD1_parC2_10per_f5_100K_ETD_120min_12ms_ms2.msalign	25	28	LCA_CD_02032016_DLD1_parC2_10per_f5_100K_ETD_120min_12ms.mzML
MSV000079978	LCA_CD_02032016_DLD1_parC2_10per_f7_100K_ETD_120min_12ms_ms2.msalign	25	28	LCA_CD_02032016_DLD1_parC2_10per_f7_100K_ETD_120min_12ms.mzML
MSV000079978	LCA_CD_02052016_DLD1_parA1_10per_f7_100K_CID_120min_025q_ms2.msalign	25	28	LCA_CD_02052016_DLD1_parA1_10per_f7_100K_CID_120min_025q.mzML
MSV000079978	LCA_CD_02052016_DLD1_parA1_10per_f8_100K_CID_120min_025q_ms2.msalign	25	28	LCA_CD_02052016_DLD1_parA1_10per_f8_100K_CID_120min_025q.mzML
MSV000079978	LCA_CD_02032016_DLD1_parC2_10per_f8_100K_CID_120min_025q_ms2.msalign	25	28	LCA_CD_02032016_DLD1_parC2_10per_f8_100K_CID_120min_025q.mzML
MSV000079978	LCA_CD_02032016_DLD1_parC2_10per_f6_100K_CID_120min_025q_ms2.msalign	25	28	LCA_CD_02032016_DLD1_parC2_10per_f6_100K_CID_120min_025q.mzML
MSV000079978	LCA_CD_02052016_DLD1_parA1_10per_f5_100K_CID_120min_025q_ms2.msalign	25	28	LCA_CD_02052016_DLD1_parA1_10per_f5_100K_CID_120min_025q.mzML
MSV000079978	LCA_CD_02032016_DLD1_parC2_10per_f7_100K_CID_120min_025q_ms2.msalign	25	28	LCA_CD_02032016_DLD1_parC2_10per_f7_100K_CID_120min_025q.mzML
MSV000079978	LCA_CD_02032016_DLD1_parC2_10per_f5_100K_CID_120min_025q_ms2.msalign	25	28	LCA_CD_02032016_DLD1_parC2_10per_f5_100K_CID_120min_025q.mzML
MSV000079978	LCA_CD_DLD1par_10per_f7_freshdil3x_LCA_IPA_gradient_v9_300A_5um_PoroshellC8_07_alt_param_ms2.msalign	25	28	LCA_CD_DLD1par_10per_f7_freshdil3x_LCA_IPA_gradient_v9_300A_5um_PoroshellC8_07_alt_param.mzML
MSV000079978	LCA_CD_02052016_DLD1_parA1_10per_f6_100K_CID_120min_025q_ms2.msalign	25	28	LCA_CD_02052016_DLD1_parA1_10per_f6_100K_CID_120min_025q.mzML
MSV000079978	LCA_CD_DLD1par_10per_f2_freshdil3x_LCA_IPA_gradient_v9_300A_5um_PoroshellC8_02_alt_param_ms2.msalign	25	28	LCA_CD_DLD1par_10per_f2_freshdil3x_LCA_IPA_gradient_v9_300A_5um_PoroshellC8_02_alt_param.mzML
MSV000079978	LCA_CD_DLD1par_10per_f3_freshdil3x_LCA_IPA_gradient_v9_300A_5um_PoroshellC8_03_alt_param_REDO_ms2.msalign	25	28	LCA_CD_DLD1par_10per_f3_freshdil3x_LCA_IPA_gradient_v9_300A_5um_PoroshellC8_03_alt_param_REDO.mzML
MSV000079978	LCA_CD_DLD1par_10per_f8_freshdil3x_LCA_IPA_gradient_v9_300A_5um_PoroshellC8_08_alt_param_ms2.msalign	25	28	LCA_CD_DLD1par_10per_f8_freshdil3x_LCA_IPA_gradient_v9_300A_5um_PoroshellC8_08_alt_param.mzML
MSV000079978	LCA_CD_DLD1par_10per_f1_freshdil3x_LCA_IPA_gradient_v9_300A_5um_PoroshellC8_01_alt_param_ms2.msalign	25	28	LCA_CD_DLD1par_10per_f1_freshdil3x_LCA_IPA_gradient_v9_300A_5um_PoroshellC8_01_alt_param.mzML
MSV000079978	LCA_CD_DLD1par_10per_f6_freshdil3x_LCA_IPA_gradient_v9_300A_5um_PoroshellC8_06_alt_param_ms2.msalign	25	28	LCA_CD_DLD1par_10per_f6_freshdil3x_LCA_IPA_gradient_v9_300A_5um_PoroshellC8_06_alt_param.mzML
MSV000079978	LCA_CD_DLD1par_10per_f4_freshdil3x_LCA_IPA_gradient_v9_300A_5um_PoroshellC8_04_alt_param_ms2.msalign	25	28	LCA_CD_DLD1par_10per_f4_freshdil3x_LCA_IPA_gradient_v9_300A_5um_PoroshellC8_04_alt_param.mzML
MSV000079978	LCA_CD_DLD1par_10per_f5_freshdil3x_LCA_IPA_gradient_v9_300A_5um_PoroshellC8_05_alt_param_ms2.msalign	25	28	LCA_CD_DLD1par_10per_f5_freshdil3x_LCA_IPA_gradient_v9_300A_5um_PoroshellC8_05_alt_param.mzML
MSV000089163	Hubmap_nanoPOTS_Topdown_BenzonaseTest_100HEK_0512_woBenzo_02_A6_ms2.msalign	24	29	Hubmap_nanoPOTS_Topdown_BenzonaseTest_100HEK_0512_woBenzo_02_A6.mzML
MSV000089163	Hubmap_nanoPOTS_Topdown_BenzonaseTest_100HEK_0512_woBenzo_03_A7_ms2.msalign	24	29	Hubmap_nanoPOTS_Topdown_BenzonaseTest_100HEK_0512_woBenzo_03_A7.mzML
MSV000089163	Hubmap_nanoPOTS_Topdown_BenzonaseTest_50HEK_wBenzo_05_B9_ms2.msalign	24	29	Hubmap_nanoPOTS_Topdown_BenzonaseTest_50HEK_wBenzo_05_B9.mzML
MSV000089163	Hubmap_nanoPOTS_Topdown_BenzonaseTest_100HEK_wBenzo_01_C5_ms2.msalign	24	29	Hubmap_nanoPOTS_Topdown_BenzonaseTest_100HEK_wBenzo_01_C5.mzML
MSV000089163	Hubmap_nanoPOTS_Topdown_BenzonaseTest_100HEK_wBenzo_02_C6_ms2.msalign	24	29	Hubmap_nanoPOTS_Topdown_BenzonaseTest_100HEK_wBenzo_02_C6.mzML
MSV000089163	Hubmap_nanoPOTS_Topdown_BenzonaseTest_100HEK_0512_woBenzo_01_A5_ms2.msalign	24	29	Hubmap_nanoPOTS_Topdown_BenzonaseTest_100HEK_0512_woBenzo_01_A5.mzML
MSV000089163	Hubmap_nanoPOTS_Topdown_BenzonaseTest_100HEK_0512_woBenzo_04_A8_ms2.msalign	24	29	Hubmap_nanoPOTS_Topdown_BenzonaseTest_100HEK_0512_woBenzo_04_A8.mzML
MSV000089163	Hubmap_nanoPOTS_Topdown_BenzonaseTest_100HEK_0512_woBenzo_05_A9_ms2.msalign	24	29	Hubmap_nanoPOTS_Topdown_BenzonaseTest_100HEK_0512_woBenzo_05_A9.mzML
MSV000089163	Hubmap_nanoPOTS_Topdown_BenzonaseTest_100HEK_wBenzo_05_C9_ms2.msalign	24	29	Hubmap_nanoPOTS_Topdown_BenzonaseTest_100HEK_wBenzo_05_C9.mzML
MSV000089163	Hubmap_nanoPOTS_Topdown_BenzonaseTest_100HEK_wBenzo_04_C8_ms2.msalign	24	29	Hubmap_nanoPOTS_Topdown_BenzonaseTest_100HEK_wBenzo_04_C8.mzML
MSV000079913	2015_08_09_Fr4_tech2_ms2.msalign	30	30	2015_08_09_Fr4_tech2.mzML
MSV000079913	2015_08_09_Fr4_tech3_ms2.msalign	30	30	2015_08_09_Fr4_tech3.mzML
MSV000079913	2015_08_09_Fr3_tech3_ms2.msalign	30	30	2015_08_09_Fr3_tech3.mzML
MSV000079913	2015_08_09_Fr4_tech1_ms2.msalign	30	30	2015_08_09_Fr4_tech1.mzML
MSV000079913	2015_08_09_Fr3_tech1_ms2.msalign	30	30	2015_08_09_Fr3_tech1.mzML
MSV000079913	2015_08_09_Fr5_tech3_ms2.msalign	30	30	2015_08_09_Fr5_tech3.mzML
MSV000079913	2015_08_09_Fr5_tech1_ms2.msalign	30	30	2015_08_09_Fr5_tech1.mzML
MSV000079913	2015_08_09_Fr5_tech2_ms2.msalign	30	30	2015_08_09_Fr5_tech2.mzML
MSV000079913	2015_08_09_Fr2_tech2_ms2.msalign	30	30	2015_08_09_Fr2_tech2.mzML
MSV000079913	2015_08_09_Fr3_tech2_ms2.msalign	30	30	2015_08_09_Fr3_tech2.mzML
MSV000079913	2015_08_09_Fr2_tech1_ms2.msalign	30	30	2015_08_09_Fr2_tech1.mzML
MSV000079913	2015_08_09_Fr2_tech3_ms2.msalign	30	30	2015_08_09_Fr2_tech3.mzML
MSV000079913	2015_08_09_Fr1_tech2_ms2.msalign	30	30	2015_08_09_Fr1_tech2.mzML
MSV000079913	2015_08_09_Fr1_tech3_ms2.msalign	30	30	2015_08_09_Fr1_tech3.mzML
MSV000079913	2015_08_09_Fr1_tech1_ms2.msalign	30	30	2015_08_09_Fr1_tech1.mzML
PXD018248	HepG2-400ng-40AA-1-rep2_ms2.msalign	16	31	HepG2-400ng-40AA-1-rep2.mzML
PXD034353	20220323_HCPE_PEPPI_AnExSP_Rep1_Fr_03_-20_ms2.msalign	21	32	20220323_HCPE_PEPPI_AnExSP_Rep1_Fr_03.mzML
PXD034353	20220323_HCPE_PEPPI_AnExSP_Rep2_Fr_03_-20_ms2.msalign	21	32	20220323_HCPE_PEPPI_AnExSP_Rep2_Fr_03.mzML
PXD034353	20220323_HCPE_PEPPI_AnExSP_Rep3_Fr_03_-20_ms2.msalign	21	32	20220323_HCPE_PEPPI_AnExSP_Rep3_Fr_03.mzML
PXD034353	20220323_HCPE_PEPPI_classicMCW_Rep2_Fr_03_-20_ms2.msalign	21	32	20220323_HCPE_PEPPI_classicMCW_Rep2_Fr_03.mzML
PXD034353	20220323_HCPE_PEPPI_classicMCW_Rep1_Fr_03_-20_ms2.msalign	21	32	20220323_HCPE_PEPPI_classicMCW_Rep1_Fr_03.mzML
PXD034353	20220323_HCPE_PEPPI_classicMCW_Rep3_Fr_03_-20_ms2.msalign	21	32	20220323_HCPE_PEPPI_classicMCW_Rep3_Fr_03.mzML
PXD034353	20220323_HCPE_PEPPI_classicMCW_Rep3_Fr_05_-40_ms2.msalign	21	32	20220323_HCPE_PEPPI_classicMCW_Rep3_Fr_05.mzML
PXD034353	20220323_HCPE_PEPPI_classicMCW_Rep1_Fr_06_-40_ms2.msalign	21	32	20220323_HCPE_PEPPI_classicMCW_Rep1_Fr_06.mzML
PXD034353	20220323_HCPE_PEPPI_classicMCW_Rep3_Fr_06_-40_ms2.msalign	21	32	20220323_HCPE_PEPPI_classicMCW_Rep3_Fr_06.mzML
PXD034353	20220323_HCPE_PEPPI_classicMCW_Rep2_Fr_06_-40_ms2.msalign	21	32	20220323_HCPE_PEPPI_classicMCW_Rep2_Fr_06.mzML
PXD034353	20220323_HCPE_PEPPI_classicMCW_Rep3_Fr_05_-20_ms2.msalign	21	32	20220323_HCPE_PEPPI_classicMCW_Rep3_Fr_05.mzML
PXD034353	20220323_HCPE_PEPPI_classicMCW_Rep1_Fr_06_-20_ms2.msalign	21	32	20220323_HCPE_PEPPI_classicMCW_Rep1_Fr_06.mzML
PXD034353	20220323_HCPE_PEPPI_classicMCW_Rep2_Fr_06_-20_ms2.msalign	21	32	20220323_HCPE_PEPPI_classicMCW_Rep2_Fr_06.mzML
PXD034353	20220323_HCPE_PEPPI_classicMCW_Rep3_Fr_06_-20_ms2.msalign	21	32	20220323_HCPE_PEPPI_classicMCW_Rep3_Fr_06.mzML
PXD034353	20220323_HCPE_PEPPI_classicMCW_Rep1_Fr_05_-20_ms2.msalign	21	32	20220323_HCPE_PEPPI_classicMCW_Rep1_Fr_05.mzML
PXD034353	20220323_HCPE_PEPPI_classicMCW_Rep2_Fr_05_-20_ms2.msalign	21	32	20220323_HCPE_PEPPI_classicMCW_Rep2_Fr_05.mzML
PXD034353	20220323_HCPE_PEPPI_AnExSP_Rep1_Fr_04_-20_ms2.msalign	21	32	20220323_HCPE_PEPPI_AnExSP_Rep1_Fr_04.mzML
PXD034353	20220323_HCPE_PEPPI_AnExSP_Rep1_Fr_06_-20_ms2.msalign	21	32	20220323_HCPE_PEPPI_AnExSP_Rep1_Fr_06.mzML
PXD034353	20220323_HCPE_PEPPI_AnExSP_Rep3_Fr_05_-20_ms2.msalign	21	32	20220323_HCPE_PEPPI_AnExSP_Rep3_Fr_05.mzML
PXD034353	20220323_HCPE_PEPPI_AnExSP_Rep1_Fr_05_-20_ms2.msalign	21	32	20220323_HCPE_PEPPI_AnExSP_Rep1_Fr_05.mzML
PXD034353	20220323_HCPE_PEPPI_AnExSP_Rep2_Fr_05_-20_ms2.msalign	21	32	20220323_HCPE_PEPPI_AnExSP_Rep2_Fr_05.mzML
PXD034353	20220323_HCPE_PEPPI_AnExSP_Rep2_Fr_06_-20_ms2.msalign	21	32	20220323_HCPE_PEPPI_AnExSP_Rep2_Fr_06.mzML
PXD034353	20220323_HCPE_PEPPI_AnExSP_Rep2_Fr_03_-40_ms2.msalign	21	32	20220323_HCPE_PEPPI_AnExSP_Rep2_Fr_03.mzML
PXD034353	20220323_HCPE_PEPPI_AnExSP_Rep3_Fr_06_-20_ms2.msalign	21	32	20220323_HCPE_PEPPI_AnExSP_Rep3_Fr_06.mzML
PXD034353	20220323_HCPE_PEPPI_AnExSP_Rep1_Fr_03_0_ms2.msalign	21	32	20220323_HCPE_PEPPI_AnExSP_Rep1_Fr_03.mzML
PXD034353	20220323_HCPE_PEPPI_AnExSP_Rep2_Fr_03_0_ms2.msalign	21	32	20220323_HCPE_PEPPI_AnExSP_Rep2_Fr_03.mzML
PXD034353	20220323_HCPE_PEPPI_AnExSP_Rep3_Fr_03_-40_ms2.msalign	21	32	20220323_HCPE_PEPPI_AnExSP_Rep3_Fr_03.mzML
PXD034353	20220323_HCPE_PEPPI_AnExSP_Rep1_Fr_03_-40_ms2.msalign	21	32	20220323_HCPE_PEPPI_AnExSP_Rep1_Fr_03.mzML
PXD034353	20220323_HCPE_PEPPI_AnExSP_Rep3_Fr_03_0_ms2.msalign	21	32	20220323_HCPE_PEPPI_AnExSP_Rep3_Fr_03.mzML
PXD034353	20220323_HCPE_PEPPI_AnExSP_Rep3_Fr_04_-20_ms2.msalign	21	32	20220323_HCPE_PEPPI_AnExSP_Rep3_Fr_04.mzML
PXD034353	20220323_HCPE_PEPPI_classicMCW_Rep1_Fr_05_-40_ms2.msalign	21	32	20220323_HCPE_PEPPI_classicMCW_Rep1_Fr_05.mzML
PXD034353	20220323_HCPE_PEPPI_classicMCW_Rep2_Fr_03_-40_ms2.msalign	21	32	20220323_HCPE_PEPPI_classicMCW_Rep2_Fr_03.mzML
PXD034353	20220323_HCPE_PEPPI_AnExSP_Rep2_Fr_04_-20_ms2.msalign	21	32	20220323_HCPE_PEPPI_AnExSP_Rep2_Fr_04.mzML
PXD034353	20220323_HCPE_PEPPI_classicMCW_Rep1_Fr_04_-20_ms2.msalign	21	32	20220323_HCPE_PEPPI_classicMCW_Rep1_Fr_04.mzML
PXD034353	20220323_HCPE_PEPPI_classicMCW_Rep2_Fr_05_-40_ms2.msalign	21	32	20220323_HCPE_PEPPI_classicMCW_Rep2_Fr_05.mzML
PXD034353	20220323_HCPE_PEPPI_classicMCW_Rep2_Fr_03_0_ms2.msalign	21	32	20220323_HCPE_PEPPI_classicMCW_Rep2_Fr_03.mzML
PXD034353	20220323_HCPE_PEPPI_classicMCW_Rep3_Fr_03_0_ms2.msalign	21	32	20220323_HCPE_PEPPI_classicMCW_Rep3_Fr_03.mzML
PXD034353	20220323_HCPE_PEPPI_AnExSP_Rep1_Fr_04_-40_ms2.msalign	21	32	20220323_HCPE_PEPPI_AnExSP_Rep1_Fr_04.mzML
PXD034353	20220323_HCPE_PEPPI_classicMCW_Rep3_Fr_03_-40_ms2.msalign	21	32	20220323_HCPE_PEPPI_classicMCW_Rep3_Fr_03.mzML
PXD034353	20220323_HCPE_PEPPI_classicMCW_Rep3_Fr_04_-20_ms2.msalign	21	32	20220323_HCPE_PEPPI_classicMCW_Rep3_Fr_04.mzML
PXD034353	20220323_HCPE_PEPPI_classicMCW_Rep1_Fr_03_0_ms2.msalign	21	32	20220323_HCPE_PEPPI_classicMCW_Rep1_Fr_03.mzML
PXD034353	20220323_HCPE_PEPPI_classicMCW_Rep1_Fr_03_-40_ms2.msalign	21	32	20220323_HCPE_PEPPI_classicMCW_Rep1_Fr_03.mzML
PXD034353	20220323_HCPE_PEPPI_classicMCW_Rep2_Fr_04_-20_ms2.msalign	21	32	20220323_HCPE_PEPPI_classicMCW_Rep2_Fr_04.mzML
PXD034353	20220323_HCPE_PEPPI_AnExSP_Rep1_Fr_06_-40_ms2.msalign	21	32	20220323_HCPE_PEPPI_AnExSP_Rep1_Fr_06.mzML
PXD034353	20220323_HCPE_PEPPI_AnExSP_Rep3_Fr_06_-40_ms2.msalign	21	32	20220323_HCPE_PEPPI_AnExSP_Rep3_Fr_06.mzML
PXD034353	20220323_HCPE_PEPPI_AnExSP_Rep3_Fr_05_-40_ms2.msalign	21	32	20220323_HCPE_PEPPI_AnExSP_Rep3_Fr_05.mzML
PXD034353	20220323_HCPE_PEPPI_AnExSP_Rep1_Fr_05_-40_ms2.msalign	21	32	20220323_HCPE_PEPPI_AnExSP_Rep1_Fr_05.mzML
PXD034353	20220323_HCPE_PEPPI_AnExSP_Rep2_Fr_06_-40_ms2.msalign	21	32	20220323_HCPE_PEPPI_AnExSP_Rep2_Fr_06.mzML
PXD034353	20220323_HCPE_PEPPI_AnExSP_Rep2_Fr_05_-40_ms2.msalign	21	32	20220323_HCPE_PEPPI_AnExSP_Rep2_Fr_05.mzML
PXD034353	20220323_HCPE_PEPPI_AnExSP_Rep2_Fr_04_-40_ms2.msalign	21	32	20220323_HCPE_PEPPI_AnExSP_Rep2_Fr_04.mzML
PXD034353	20220323_HCPE_PEPPI_AnExSP_Rep3_Fr_04_-40_ms2.msalign	21	32	20220323_HCPE_PEPPI_AnExSP_Rep3_Fr_04.mzML
PXD034353	20220323_HCPE_PEPPI_classicMCW_Rep1_Fr_04_-40_ms2.msalign	21	32	20220323_HCPE_PEPPI_classicMCW_Rep1_Fr_04.mzML
PXD034353	20220323_HCPE_PEPPI_classicMCW_Rep2_Fr_04_-40_ms2.msalign	21	32	20220323_HCPE_PEPPI_classicMCW_Rep2_Fr_04.mzML
PXD034353	20220323_HCPE_PEPPI_classicMCW_Rep3_Fr_04_-40_ms2.msalign	21	32	20220323_HCPE_PEPPI_classicMCW_Rep3_Fr_04.mzML
PXD034353	20220323_HCPE_PEPPI_AnExSP_Rep3_Fr_03_-50_ms2.msalign	21	32	20220323_HCPE_PEPPI_AnExSP_Rep3_Fr_03.mzML
PXD034353	20220323_HCPE_PEPPI_AnExSP_Rep1_Fr_03_-50_ms2.msalign	21	32	20220323_HCPE_PEPPI_AnExSP_Rep1_Fr_03.mzML
PXD034353	20220323_HCPE_PEPPI_AnExSP_Rep2_Fr_03_-50_ms2.msalign	21	32	20220323_HCPE_PEPPI_AnExSP_Rep2_Fr_03.mzML
PXD034353	20220323_HCPE_PEPPI_classicMCW_Rep3_Fr_03_-50_ms2.msalign	21	32	20220323_HCPE_PEPPI_classicMCW_Rep3_Fr_03.mzML
PXD034353	20220323_HCPE_PEPPI_classicMCW_Rep2_Fr_03_-50_ms2.msalign	21	32	20220323_HCPE_PEPPI_classicMCW_Rep2_Fr_03.mzML
PXD034353	20220323_HCPE_PEPPI_classicMCW_Rep1_Fr_03_-50_ms2.msalign	21	32	20220323_HCPE_PEPPI_classicMCW_Rep1_Fr_03.mzML
PXD034353	20220323_HCPE_PEPPI_classicMCW_Rep3_Fr_06_-50_ms2.msalign	21	32	20220323_HCPE_PEPPI_classicMCW_Rep3_Fr_06.mzML
PXD034353	20220323_HCPE_PEPPI_classicMCW_Rep1_Fr_06_-50_ms2.msalign	21	32	20220323_HCPE_PEPPI_classicMCW_Rep1_Fr_06.mzML
PXD034353	20220323_HCPE_PEPPI_classicMCW_Rep2_Fr_06_-50_ms2.msalign	21	32	20220323_HCPE_PEPPI_classicMCW_Rep2_Fr_06.mzML
PXD034353	20220323_HCPE_PEPPI_classicMCW_Rep3_Fr_05_-50_ms2.msalign	21	32	20220323_HCPE_PEPPI_classicMCW_Rep3_Fr_05.mzML
PXD034353	20220323_HCPE_PEPPI_classicMCW_Rep1_Fr_05_-50_ms2.msalign	21	32	20220323_HCPE_PEPPI_classicMCW_Rep1_Fr_05.mzML
PXD034353	20220323_HCPE_PEPPI_classicMCW_Rep2_Fr_05_-50_ms2.msalign	21	32	20220323_HCPE_PEPPI_classicMCW_Rep2_Fr_05.mzML
PXD034353	20220323_HCPE_PEPPI_AnExSP_Rep1_Fr_04_-50_ms2.msalign	21	32	20220323_HCPE_PEPPI_AnExSP_Rep1_Fr_04.mzML
PXD034353	20220323_HCPE_PEPPI_classicMCW_Rep1_Fr_04_-50_ms2.msalign	21	32	20220323_HCPE_PEPPI_classicMCW_Rep1_Fr_04.mzML
PXD034353	20220323_HCPE_PEPPI_AnExSP_Rep2_Fr_04_-50_ms2.msalign	21	32	20220323_HCPE_PEPPI_AnExSP_Rep2_Fr_04.mzML
PXD034353	20220323_HCPE_PEPPI_classicMCW_Rep2_Fr_04_-50_ms2.msalign	21	32	20220323_HCPE_PEPPI_classicMCW_Rep2_Fr_04.mzML
PXD034353	20220323_HCPE_PEPPI_classicMCW_Rep3_Fr_04_-50_ms2.msalign	21	32	20220323_HCPE_PEPPI_classicMCW_Rep3_Fr_04.mzML
PXD034353	20220323_HCPE_PEPPI_AnExSP_Rep3_Fr_04_-50_ms2.msalign	21	32	20220323_HCPE_PEPPI_AnExSP_Rep3_Fr_04.mzML
PXD034353	20220323_HCPE_PEPPI_AnExSP_Rep3_Fr_05_-50_ms2.msalign	21	32	20220323_HCPE_PEPPI_AnExSP_Rep3_Fr_05.mzML
PXD034353	20220323_HCPE_PEPPI_AnExSP_Rep1_Fr_06_-50_ms2.msalign	21	32	20220323_HCPE_PEPPI_AnExSP_Rep1_Fr_06.mzML
PXD034353	20220323_HCPE_PEPPI_AnExSP_Rep2_Fr_05_-50_ms2.msalign	21	32	20220323_HCPE_PEPPI_AnExSP_Rep2_Fr_05.mzML
PXD034353	20220323_HCPE_PEPPI_AnExSP_Rep1_Fr_05_-50_ms2.msalign	21	32	20220323_HCPE_PEPPI_AnExSP_Rep1_Fr_05.mzML
PXD034353	20220323_HCPE_PEPPI_AnExSP_Rep3_Fr_06_-50_ms2.msalign	21	32	20220323_HCPE_PEPPI_AnExSP_Rep3_Fr_06.mzML
PXD034353	20220323_HCPE_PEPPI_AnExSP_Rep2_Fr_06_-50_ms2.msalign	21	32	20220323_HCPE_PEPPI_AnExSP_Rep2_Fr_06.mzML
PXD034353	20220323_HCPE_PEPPI_classicMCW_Rep3_Fr_05_-60_ms2.msalign	21	32	20220323_HCPE_PEPPI_classicMCW_Rep3_Fr_05.mzML
PXD034353	20220323_HCPE_PEPPI_classicMCW_Rep1_Fr_06_-60_ms2.msalign	21	32	20220323_HCPE_PEPPI_classicMCW_Rep1_Fr_06.mzML
PXD034353	20220323_HCPE_PEPPI_classicMCW_Rep3_Fr_06_-60_ms2.msalign	21	32	20220323_HCPE_PEPPI_classicMCW_Rep3_Fr_06.mzML
PXD034353	20220323_HCPE_PEPPI_classicMCW_Rep2_Fr_06_-60_ms2.msalign	21	32	20220323_HCPE_PEPPI_classicMCW_Rep2_Fr_06.mzML
PXD034353	20220323_HCPE_PEPPI_classicMCW_Rep1_Fr_05_-60_ms2.msalign	21	32	20220323_HCPE_PEPPI_classicMCW_Rep1_Fr_05.mzML
PXD034353	20220323_HCPE_PEPPI_AnExSP_Rep1_Fr_04_-60_ms2.msalign	21	32	20220323_HCPE_PEPPI_AnExSP_Rep1_Fr_04.mzML
PXD034353	20220323_HCPE_PEPPI_classicMCW_Rep2_Fr_05_-60_ms2.msalign	21	32	20220323_HCPE_PEPPI_classicMCW_Rep2_Fr_05.mzML
PXD034353	20220323_HCPE_PEPPI_AnExSP_Rep2_Fr_04_-60_ms2.msalign	21	32	20220323_HCPE_PEPPI_AnExSP_Rep2_Fr_04.mzML
PXD034353	20220323_HCPE_PEPPI_classicMCW_Rep2_Fr_04_-60_ms2.msalign	21	32	20220323_HCPE_PEPPI_classicMCW_Rep2_Fr_04.mzML
PXD034353	20220323_HCPE_PEPPI_classicMCW_Rep1_Fr_04_-60_ms2.msalign	21	32	20220323_HCPE_PEPPI_classicMCW_Rep1_Fr_04.mzML
PXD034353	20220323_HCPE_PEPPI_AnExSP_Rep3_Fr_04_-60_ms2.msalign	21	32	20220323_HCPE_PEPPI_AnExSP_Rep3_Fr_04.mzML
PXD034353	20220323_HCPE_PEPPI_classicMCW_Rep3_Fr_04_-60_ms2.msalign	21	32	20220323_HCPE_PEPPI_classicMCW_Rep3_Fr_04.mzML
PXD034353	20220323_HCPE_PEPPI_AnExSP_Rep2_Fr_05_-60_ms2.msalign	21	32	20220323_HCPE_PEPPI_AnExSP_Rep2_Fr_05.mzML
PXD034353	20220323_HCPE_PEPPI_AnExSP_Rep3_Fr_05_-60_ms2.msalign	21	32	20220323_HCPE_PEPPI_AnExSP_Rep3_Fr_05.mzML
PXD034353	20220323_HCPE_PEPPI_AnExSP_Rep1_Fr_05_-60_ms2.msalign	21	32	20220323_HCPE_PEPPI_AnExSP_Rep1_Fr_05.mzML
PXD034353	20220323_HCPE_PEPPI_AnExSP_Rep3_Fr_06_-60_ms2.msalign	21	32	20220323_HCPE_PEPPI_AnExSP_Rep3_Fr_06.mzML
PXD034353	20220323_HCPE_PEPPI_AnExSP_Rep1_Fr_06_-60_ms2.msalign	21	32	20220323_HCPE_PEPPI_AnExSP_Rep1_Fr_06.mzML
PXD034353	20220323_HCPE_PEPPI_AnExSP_Rep2_Fr_06_-60_ms2.msalign	21	32	20220323_HCPE_PEPPI_AnExSP_Rep2_Fr_06.mzML
MSV000086696	41140555_11F_24Dec19_Aragorn_18-12-01_-50CV3_-50_ms2.msalign	18	33	41140555_11F_24Dec19_Aragorn_18-12-01_-50CV3.mzML
MSV000086696	41140555_11F_24Dec19_Aragorn_18-12-01_-20CV3_-20_ms2.msalign	18	33	41140555_11F_24Dec19_Aragorn_18-12-01_-20CV3.mzML
MSV000086696	41140555_11F_24Dec19_Aragorn_18-12-01_-20CV1_-20_ms2.msalign	18	33	41140555_11F_24Dec19_Aragorn_18-12-01_-20CV1.mzML
MSV000086696	41140555_11F_24Dec19_Aragorn_18-12-01_-20CV2_-20_ms2.msalign	18	33	41140555_11F_24Dec19_Aragorn_18-12-01_-20CV2.mzML
MSV000086696	41140555_11F_24Dec19_Aragorn_18-12-01_-50CV2_-50_ms2.msalign	18	33	41140555_11F_24Dec19_Aragorn_18-12-01_-50CV2.mzML
MSV000086696	41140555_11F_24Dec19_Aragorn_18-12-01_-50CV1_-50_ms2.msalign	18	33	41140555_11F_24Dec19_Aragorn_18-12-01_-50CV1.mzML
MSV000086696	41140555_11F_24Dec19_Aragorn_18-12-01_-45CV3_-45_ms2.msalign	18	33	41140555_11F_24Dec19_Aragorn_18-12-01_-45CV3.mzML
MSV000086696	41140555_11F_24Dec19_Aragorn_18-12-01_-45CV2_-45_ms2.msalign	18	33	41140555_11F_24Dec19_Aragorn_18-12-01_-45CV2.mzML
MSV000086696	41140555_11F_24Dec19_Aragorn_18-12-01_-45CV1_-45_ms2.msalign	18	33	41140555_11F_24Dec19_Aragorn_18-12-01_-45CV1.mzML
MSV000086696	41140555_11F_24Dec19_Aragorn_18-12-01_-25CV1_-25_ms2.msalign	18	33	41140555_11F_24Dec19_Aragorn_18-12-01_-25CV1.mzML
MSV000086696	41140555_11F_24Dec19_Aragorn_18-12-01_-25CV3_-25_ms2.msalign	18	33	41140555_11F_24Dec19_Aragorn_18-12-01_-25CV3.mzML
MSV000086696	41140555_11F_24Dec19_Aragorn_18-12-01_-25CV2_-25_ms2.msalign	18	33	41140555_11F_24Dec19_Aragorn_18-12-01_-25CV2.mzML
MSV000086696	41140555_11F_24Dec19_Aragorn_18-12-01_-40CV2_-40_ms2.msalign	18	33	41140555_11F_24Dec19_Aragorn_18-12-01_-40CV2.mzML
MSV000086696	41140555_11F_24Dec19_Aragorn_18-12-01_-40CV3_-40_ms2.msalign	18	33	41140555_11F_24Dec19_Aragorn_18-12-01_-40CV3.mzML
MSV000086696	41140555_11F_24Dec19_Aragorn_18-12-01_-40CV1_-40_ms2.msalign	18	33	41140555_11F_24Dec19_Aragorn_18-12-01_-40CV1.mzML
MSV000086696	41140555_11F_26Dec19_Aragorn_18-12-01_-35CV3_-35_ms2.msalign	18	33	41140555_11F_26Dec19_Aragorn_18-12-01_-35CV3.mzML
MSV000086696	41140555_11F_24Dec19_Aragorn_18-12-01_-30CV2_-30_ms2.msalign	18	33	41140555_11F_24Dec19_Aragorn_18-12-01_-30CV2.mzML
MSV000086696	41140555_11F_24Dec19_Aragorn_18-12-01_-30CV1_-30_ms2.msalign	18	33	41140555_11F_24Dec19_Aragorn_18-12-01_-30CV1.mzML
MSV000086696	41140555_11F_24Dec19_Aragorn_18-12-01_-30CV3_-30_ms2.msalign	18	33	41140555_11F_24Dec19_Aragorn_18-12-01_-30CV3.mzML
MSV000086696	41140555_11F_24Dec19_Aragorn_18-12-01_-35CV1_-35_ms2.msalign	18	33	41140555_11F_24Dec19_Aragorn_18-12-01_-35CV1.mzML
MSV000086696	41140555_11F_24Dec19_Aragorn_18-12-01_-35CV2_-35_ms2.msalign	18	33	41140555_11F_24Dec19_Aragorn_18-12-01_-35CV2.mzML
MSV000086696	41140555_11F_02Jan20_Aragorn_18-12-01_NoFAIMS1_ms2.msalign	18	33	41140555_11F_02Jan20_Aragorn_18-12-01_NoFAIMS1.mzML
MSV000086696	41140555_11F_02Jan20_Aragorn_18-12-01_NoFAIMS2_ms2.msalign	18	33	41140555_11F_02Jan20_Aragorn_18-12-01_NoFAIMS2.mzML
MSV000086696	41140555_11F_02Jan20_Aragorn_18-12-01_NoFAIMS3_ms2.msalign	18	33	41140555_11F_02Jan20_Aragorn_18-12-01_NoFAIMS3.mzML
MSV000093728	Alz_TD_91018909_B_1_WO_11Oct20_Aragorn_18-12-13_-30_ms2.msalign	11	34	Alz_TD_91018909_B_1_WO_11Oct20_Aragorn_18-12-13.mzML
MSV000093728	Alz_TD_60848460_B_1_WO_10Oct20_Aragorn_18-12-13_-30_ms2.msalign	11	34	Alz_TD_60848460_B_1_WO_10Oct20_Aragorn_18-12-13.mzML
MSV000093728	Alz_TD_60747316_B_1_WO_10Oct20_Aragorn_18-12-13_-30_ms2.msalign	11	34	Alz_TD_60747316_B_1_WO_10Oct20_Aragorn_18-12-13.mzML
MSV000093728	Alz_TD_86177506_A_6_WO_30Dec20_Aragorn_20-11-01_-30_ms2.msalign	11	34	Alz_TD_86177506_A_6_WO_30Dec20_Aragorn_20-11-01.mzML
MSV000093728	Alz_TD_70917649_A_6_WO_30Dec20_Aragorn_20-11-01_-30_ms2.msalign	11	34	Alz_TD_70917649_A_6_WO_30Dec20_Aragorn_20-11-01.mzML
MSV000093728	Alz_TD_89614402_A_6_WO_30Dec20_Aragorn_20-11-01_-30_ms2.msalign	11	34	Alz_TD_89614402_A_6_WO_30Dec20_Aragorn_20-11-01.mzML
MSV000093728	Alz_TD_50405330_C_6_WO_30Dec20_Aragorn_20-11-01_-30_ms2.msalign	11	34	Alz_TD_50405330_C_6_WO_30Dec20_Aragorn_20-11-01.mzML
MSV000093728	Alz_TD_77330002_A_6_WO_30Dec20_Aragorn_20-11-01_-30_ms2.msalign	11	34	Alz_TD_77330002_A_6_WO_30Dec20_Aragorn_20-11-01.mzML
MSV000093728	Alz_TD_23004922_C_6_WO_30Dec20_Aragorn_20-11-01_-30_ms2.msalign	11	34	Alz_TD_23004922_C_6_WO_30Dec20_Aragorn_20-11-01.mzML
MSV000093728	Alz_TD_50108912_C_6_WO_30Dec20_Aragorn_20-11-01_-30_ms2.msalign	11	34	Alz_TD_50108912_C_6_WO_30Dec20_Aragorn_20-11-01.mzML
MSV000093728	Alz_TD_37527863_B_6_WO_30Dec20_Aragorn_20-11-01_-30_ms2.msalign	11	34	Alz_TD_37527863_B_6_WO_30Dec20_Aragorn_20-11-01.mzML
MSV000093728	Alz_TD_93462021_C_2_WO_11Dec20_Aragorn_20-11-01_-30_ms2.msalign	11	34	Alz_TD_93462021_C_2_WO_11Dec20_Aragorn_20-11-01.mzML
MSV000093728	Alz_TD_71626373_C_1_WO_10Oct20_Aragorn_18-12-13_-30_ms2.msalign	11	34	Alz_TD_71626373_C_1_WO_10Oct20_Aragorn_18-12-13.mzML
MSV000093728	Alz_TD_04879843_C_1_WO_10Oct20_Aragorn_18-12-13_-30_ms2.msalign	11	34	Alz_TD_04879843_C_1_WO_10Oct20_Aragorn_18-12-13.mzML
MSV000093728	Alz_TD_50101523_B_2_WO_11Dec20_Aragorn_20-11-01_-30_ms2.msalign	11	34	Alz_TD_50101523_B_2_WO_11Dec20_Aragorn_20-11-01.mzML
MSV000093728	Alz_TD_39484737_A_6_WO_30Dec20_Aragorn_20-11-01_-30_ms2.msalign	11	34	Alz_TD_39484737_A_6_WO_30Dec20_Aragorn_20-11-01.mzML
MSV000093728	Alz_TD_83984043_C_6_WO_30Dec20_Aragorn_20-11-01_-30_ms2.msalign	11	34	Alz_TD_83984043_C_6_WO_30Dec20_Aragorn_20-11-01.mzML
MSV000093728	Alz_TD_50403446_A_2_WO_11Dec20_Aragorn_20-11-01_-30_ms2.msalign	11	34	Alz_TD_50403446_A_2_WO_11Dec20_Aragorn_20-11-01.mzML
MSV000093728	Alz_TD_50401002_A_6_WO_30Dec20_Aragorn_20-11-01_-30_ms2.msalign	11	34	Alz_TD_50401002_A_6_WO_30Dec20_Aragorn_20-11-01.mzML
MSV000093728	Alz_TD_02525608_B_5_WO_26Dec20_Aragorn_20-11-01_-30_ms2.msalign	11	34	Alz_TD_02525608_B_5_WO_26Dec20_Aragorn_20-11-01.mzML
MSV000093728	Alz_TD_50409370_B_2_WO_11Dec20_Aragorn_20-11-01_-30_ms2.msalign	11	34	Alz_TD_50409370_B_2_WO_11Dec20_Aragorn_20-11-01.mzML
MSV000093728	Alz_TD_68745332_B_1_WO_10Oct20_Aragorn_18-12-13_-30_ms2.msalign	11	34	Alz_TD_68745332_B_1_WO_10Oct20_Aragorn_18-12-13.mzML
MSV000093728	Alz_TD_50103129_C_1_WO_10Oct20_Aragorn_18-12-13_-30_ms2.msalign	11	34	Alz_TD_50103129_C_1_WO_10Oct20_Aragorn_18-12-13.mzML
MSV000093728	Alz_TD_92393245_C_6_WO_30Dec20_Aragorn_20-11-01_-30_ms2.msalign	11	34	Alz_TD_92393245_C_6_WO_30Dec20_Aragorn_20-11-01.mzML
MSV000093728	Alz_TD_84417209_C_6_WO_30Dec20_Aragorn_20-11-01_-30_ms2.msalign	11	34	Alz_TD_84417209_C_6_WO_30Dec20_Aragorn_20-11-01.mzML
MSV000093728	Alz_TD_50106280_A_4_WO_21Dec20_Aragorn_20-11-01_-30_ms2.msalign	11	34	Alz_TD_50106280_A_4_WO_21Dec20_Aragorn_20-11-01.mzML
MSV000093728	Alz_TD_64493027_B_1_WO_08Oct20_Aragorn_18-12-15_-30_ms2.msalign	11	34	Alz_TD_64493027_B_1_WO_08Oct20_Aragorn_18-12-15.mzML
MSV000093728	Alz_TD_21362537_B_5_WO_26Dec20_Aragorn_20-11-01_-30_ms2.msalign	11	34	Alz_TD_21362537_B_5_WO_26Dec20_Aragorn_20-11-01.mzML
MSV000093728	Alz_TD_82684406_A_2_WO_11Dec20_Aragorn_20-11-01_-30_ms2.msalign	11	34	Alz_TD_82684406_A_2_WO_11Dec20_Aragorn_20-11-01.mzML
MSV000093728	Alz_TD_50400835_C_4_AB_16Nov20_Aragorn_20-10-02_-30_ms2.msalign	11	34	Alz_TD_50400835_C_4_AB_16Nov20_Aragorn_20-10-02.mzML
MSV000093728	Alz_TD_84653463_B_5_WO_26Dec20_Aragorn_20-11-01_-30_ms2.msalign	11	34	Alz_TD_84653463_B_5_WO_26Dec20_Aragorn_20-11-01.mzML
MSV000093728	Alz_TD_65652206_C_2_WO_11Dec20_Aragorn_20-11-01_-30_ms2.msalign	11	34	Alz_TD_65652206_C_2_WO_11Dec20_Aragorn_20-11-01.mzML
MSV000093728	Alz_TD_36492755_B_1_WO_10Oct20_Aragorn_18-12-13_-30_ms2.msalign	11	34	Alz_TD_36492755_B_1_WO_10Oct20_Aragorn_18-12-13.mzML
MSV000093728	Alz_TD_52311825_C_5_WO_26Dec20_Aragorn_20-11-01_-30_ms2.msalign	11	34	Alz_TD_52311825_C_5_WO_26Dec20_Aragorn_20-11-01.mzML
MSV000093728	Alz_TD_50402729_A_5_WO_26Dec20_Aragorn_20-11-01_-30_ms2.msalign	11	34	Alz_TD_50402729_A_5_WO_26Dec20_Aragorn_20-11-01.mzML
MSV000093728	Alz_TD_65001607_A_2_WO_11Dec20_Aragorn_20-11-01_-30_ms2.msalign	11	34	Alz_TD_65001607_A_2_WO_11Dec20_Aragorn_20-11-01.mzML
MSV000093728	Alz_TD_16513683_A_5_WO_26Dec20_Aragorn_20-11-01_-30_ms2.msalign	11	34	Alz_TD_16513683_A_5_WO_26Dec20_Aragorn_20-11-01.mzML
MSV000093728	Alz_TD_08132197_A_1_WO_08Oct20_Aragorn_18-12-15_-30_ms2.msalign	11	34	Alz_TD_08132197_A_1_WO_08Oct20_Aragorn_18-12-15.mzML
MSV000093728	Alz_TD_76867532_C_5_WO_26Dec20_Aragorn_20-11-01_-30_ms2.msalign	11	34	Alz_TD_76867532_C_5_WO_26Dec20_Aragorn_20-11-01.mzML
MSV000093728	Alz_TD_50402693_A_5_WO_26Dec20_Aragorn_20-11-01_-30_ms2.msalign	11	34	Alz_TD_50402693_A_5_WO_26Dec20_Aragorn_20-11-01.mzML
MSV000093728	Alz_TD_90942860_C_1_WO_10Oct20_Aragorn_18-12-13_-30_ms2.msalign	11	34	Alz_TD_90942860_C_1_WO_10Oct20_Aragorn_18-12-13.mzML
MSV000093728	Alz_TD_50500136_A_1_WO_08Oct20_Aragorn_18-12-15_-30_ms2.msalign	11	34	Alz_TD_50500136_A_1_WO_08Oct20_Aragorn_18-12-15.mzML
MSV000093728	Alz_TD_51400993_B_5_WO_26Dec20_Aragorn_20-11-01_-30_ms2.msalign	11	34	Alz_TD_51400993_B_5_WO_26Dec20_Aragorn_20-11-01.mzML
MSV000093728	Alz_TD_05779736_A_1_WO_08Oct20_Aragorn_18-12-15_-30_ms2.msalign	11	34	Alz_TD_05779736_A_1_WO_08Oct20_Aragorn_18-12-15.mzML
MSV000093728	Alz_TD_65292866_A_1_WO_08Oct20_Aragorn_18-12-15_-30_ms2.msalign	11	34	Alz_TD_65292866_A_1_WO_08Oct20_Aragorn_18-12-15.mzML
MSV000093728	Alz_TD_72188804_B_2_WO_11Dec20_Aragorn_20-11-01_-30_ms2.msalign	11	34	Alz_TD_72188804_B_2_WO_11Dec20_Aragorn_20-11-01.mzML
MSV000093728	Alz_TD_50400835_C_4_WO_21Dec20_Aragorn_20-11-01_-30_ms2.msalign	11	34	Alz_TD_50400835_C_4_WO_21Dec20_Aragorn_20-11-01.mzML
MSV000093728	Alz_TD_61142759_A_1_WO_08Oct20_Aragorn_18-12-15_-30_ms2.msalign	11	34	Alz_TD_61142759_A_1_WO_08Oct20_Aragorn_18-12-15.mzML
MSV000093728	Alz_TD_87779516_B_1_WO_10Oct20_Aragorn_18-12-13_-30_ms2.msalign	11	34	Alz_TD_87779516_B_1_WO_10Oct20_Aragorn_18-12-13.mzML
MSV000093728	Alz_TD_65736039_B_5_WO_26Dec20_Aragorn_20-11-01_-30_ms2.msalign	11	34	Alz_TD_65736039_B_5_WO_26Dec20_Aragorn_20-11-01.mzML
MSV000093728	Alz_TD_15387421_C_5_WO_26Dec20_Aragorn_20-11-01_-30_ms2.msalign	11	34	Alz_TD_15387421_C_5_WO_26Dec20_Aragorn_20-11-01.mzML
MSV000093728	Alz_TD_05689621_B_2_WO_11Dec20_Aragorn_20-11-01_-30_ms2.msalign	11	34	Alz_TD_05689621_B_2_WO_11Dec20_Aragorn_20-11-01.mzML
MSV000093728	Alz_TD_39989287_A_5_WO_26Dec20_Aragorn_20-11-01_-30_ms2.msalign	11	34	Alz_TD_39989287_A_5_WO_26Dec20_Aragorn_20-11-01.mzML
MSV000093728	Alz_TD_43074402_C_2_WO_11Dec20_Aragorn_20-11-01_-30_ms2.msalign	11	34	Alz_TD_43074402_C_2_WO_11Dec20_Aragorn_20-11-01.mzML
MSV000093728	Alz_TD_78452313_B_5_WO_26Dec20_Aragorn_20-11-01_-30_ms2.msalign	11	34	Alz_TD_78452313_B_5_WO_26Dec20_Aragorn_20-11-01.mzML
MSV000093728	Alz_TD_60725338_B_5_WO_26Dec20_Aragorn_20-11-01_-30_ms2.msalign	11	34	Alz_TD_60725338_B_5_WO_26Dec20_Aragorn_20-11-01.mzML
MSV000093728	Alz_TD_30819298_A_5_WO_26Dec20_Aragorn_20-11-01_-30_ms2.msalign	11	34	Alz_TD_30819298_A_5_WO_26Dec20_Aragorn_20-11-01.mzML
MSV000093728	Alz_TD_94430339_A_5_WO_26Dec20_Aragorn_20-11-01_-30_ms2.msalign	11	34	Alz_TD_94430339_A_5_WO_26Dec20_Aragorn_20-11-01.mzML
MSV000093728	Alz_TD_74753465_A_5_WO_26Dec20_Aragorn_20-11-01_-30_ms2.msalign	11	34	Alz_TD_74753465_A_5_WO_26Dec20_Aragorn_20-11-01.mzML
MSV000093728	Alz_TD_32705437_C_4_WO_21Dec20_Aragorn_20-11-01_-50_ms2.msalign	11	34	Alz_TD_32705437_C_4_WO_21Dec20_Aragorn_20-11-01.mzML
MSV000093728	Alz_TD_71727427_A_3_WO_16Dec20_Aragorn_20-11-01_-50_ms2.msalign	11	34	Alz_TD_71727427_A_3_WO_16Dec20_Aragorn_20-11-01.mzML
MSV000093728	Alz_TD_50500136_A_1_AB_30Nov20_Aragorn_20-10-02_-30_ms2.msalign	11	34	Alz_TD_50500136_A_1_AB_30Nov20_Aragorn_20-10-02.mzML
MSV000093728	Alz_TD_91921829_A_2_WO_11Dec20_Aragorn_20-11-01_-30_ms2.msalign	11	34	Alz_TD_91921829_A_2_WO_11Dec20_Aragorn_20-11-01.mzML
MSV000093728	Alz_TD_54122640_B_2_WO_11Dec20_Aragorn_20-11-01_-30_ms2.msalign	11	34	Alz_TD_54122640_B_2_WO_11Dec20_Aragorn_20-11-01.mzML
MSV000093728	Alz_TD_46246604_A_4_WO_21Dec20_Aragorn_20-11-01_-30_ms2.msalign	11	34	Alz_TD_46246604_A_4_WO_21Dec20_Aragorn_20-11-01.mzML
MSV000093728	Alz_TD_07311370_A_5_WO_26Dec20_Aragorn_20-11-01_-30_ms2.msalign	11	34	Alz_TD_07311370_A_5_WO_26Dec20_Aragorn_20-11-01.mzML
MSV000093728	Alz_TD_54458919_A_3_WO_16Dec20_Aragorn_20-11-01_-30_ms2.msalign	11	34	Alz_TD_54458919_A_3_WO_16Dec20_Aragorn_20-11-01.mzML
MSV000093728	Alz_TD_50106280_A_4_WO_21Dec20_Aragorn_20-11-01_-50_ms2.msalign	11	34	Alz_TD_50106280_A_4_WO_21Dec20_Aragorn_20-11-01.mzML
MSV000093728	Alz_TD_35941263_C_2_WO_11Dec20_Aragorn_20-11-01_-30_ms2.msalign	11	34	Alz_TD_35941263_C_2_WO_11Dec20_Aragorn_20-11-01.mzML
MSV000093728	Alz_TD_31509843_C_3_WO_16Dec20_Aragorn_20-11-01_-30_ms2.msalign	11	34	Alz_TD_31509843_C_3_WO_16Dec20_Aragorn_20-11-01.mzML
MSV000093728	Alz_TD_08109170_C_4_WO_21Dec20_Aragorn_20-11-01_-30_ms2.msalign	11	34	Alz_TD_08109170_C_4_WO_21Dec20_Aragorn_20-11-01.mzML
MSV000093728	Alz_TD_68015667_A_2_WO_11Dec20_Aragorn_20-11-01_-30_ms2.msalign	11	34	Alz_TD_68015667_A_2_WO_11Dec20_Aragorn_20-11-01.mzML
MSV000093728	Alz_TD_60848460_B_1_AB_30Nov20_Aragorn_20-10-02_-30_ms2.msalign	11	34	Alz_TD_60848460_B_1_AB_30Nov20_Aragorn_20-10-02.mzML
MSV000093728	Alz_TD_32705437_C_4_WO_21Dec20_Aragorn_20-11-01_-30_ms2.msalign	11	34	Alz_TD_32705437_C_4_WO_21Dec20_Aragorn_20-11-01.mzML
MSV000093728	Alz_TD_46246604_A_4_WO_21Dec20_Aragorn_20-11-01_-50_ms2.msalign	11	34	Alz_TD_46246604_A_4_WO_21Dec20_Aragorn_20-11-01.mzML
MSV000093728	Alz_TD_08109170_C_4_WO_21Dec20_Aragorn_20-11-01_-50_ms2.msalign	11	34	Alz_TD_08109170_C_4_WO_21Dec20_Aragorn_20-11-01.mzML
MSV000093728	Alz_TD_50108912_C_6_WO_30Dec20_Aragorn_20-11-01_-40_ms2.msalign	11	34	Alz_TD_50108912_C_6_WO_30Dec20_Aragorn_20-11-01.mzML
MSV000093728	Alz_TD_34962204_C_2_WO_11Dec20_Aragorn_20-11-01_-30_ms2.msalign	11	34	Alz_TD_34962204_C_2_WO_11Dec20_Aragorn_20-11-01.mzML
MSV000093728	Alz_TD_70917649_A_6_WO_30Dec20_Aragorn_20-11-01_-40_ms2.msalign	11	34	Alz_TD_70917649_A_6_WO_30Dec20_Aragorn_20-11-01.mzML
MSV000093728	Alz_TD_50402017_B_3_WO_16Dec20_Aragorn_20-11-01_-30_ms2.msalign	11	34	Alz_TD_50402017_B_3_WO_16Dec20_Aragorn_20-11-01.mzML
MSV000093728	Alz_TD_50302554_B_3_WO_16Dec20_Aragorn_20-11-01_-30_ms2.msalign	11	34	Alz_TD_50302554_B_3_WO_16Dec20_Aragorn_20-11-01.mzML
MSV000093728	Alz_TD_66406040_A_4_AB_16Nov20_Aragorn_20-10-02_-30_ms2.msalign	11	34	Alz_TD_66406040_A_4_AB_16Nov20_Aragorn_20-10-02.mzML
MSV000093728	Alz_TD_95491648_B_3_WO_16Dec20_Aragorn_20-11-01_-30_ms2.msalign	11	34	Alz_TD_95491648_B_3_WO_16Dec20_Aragorn_20-11-01.mzML
MSV000093728	Alz_TD_44019405_B_4_WO_21Dec20_Aragorn_20-11-01_-50_ms2.msalign	11	34	Alz_TD_44019405_B_4_WO_21Dec20_Aragorn_20-11-01.mzML
MSV000093728	Alz_TD_71727427_A_3_WO_16Dec20_Aragorn_20-11-01_-30_ms2.msalign	11	34	Alz_TD_71727427_A_3_WO_16Dec20_Aragorn_20-11-01.mzML
MSV000093728	Alz_TD_83984043_C_6_WO_30Dec20_Aragorn_20-11-01_-40_ms2.msalign	11	34	Alz_TD_83984043_C_6_WO_30Dec20_Aragorn_20-11-01.mzML
MSV000093728	Alz_TD_45115248_B_3_AB_11Nov20_Aragorn_20-10-02_-30_ms2.msalign	11	34	Alz_TD_45115248_B_3_AB_11Nov20_Aragorn_20-10-02.mzML
MSV000093728	Alz_TD_67429065_A_4_WO_21Dec20_Aragorn_20-11-01_-50_ms2.msalign	11	34	Alz_TD_67429065_A_4_WO_21Dec20_Aragorn_20-11-01.mzML
MSV000093728	Alz_TD_23004922_C_6_WO_30Dec20_Aragorn_20-11-01_-40_ms2.msalign	11	34	Alz_TD_23004922_C_6_WO_30Dec20_Aragorn_20-11-01.mzML
MSV000093728	Alz_TD_61029627_C_3_WO_16Dec20_Aragorn_20-11-01_-50_ms2.msalign	11	34	Alz_TD_61029627_C_3_WO_16Dec20_Aragorn_20-11-01.mzML
MSV000093728	Alz_TD_50405330_C_6_WO_30Dec20_Aragorn_20-11-01_-40_ms2.msalign	11	34	Alz_TD_50405330_C_6_WO_30Dec20_Aragorn_20-11-01.mzML
MSV000093728	Alz_TD_50108886_A_3_WO_16Dec20_Aragorn_20-11-01_-50_ms2.msalign	11	34	Alz_TD_50108886_A_3_WO_16Dec20_Aragorn_20-11-01.mzML
MSV000093728	Alz_TD_92613520_C_1_WO_08Oct20_Aragorn_18-12-15_-30_ms2.msalign	11	34	Alz_TD_92613520_C_1_WO_08Oct20_Aragorn_18-12-15.mzML
MSV000093728	Alz_TD_39989287_A_5_WO_26Dec20_Aragorn_20-11-01_-50_ms2.msalign	11	34	Alz_TD_39989287_A_5_WO_26Dec20_Aragorn_20-11-01.mzML
MSV000093728	Alz_TD_89614402_A_6_WO_30Dec20_Aragorn_20-11-01_-40_ms2.msalign	11	34	Alz_TD_89614402_A_6_WO_30Dec20_Aragorn_20-11-01.mzML
MSV000093728	Alz_TD_50402693_A_5_WO_26Dec20_Aragorn_20-11-01_-40_ms2.msalign	11	34	Alz_TD_50402693_A_5_WO_26Dec20_Aragorn_20-11-01.mzML
MSV000093728	Alz_TD_86177506_A_6_WO_30Dec20_Aragorn_20-11-01_-40_ms2.msalign	11	34	Alz_TD_86177506_A_6_WO_30Dec20_Aragorn_20-11-01.mzML
MSV000093728	Alz_TD_02525608_B_5_WO_26Dec20_Aragorn_20-11-01_-40_ms2.msalign	11	34	Alz_TD_02525608_B_5_WO_26Dec20_Aragorn_20-11-01.mzML
MSV000093728	Alz_TD_14184286_A_4_WO_21Dec20_Aragorn_20-11-01_-30_ms2.msalign	11	34	Alz_TD_14184286_A_4_WO_21Dec20_Aragorn_20-11-01.mzML
MSV000093728	Alz_TD_45566083_B_3_AB_11Nov20_Aragorn_20-10-02_-30_ms2.msalign	11	34	Alz_TD_45566083_B_3_AB_11Nov20_Aragorn_20-10-02.mzML
MSV000093728	Alz_TD_51400993_B_5_WO_26Dec20_Aragorn_20-11-01_-40_ms2.msalign	11	34	Alz_TD_51400993_B_5_WO_26Dec20_Aragorn_20-11-01.mzML
MSV000093728	Alz_TD_54458919_A_3_AB_11Nov20_Aragorn_20-10-02_-30_ms2.msalign	11	34	Alz_TD_54458919_A_3_AB_11Nov20_Aragorn_20-10-02.mzML
MSV000093728	Alz_TD_50400835_C_4_WO_21Dec20_Aragorn_20-11-01_-50_ms2.msalign	11	34	Alz_TD_50400835_C_4_WO_21Dec20_Aragorn_20-11-01.mzML
MSV000093728	Alz_TD_50401002_A_6_WO_30Dec20_Aragorn_20-11-01_-40_ms2.msalign	11	34	Alz_TD_50401002_A_6_WO_30Dec20_Aragorn_20-11-01.mzML
MSV000093728	Alz_TD_21362537_B_5_WO_26Dec20_Aragorn_20-11-01_-40_ms2.msalign	11	34	Alz_TD_21362537_B_5_WO_26Dec20_Aragorn_20-11-01.mzML
MSV000093728	Alz_TD_50106280_A_4_AB_16Nov20_Aragorn_20-10-02_-30_ms2.msalign	11	34	Alz_TD_50106280_A_4_AB_16Nov20_Aragorn_20-10-02.mzML
MSV000093728	Alz_TD_82624422_C_4_AB_16Nov20_Aragorn_20-10-02_-30_ms2.msalign	11	34	Alz_TD_82624422_C_4_AB_16Nov20_Aragorn_20-10-02.mzML
MSV000093728	Alz_TD_84417209_C_6_WO_30Dec20_Aragorn_20-11-01_-40_ms2.msalign	11	34	Alz_TD_84417209_C_6_WO_30Dec20_Aragorn_20-11-01.mzML
MSV000093728	Alz_TD_39989287_A_5_WO_26Dec20_Aragorn_20-11-01_-40_ms2.msalign	11	34	Alz_TD_39989287_A_5_WO_26Dec20_Aragorn_20-11-01.mzML
MSV000093728	Alz_TD_60725338_B_5_WO_26Dec20_Aragorn_20-11-01_-50_ms2.msalign	11	34	Alz_TD_60725338_B_5_WO_26Dec20_Aragorn_20-11-01.mzML
MSV000093728	Alz_TD_65736039_B_5_WO_26Dec20_Aragorn_20-11-01_-40_ms2.msalign	11	34	Alz_TD_65736039_B_5_WO_26Dec20_Aragorn_20-11-01.mzML
MSV000093728	Alz_TD_50402729_A_5_WO_26Dec20_Aragorn_20-11-01_-40_ms2.msalign	11	34	Alz_TD_50402729_A_5_WO_26Dec20_Aragorn_20-11-01.mzML
MSV000093728	Alz_TD_17219510_A_3_WO_16Dec20_Aragorn_20-11-01_-50_ms2.msalign	11	34	Alz_TD_17219510_A_3_WO_16Dec20_Aragorn_20-11-01.mzML
MSV000093728	Alz_TD_35286551_C_4_WO_21Dec20_Aragorn_20-11-01_-50_ms2.msalign	11	34	Alz_TD_35286551_C_4_WO_21Dec20_Aragorn_20-11-01.mzML
MSV000093728	Alz_TD_14184286_A_4_WO_21Dec20_Aragorn_20-11-01_-50_ms2.msalign	11	34	Alz_TD_14184286_A_4_WO_21Dec20_Aragorn_20-11-01.mzML
MSV000093728	Alz_TD_36492755_B_1_AB_30Nov20_Aragorn_20-10-02_-30_ms2.msalign	11	34	Alz_TD_36492755_B_1_AB_30Nov20_Aragorn_20-10-02.mzML
MSV000093728	Alz_TD_87410220_A_4_WO_21Dec20_Aragorn_20-11-01_-50_ms2.msalign	11	34	Alz_TD_87410220_A_4_WO_21Dec20_Aragorn_20-11-01.mzML
MSV000093728	Alz_TD_82317494_A_3_WO_16Dec20_Aragorn_20-11-01_-50_ms2.msalign	11	34	Alz_TD_82317494_A_3_WO_16Dec20_Aragorn_20-11-01.mzML
MSV000093728	Alz_TD_77330002_A_6_WO_30Dec20_Aragorn_20-11-01_-40_ms2.msalign	11	34	Alz_TD_77330002_A_6_WO_30Dec20_Aragorn_20-11-01.mzML
MSV000093728	Alz_TD_91018909_B_1_AB_30Nov20_Aragorn_20-10-02_-30_ms2.msalign	11	34	Alz_TD_91018909_B_1_AB_30Nov20_Aragorn_20-10-02.mzML
MSV000093728	Alz_TD_50406057_A_3_WO_16Dec20_Aragorn_20-11-01_-50_ms2.msalign	11	34	Alz_TD_50406057_A_3_WO_16Dec20_Aragorn_20-11-01.mzML
MSV000093728	Alz_TD_76867532_C_5_WO_26Dec20_Aragorn_20-11-01_-40_ms2.msalign	11	34	Alz_TD_76867532_C_5_WO_26Dec20_Aragorn_20-11-01.mzML
MSV000093728	Alz_TD_02525608_B_5_WO_26Dec20_Aragorn_20-11-01_-50_ms2.msalign	11	34	Alz_TD_02525608_B_5_WO_26Dec20_Aragorn_20-11-01.mzML
MSV000093728	Alz_TD_39484737_A_6_WO_30Dec20_Aragorn_20-11-01_-40_ms2.msalign	11	34	Alz_TD_39484737_A_6_WO_30Dec20_Aragorn_20-11-01.mzML
MSV000093728	Alz_TD_18414513_A_3_WO_16Dec20_Aragorn_20-11-01_-30_ms2.msalign	11	34	Alz_TD_18414513_A_3_WO_16Dec20_Aragorn_20-11-01.mzML
MSV000093728	Alz_TD_92996364_B_4_WO_21Dec20_Aragorn_20-11-01_-50_ms2.msalign	11	34	Alz_TD_92996364_B_4_WO_21Dec20_Aragorn_20-11-01.mzML
MSV000093728	Alz_TD_16513683_A_5_WO_26Dec20_Aragorn_20-11-01_-40_ms2.msalign	11	34	Alz_TD_16513683_A_5_WO_26Dec20_Aragorn_20-11-01.mzML
MSV000093728	Alz_TD_77239958_B_4_WO_21Dec20_Aragorn_20-11-01_-50_ms2.msalign	11	34	Alz_TD_77239958_B_4_WO_21Dec20_Aragorn_20-11-01.mzML
MSV000093728	Alz_TD_31509843_C_3_WO_16Dec20_Aragorn_20-11-01_-50_ms2.msalign	11	34	Alz_TD_31509843_C_3_WO_16Dec20_Aragorn_20-11-01.mzML
MSV000093728	Alz_TD_52311825_C_5_WO_26Dec20_Aragorn_20-11-01_-40_ms2.msalign	11	34	Alz_TD_52311825_C_5_WO_26Dec20_Aragorn_20-11-01.mzML
MSV000093728	Alz_TD_84653463_B_5_WO_26Dec20_Aragorn_20-11-01_-50_ms2.msalign	11	34	Alz_TD_84653463_B_5_WO_26Dec20_Aragorn_20-11-01.mzML
MSV000093728	Alz_TD_22776575_A_2_WO_11Dec20_Aragorn_20-11-01_-30_ms2.msalign	11	34	Alz_TD_22776575_A_2_WO_11Dec20_Aragorn_20-11-01.mzML
MSV000093728	Alz_TD_37527863_B_6_WO_30Dec20_Aragorn_20-11-01_-40_ms2.msalign	11	34	Alz_TD_37527863_B_6_WO_30Dec20_Aragorn_20-11-01.mzML
MSV000093728	Alz_TD_77239958_B_4_WO_21Dec20_Aragorn_20-11-01_-30_ms2.msalign	11	34	Alz_TD_77239958_B_4_WO_21Dec20_Aragorn_20-11-01.mzML
MSV000093728	Alz_TD_92393245_C_6_AB_29Oct20_Aragorn_20-10-01_-30_ms2.msalign	11	34	Alz_TD_92393245_C_6_AB_29Oct20_Aragorn_20-10-01.mzML
MSV000093728	Alz_TD_50402729_A_5_AB_24Nov20_Aragorn_20-10-02_-30_ms2.msalign	11	34	Alz_TD_50402729_A_5_AB_24Nov20_Aragorn_20-10-02.mzML
MSV000093728	Alz_TD_07253015_C_4_WO_21Dec20_Aragorn_20-11-01_-30_ms2.msalign	11	34	Alz_TD_07253015_C_4_WO_21Dec20_Aragorn_20-11-01.mzML
MSV000093728	Alz_TD_65292866_A_1_AB_30Nov20_Aragorn_20-10-02_-30_ms2.msalign	11	34	Alz_TD_65292866_A_1_AB_30Nov20_Aragorn_20-10-02.mzML
MSV000093728	Alz_TD_15387421_C_5_WO_26Dec20_Aragorn_20-11-01_-40_ms2.msalign	11	34	Alz_TD_15387421_C_5_WO_26Dec20_Aragorn_20-11-01.mzML
MSV000093728	Alz_TD_17219510_A_3_WO_16Dec20_Aragorn_20-11-01_-30_ms2.msalign	11	34	Alz_TD_17219510_A_3_WO_16Dec20_Aragorn_20-11-01.mzML
MSV000093728	Alz_TD_71727427_A_3_AB_11Nov20_Aragorn_20-10-02_-30_ms2.msalign	11	34	Alz_TD_71727427_A_3_AB_11Nov20_Aragorn_20-10-02.mzML
MSV000093728	Alz_TD_84653463_B_5_WO_26Dec20_Aragorn_20-11-01_-40_ms2.msalign	11	34	Alz_TD_84653463_B_5_WO_26Dec20_Aragorn_20-11-01.mzML
MSV000093728	Alz_TD_08109170_C_4_AB_16Nov20_Aragorn_20-10-02_-30_ms2.msalign	11	34	Alz_TD_08109170_C_4_AB_16Nov20_Aragorn_20-10-02.mzML
MSV000093728	Alz_TD_45115248_B_3_WO_16Dec20_Aragorn_20-11-01_-50_ms2.msalign	11	34	Alz_TD_45115248_B_3_WO_16Dec20_Aragorn_20-11-01.mzML
MSV000093728	Alz_TD_51400993_B_5_WO_26Dec20_Aragorn_20-11-01_-50_ms2.msalign	11	34	Alz_TD_51400993_B_5_WO_26Dec20_Aragorn_20-11-01.mzML
MSV000093728	Alz_TD_78452313_B_5_WO_26Dec20_Aragorn_20-11-01_-40_ms2.msalign	11	34	Alz_TD_78452313_B_5_WO_26Dec20_Aragorn_20-11-01.mzML
MSV000093728	Alz_TD_87779516_B_1_AB_30Nov20_Aragorn_20-10-02_-30_ms2.msalign	11	34	Alz_TD_87779516_B_1_AB_30Nov20_Aragorn_20-10-02.mzML
MSV000093728	Alz_TD_77239958_B_4_AB_16Nov20_Aragorn_20-10-02_-30_ms2.msalign	11	34	Alz_TD_77239958_B_4_AB_16Nov20_Aragorn_20-10-02.mzML
MSV000093728	Alz_TD_60747316_B_1_AB_30Nov20_Aragorn_20-10-02_-30_ms2.msalign	11	34	Alz_TD_60747316_B_1_AB_30Nov20_Aragorn_20-10-02.mzML
MSV000093728	Alz_TD_92996364_B_4_WO_21Dec20_Aragorn_20-11-01_-30_ms2.msalign	11	34	Alz_TD_92996364_B_4_WO_21Dec20_Aragorn_20-11-01.mzML
MSV000093728	Alz_TD_35286551_C_4_AB_16Nov20_Aragorn_20-10-02_-30_ms2.msalign	11	34	Alz_TD_35286551_C_4_AB_16Nov20_Aragorn_20-10-02.mzML
MSV000093728	Alz_TD_07311370_A_5_WO_26Dec20_Aragorn_20-11-01_-50_ms2.msalign	11	34	Alz_TD_07311370_A_5_WO_26Dec20_Aragorn_20-11-01.mzML
MSV000093728	Alz_TD_14498577_B_4_AB_16Nov20_Aragorn_20-10-02_-30_ms2.msalign	11	34	Alz_TD_14498577_B_4_AB_16Nov20_Aragorn_20-10-02.mzML
MSV000093728	Alz_TD_66406040_A_4_WO_21Dec20_Aragorn_20-11-01_-50_ms2.msalign	11	34	Alz_TD_66406040_A_4_WO_21Dec20_Aragorn_20-11-01.mzML
MSV000093728	Alz_TD_95491648_B_3_WO_16Dec20_Aragorn_20-11-01_-50_ms2.msalign	11	34	Alz_TD_95491648_B_3_WO_16Dec20_Aragorn_20-11-01.mzML
MSV000093728	Alz_TD_17219510_A_3_AB_11Nov20_Aragorn_20-10-02_-30_ms2.msalign	11	34	Alz_TD_17219510_A_3_AB_11Nov20_Aragorn_20-10-02.mzML
MSV000093728	Alz_TD_92393245_C_6_WO_30Dec20_Aragorn_20-11-01_-40_ms2.msalign	11	34	Alz_TD_92393245_C_6_WO_30Dec20_Aragorn_20-11-01.mzML
MSV000093728	Alz_TD_82624422_C_4_WO_21Dec20_Aragorn_20-11-01_-30_ms2.msalign	11	34	Alz_TD_82624422_C_4_WO_21Dec20_Aragorn_20-11-01.mzML
MSV000093728	Alz_TD_45566083_B_3_WO_16Dec20_Aragorn_20-11-01_-50_ms2.msalign	11	34	Alz_TD_45566083_B_3_WO_16Dec20_Aragorn_20-11-01.mzML
MSV000093728	Alz_TD_82624422_C_4_WO_21Dec20_Aragorn_20-11-01_-50_ms2.msalign	11	34	Alz_TD_82624422_C_4_WO_21Dec20_Aragorn_20-11-01.mzML
MSV000093728	Alz_TD_92613520_C_1_AB_30Nov20_Aragorn_20-10-02_-30_ms2.msalign	11	34	Alz_TD_92613520_C_1_AB_30Nov20_Aragorn_20-10-02.mzML
MSV000093728	Alz_TD_81852640_C_2_WO_11Dec20_Aragorn_20-11-01_-30_ms2.msalign	11	34	Alz_TD_81852640_C_2_WO_11Dec20_Aragorn_20-11-01.mzML
MSV000093728	Alz_TD_23004922_C_6_WO_30Dec20_Aragorn_20-11-01_-50_ms2.msalign	11	34	Alz_TD_23004922_C_6_WO_30Dec20_Aragorn_20-11-01.mzML
MSV000093728	Alz_TD_78452313_B_5_AB_24Nov20_Aragorn_20-10-02_-30_ms2.msalign	11	34	Alz_TD_78452313_B_5_AB_24Nov20_Aragorn_20-10-02.mzML
MSV000093728	Alz_TD_50302554_B_3_WO_16Dec20_Aragorn_20-11-01_-50_ms2.msalign	11	34	Alz_TD_50302554_B_3_WO_16Dec20_Aragorn_20-11-01.mzML
MSV000093728	Alz_TD_50108912_C_6_WO_30Dec20_Aragorn_20-11-01_-50_ms2.msalign	11	34	Alz_TD_50108912_C_6_WO_30Dec20_Aragorn_20-11-01.mzML
MSV000093728	Alz_TD_50402017_B_3_AB_11Nov20_Aragorn_20-10-02_-30_ms2.msalign	11	34	Alz_TD_50402017_B_3_AB_11Nov20_Aragorn_20-10-02.mzML
MSV000093728	Alz_TD_91707643_A_4_AB_16Nov20_Aragorn_20-10-02_-30_ms2.msalign	11	34	Alz_TD_91707643_A_4_AB_16Nov20_Aragorn_20-10-02.mzML
MSV000093728	Alz_TD_77330002_A_6_WO_30Dec20_Aragorn_20-11-01_-50_ms2.msalign	11	34	Alz_TD_77330002_A_6_WO_30Dec20_Aragorn_20-11-01.mzML
MSV000093728	Alz_TD_54458919_A_3_WO_16Dec20_Aragorn_20-11-01_-50_ms2.msalign	11	34	Alz_TD_54458919_A_3_WO_16Dec20_Aragorn_20-11-01.mzML
MSV000093728	Alz_TD_35286551_C_4_WO_21Dec20_Aragorn_20-11-01_-30_ms2.msalign	11	34	Alz_TD_35286551_C_4_WO_21Dec20_Aragorn_20-11-01.mzML
MSV000093728	Alz_TD_64493027_B_1_AB_30Nov20_Aragorn_20-10-02_-30_ms2.msalign	11	34	Alz_TD_64493027_B_1_AB_30Nov20_Aragorn_20-10-02.mzML
MSV000093728	Alz_TD_18414513_A_3_WO_16Dec20_Aragorn_20-11-01_-50_ms2.msalign	11	34	Alz_TD_18414513_A_3_WO_16Dec20_Aragorn_20-11-01.mzML
MSV000093728	Alz_TD_67429065_A_4_AB_16Nov20_Aragorn_20-10-02_-30_ms2.msalign	11	34	Alz_TD_67429065_A_4_AB_16Nov20_Aragorn_20-10-02.mzML
MSV000093728	Alz_TD_67429065_A_4_WO_21Dec20_Aragorn_20-11-01_-30_ms2.msalign	11	34	Alz_TD_67429065_A_4_WO_21Dec20_Aragorn_20-11-01.mzML
MSV000093728	Alz_TD_78452313_B_5_WO_26Dec20_Aragorn_20-11-01_-50_ms2.msalign	11	34	Alz_TD_78452313_B_5_WO_26Dec20_Aragorn_20-11-01.mzML
MSV000093728	Alz_TD_70816595_C_3_WO_16Dec20_Aragorn_20-11-01_-50_ms2.msalign	11	34	Alz_TD_70816595_C_3_WO_16Dec20_Aragorn_20-11-01.mzML
MSV000093728	Alz_TD_02525608_B_5_AB_24Nov20_Aragorn_20-10-02_-30_ms2.msalign	11	34	Alz_TD_02525608_B_5_AB_24Nov20_Aragorn_20-10-02.mzML
MSV000093728	Alz_TD_45115248_B_3_WO_16Dec20_Aragorn_20-11-01_-30_ms2.msalign	11	34	Alz_TD_45115248_B_3_WO_16Dec20_Aragorn_20-11-01.mzML
MSV000093728	Alz_TD_50405330_C_6_WO_30Dec20_Aragorn_20-11-01_-50_ms2.msalign	11	34	Alz_TD_50405330_C_6_WO_30Dec20_Aragorn_20-11-01.mzML
MSV000093728	Alz_TD_82317494_A_3_AB_11Nov20_Aragorn_20-10-02_-30_ms2.msalign	11	34	Alz_TD_82317494_A_3_AB_11Nov20_Aragorn_20-10-02.mzML
MSV000093728	Alz_TD_83984043_C_6_WO_30Dec20_Aragorn_20-11-01_-50_ms2.msalign	11	34	Alz_TD_83984043_C_6_WO_30Dec20_Aragorn_20-11-01.mzML
MSV000093728	Alz_TD_31509843_C_3_AB_11Nov20_Aragorn_20-10-02_-30_ms2.msalign	11	34	Alz_TD_31509843_C_3_AB_11Nov20_Aragorn_20-10-02.mzML
MSV000093728	Alz_TD_15387421_C_5_WO_26Dec20_Aragorn_20-11-01_-50_ms2.msalign	11	34	Alz_TD_15387421_C_5_WO_26Dec20_Aragorn_20-11-01.mzML
MSV000093728	Alz_TD_60725338_B_5_WO_26Dec20_Aragorn_20-11-01_-40_ms2.msalign	11	34	Alz_TD_60725338_B_5_WO_26Dec20_Aragorn_20-11-01.mzML
MSV000093728	Alz_TD_14498577_B_4_WO_21Dec20_Aragorn_20-11-01_-30_ms2.msalign	11	34	Alz_TD_14498577_B_4_WO_21Dec20_Aragorn_20-11-01.mzML
MSV000093728	Alz_TD_50103129_C_1_AB_30Nov20_Aragorn_20-10-02_-30_ms2.msalign	11	34	Alz_TD_50103129_C_1_AB_30Nov20_Aragorn_20-10-02.mzML
MSV000093728	Alz_TD_61029627_C_3_WO_16Dec20_Aragorn_20-11-01_-30_ms2.msalign	11	34	Alz_TD_61029627_C_3_WO_16Dec20_Aragorn_20-11-01.mzML
MSV000093728	Alz_TD_87410220_A_4_AB_16Nov20_Aragorn_20-10-02_-30_ms2.msalign	11	34	Alz_TD_87410220_A_4_AB_16Nov20_Aragorn_20-10-02.mzML
MSV000093728	Alz_TD_50402693_A_5_WO_26Dec20_Aragorn_20-11-01_-50_ms2.msalign	11	34	Alz_TD_50402693_A_5_WO_26Dec20_Aragorn_20-11-01.mzML
MSV000093728	Alz_TD_92113025_A_3_WO_16Dec20_Aragorn_20-11-01_-30_ms2.msalign	11	34	Alz_TD_92113025_A_3_WO_16Dec20_Aragorn_20-11-01.mzML
MSV000093728	Alz_TD_30819298_A_5_WO_26Dec20_Aragorn_20-11-01_-40_ms2.msalign	11	34	Alz_TD_30819298_A_5_WO_26Dec20_Aragorn_20-11-01.mzML
MSV000093728	Alz_TD_92113025_A_3_WO_16Dec20_Aragorn_20-11-01_-50_ms2.msalign	11	34	Alz_TD_92113025_A_3_WO_16Dec20_Aragorn_20-11-01.mzML
MSV000093728	Alz_TD_89614402_A_6_WO_30Dec20_Aragorn_20-11-01_-50_ms2.msalign	11	34	Alz_TD_89614402_A_6_WO_30Dec20_Aragorn_20-11-01.mzML
MSV000093728	Alz_TD_60725338_B_5_AB_24Nov20_Aragorn_20-10-02_-30_ms2.msalign	11	34	Alz_TD_60725338_B_5_AB_24Nov20_Aragorn_20-10-02.mzML
MSV000093728	Alz_TD_43074402_C_2_WO_11Dec20_Aragorn_20-11-01_-50_ms2.msalign	11	34	Alz_TD_43074402_C_2_WO_11Dec20_Aragorn_20-11-01.mzML
MSV000093728	Alz_TD_65736039_B_5_WO_26Dec20_Aragorn_20-11-01_-50_ms2.msalign	11	34	Alz_TD_65736039_B_5_WO_26Dec20_Aragorn_20-11-01.mzML
MSV000093728	Alz_TD_70816595_C_3_AB_11Nov20_Aragorn_20-10-02_-30_ms2.msalign	11	34	Alz_TD_70816595_C_3_AB_11Nov20_Aragorn_20-10-02.mzML
MSV000093728	Alz_TD_71626373_C_1_AB_30Nov20_Aragorn_20-10-02_-30_ms2.msalign	11	34	Alz_TD_71626373_C_1_AB_30Nov20_Aragorn_20-10-02.mzML
MSV000093728	Alz_TD_05779736_A_1_AB_30Nov20_Aragorn_20-10-02_20201204135840_-30_ms2.msalign	11	34	Alz_TD_05779736_A_1_AB_30Nov20_Aragorn_20-10-02_20201204135840.mzML
MSV000093728	Alz_TD_07253015_C_4_AB_16Nov20_Aragorn_20-10-02_-30_ms2.msalign	11	34	Alz_TD_07253015_C_4_AB_16Nov20_Aragorn_20-10-02.mzML
MSV000093728	Alz_TD_27313862_C_4_WO_21Dec20_Aragorn_20-11-01_-50_ms2.msalign	11	34	Alz_TD_27313862_C_4_WO_21Dec20_Aragorn_20-11-01.mzML
MSV000093728	Alz_TD_50402729_A_5_WO_26Dec20_Aragorn_20-11-01_-50_ms2.msalign	11	34	Alz_TD_50402729_A_5_WO_26Dec20_Aragorn_20-11-01.mzML
MSV000093728	Alz_TD_70816595_C_3_WO_16Dec20_Aragorn_20-11-01_-30_ms2.msalign	11	34	Alz_TD_70816595_C_3_WO_16Dec20_Aragorn_20-11-01.mzML
MSV000093728	Alz_TD_70917649_A_6_WO_30Dec20_Aragorn_20-11-01_-50_ms2.msalign	11	34	Alz_TD_70917649_A_6_WO_30Dec20_Aragorn_20-11-01.mzML
MSV000093728	Alz_TD_07311370_A_5_WO_26Dec20_Aragorn_20-11-01_-40_ms2.msalign	11	34	Alz_TD_07311370_A_5_WO_26Dec20_Aragorn_20-11-01.mzML
MSV000093728	Alz_TD_50401002_A_6_WO_30Dec20_Aragorn_20-11-01_-50_ms2.msalign	11	34	Alz_TD_50401002_A_6_WO_30Dec20_Aragorn_20-11-01.mzML
MSV000093728	Alz_TD_91707643_A_4_WO_21Dec20_Aragorn_20-11-01_-30_ms2.msalign	11	34	Alz_TD_91707643_A_4_WO_21Dec20_Aragorn_20-11-01.mzML
MSV000093728	Alz_TD_50402017_B_3_WO_16Dec20_Aragorn_20-11-01_-50_ms2.msalign	11	34	Alz_TD_50402017_B_3_WO_16Dec20_Aragorn_20-11-01.mzML
MSV000093728	Alz_TD_50406057_A_3_WO_16Dec20_Aragorn_20-11-01_-30_ms2.msalign	11	34	Alz_TD_50406057_A_3_WO_16Dec20_Aragorn_20-11-01.mzML
MSV000093728	Alz_TD_22776575_A_2_WO_11Dec20_Aragorn_20-11-01_-50_ms2.msalign	11	34	Alz_TD_22776575_A_2_WO_11Dec20_Aragorn_20-11-01.mzML
MSV000093728	Alz_TD_45566083_B_3_WO_16Dec20_Aragorn_20-11-01_-30_ms2.msalign	11	34	Alz_TD_45566083_B_3_WO_16Dec20_Aragorn_20-11-01.mzML
MSV000093728	Alz_TD_50302554_B_3_AB_11Nov20_Aragorn_20-10-02_-30_ms2.msalign	11	34	Alz_TD_50302554_B_3_AB_11Nov20_Aragorn_20-10-02.mzML
MSV000093728	Alz_TD_92393245_C_6_WO_30Dec20_Aragorn_20-11-01_-50_ms2.msalign	11	34	Alz_TD_92393245_C_6_WO_30Dec20_Aragorn_20-11-01.mzML
MSV000093728	Alz_TD_27313862_C_4_WO_21Dec20_Aragorn_20-11-01_-30_ms2.msalign	11	34	Alz_TD_27313862_C_4_WO_21Dec20_Aragorn_20-11-01.mzML
MSV000093728	Alz_TD_84417209_C_6_WO_30Dec20_Aragorn_20-11-01_-50_ms2.msalign	11	34	Alz_TD_84417209_C_6_WO_30Dec20_Aragorn_20-11-01.mzML
MSV000093728	Alz_TD_87410220_A_4_WO_21Dec20_Aragorn_20-11-01_-30_ms2.msalign	11	34	Alz_TD_87410220_A_4_WO_21Dec20_Aragorn_20-11-01.mzML
MSV000093728	Alz_TD_04879843_C_1_AB_30Nov20_Aragorn_20-10-02_-30_ms2.msalign	11	34	Alz_TD_04879843_C_1_AB_30Nov20_Aragorn_20-10-02.mzML
MSV000093728	Alz_TD_46246604_A_4_AB_16Nov20_Aragorn_20-10-02_-30_ms2.msalign	11	34	Alz_TD_46246604_A_4_AB_16Nov20_Aragorn_20-10-02.mzML
MSV000093728	Alz_TD_66406040_A_4_WO_21Dec20_Aragorn_20-11-01_-30_ms2.msalign	11	34	Alz_TD_66406040_A_4_WO_21Dec20_Aragorn_20-11-01.mzML
MSV000093728	Alz_TD_76867532_C_5_WO_26Dec20_Aragorn_20-11-01_-50_ms2.msalign	11	34	Alz_TD_76867532_C_5_WO_26Dec20_Aragorn_20-11-01.mzML
MSV000093728	Alz_TD_51815338_C_3_WO_16Dec20_Aragorn_20-11-01_-50_ms2.msalign	11	34	Alz_TD_51815338_C_3_WO_16Dec20_Aragorn_20-11-01.mzML
MSV000093728	Alz_TD_25580771_B_3_WO_16Dec20_Aragorn_20-11-01_-50_ms2.msalign	11	34	Alz_TD_25580771_B_3_WO_16Dec20_Aragorn_20-11-01.mzML
MSV000093728	Alz_TD_32705437_C_4_AB_16Nov20_Aragorn_20-10-02_-30_ms2.msalign	11	34	Alz_TD_32705437_C_4_AB_16Nov20_Aragorn_20-10-02.mzML
MSV000093728	Alz_TD_50410283_A_1_WO_08Oct20_Aragorn_18-12-15_-30_ms2.msalign	11	34	Alz_TD_50410283_A_1_WO_08Oct20_Aragorn_18-12-15.mzML
MSV000093728	Alz_TD_94430339_A_5_WO_26Dec20_Aragorn_20-11-01_-50_ms2.msalign	11	34	Alz_TD_94430339_A_5_WO_26Dec20_Aragorn_20-11-01.mzML
MSV000093728	Alz_TD_14184286_A_4_AB_16Nov20_Aragorn_20-10-02_-30_ms2.msalign	11	34	Alz_TD_14184286_A_4_AB_16Nov20_Aragorn_20-10-02.mzML
MSV000093728	Alz_TD_30819298_A_5_WO_26Dec20_Aragorn_20-11-01_-50_ms2.msalign	11	34	Alz_TD_30819298_A_5_WO_26Dec20_Aragorn_20-11-01.mzML
MSV000093728	Alz_TD_52311825_C_5_AB_24Nov20_Aragorn_20-10-02_-30_ms2.msalign	11	34	Alz_TD_52311825_C_5_AB_24Nov20_Aragorn_20-10-02.mzML
MSV000093728	Alz_TD_90942860_C_1_AB_30Nov20_Aragorn_20-10-02_-30_ms2.msalign	11	34	Alz_TD_90942860_C_1_AB_30Nov20_Aragorn_20-10-02.mzML
MSV000093728	Alz_TD_50108886_A_3_AB_11Nov20_Aragorn_20-10-02_-30_ms2.msalign	11	34	Alz_TD_50108886_A_3_AB_11Nov20_Aragorn_20-10-02.mzML
MSV000093728	Alz_TD_43074402_C_2_AB_5Nov20_Aragorn_20-10-02_-30_ms2.msalign	11	34	Alz_TD_43074402_C_2_AB_5Nov20_Aragorn_20-10-02.mzML
MSV000093728	Alz_TD_35941263_C_2_AB_7Nov20_Aragorn_20-10-02_-30_ms2.msalign	11	34	Alz_TD_35941263_C_2_AB_7Nov20_Aragorn_20-10-02.mzML
MSV000093728	Alz_TD_76867532_C_5_AB_24Nov20_Aragorn_20-10-02_-30_ms2.msalign	11	34	Alz_TD_76867532_C_5_AB_24Nov20_Aragorn_20-10-02.mzML
MSV000093728	Alz_TD_94430339_A_5_WO_26Dec20_Aragorn_20-11-01_-40_ms2.msalign	11	34	Alz_TD_94430339_A_5_WO_26Dec20_Aragorn_20-11-01.mzML
MSV000093728	Alz_TD_82684406_A_2_AB_7Nov20_Aragorn_20-10-02_-30_ms2.msalign	11	34	Alz_TD_82684406_A_2_AB_7Nov20_Aragorn_20-10-02.mzML
MSV000093728	Alz_TD_07253015_C_4_WO_21Dec20_Aragorn_20-11-01_-50_ms2.msalign	11	34	Alz_TD_07253015_C_4_WO_21Dec20_Aragorn_20-11-01.mzML
MSV000093728	Alz_TD_39484737_A_6_WO_30Dec20_Aragorn_20-11-01_-50_ms2.msalign	11	34	Alz_TD_39484737_A_6_WO_30Dec20_Aragorn_20-11-01.mzML
MSV000093728	Alz_TD_52311825_C_5_WO_26Dec20_Aragorn_20-11-01_-50_ms2.msalign	11	34	Alz_TD_52311825_C_5_WO_26Dec20_Aragorn_20-11-01.mzML
MSV000093728	Alz_TD_39989287_A_5_AB_24Nov20_Aragorn_20-10-02_-30_ms2.msalign	11	34	Alz_TD_39989287_A_5_AB_24Nov20_Aragorn_20-10-02.mzML
MSV000093728	Alz_TD_94430339_A_5_AB_24Nov20_Aragorn_20-10-02_-30_ms2.msalign	11	34	Alz_TD_94430339_A_5_AB_24Nov20_Aragorn_20-10-02.mzML
MSV000093728	Alz_TD_44019405_B_4_WO_21Dec20_Aragorn_20-11-01_-30_ms2.msalign	11	34	Alz_TD_44019405_B_4_WO_21Dec20_Aragorn_20-11-01.mzML
MSV000093728	Alz_TD_82684406_A_2_WO_11Dec20_Aragorn_20-11-01_-50_ms2.msalign	11	34	Alz_TD_82684406_A_2_WO_11Dec20_Aragorn_20-11-01.mzML
MSV000093728	Alz_TD_92113025_A_3_AB_11Nov20_Aragorn_20-10-02_-30_ms2.msalign	11	34	Alz_TD_92113025_A_3_AB_11Nov20_Aragorn_20-10-02.mzML
MSV000093728	Alz_TD_74753465_A_5_WO_26Dec20_Aragorn_20-11-01_-40_ms2.msalign	11	34	Alz_TD_74753465_A_5_WO_26Dec20_Aragorn_20-11-01.mzML
MSV000093728	Alz_TD_61142759_A_1_AB_30Nov20_Aragorn_20-10-02_-30_ms2.msalign	11	34	Alz_TD_61142759_A_1_AB_30Nov20_Aragorn_20-10-02.mzML
MSV000093728	Alz_TD_86177506_A_6_WO_30Dec20_Aragorn_20-11-01_-50_ms2.msalign	11	34	Alz_TD_86177506_A_6_WO_30Dec20_Aragorn_20-11-01.mzML
MSV000093728	Alz_TD_74753465_A_5_AB_24Nov20_Aragorn_20-10-02_-30_ms2.msalign	11	34	Alz_TD_74753465_A_5_AB_24Nov20_Aragorn_20-10-02.mzML
MSV000093728	Alz_TD_82317494_A_3_WO_16Dec20_Aragorn_20-11-01_-30_ms2.msalign	11	34	Alz_TD_82317494_A_3_WO_16Dec20_Aragorn_20-11-01.mzML
MSV000093728	Alz_TD_16513683_A_5_WO_26Dec20_Aragorn_20-11-01_-50_ms2.msalign	11	34	Alz_TD_16513683_A_5_WO_26Dec20_Aragorn_20-11-01.mzML
MSV000093728	Alz_TD_91707643_A_4_WO_21Dec20_Aragorn_20-11-01_-50_ms2.msalign	11	34	Alz_TD_91707643_A_4_WO_21Dec20_Aragorn_20-11-01.mzML
MSV000093728	Alz_TD_50410283_A_1_AB_30Nov20_Aragorn_20-10-02_-30_ms2.msalign	11	34	Alz_TD_50410283_A_1_AB_30Nov20_Aragorn_20-10-02.mzML
MSV000093728	Alz_TD_30819298_A_5_AB_24Nov20_Aragorn_20-10-02_-30_ms2.msalign	11	34	Alz_TD_30819298_A_5_AB_24Nov20_Aragorn_20-10-02.mzML
MSV000093728	Alz_TD_50108886_A_3_WO_16Dec20_Aragorn_20-11-01_-30_ms2.msalign	11	34	Alz_TD_50108886_A_3_WO_16Dec20_Aragorn_20-11-01.mzML
MSV000093728	Alz_TD_65736039_B_5_AB_24Nov20_Aragorn_20-10-02_-30_ms2.msalign	11	34	Alz_TD_65736039_B_5_AB_24Nov20_Aragorn_20-10-02.mzML
MSV000093728	Alz_TD_25580771_B_3_WO_16Dec20_Aragorn_20-11-01_-30_ms2.msalign	11	34	Alz_TD_25580771_B_3_WO_16Dec20_Aragorn_20-11-01.mzML
MSV000093728	Alz_TD_91018909_B_1_WO_11Oct20_Aragorn_18-12-13_-50_ms2.msalign	11	34	Alz_TD_91018909_B_1_WO_11Oct20_Aragorn_18-12-13.mzML
MSV000093728	Alz_TD_21362537_B_5_WO_26Dec20_Aragorn_20-11-01_-50_ms2.msalign	11	34	Alz_TD_21362537_B_5_WO_26Dec20_Aragorn_20-11-01.mzML
MSV000093728	Alz_TD_65652206_C_2_WO_11Dec20_Aragorn_20-11-01_-50_ms2.msalign	11	34	Alz_TD_65652206_C_2_WO_11Dec20_Aragorn_20-11-01.mzML
MSV000093728	Alz_TD_81852640_C_2_AB_7Nov20_Aragorn_20-10-02_-30_ms2.msalign	11	34	Alz_TD_81852640_C_2_AB_7Nov20_Aragorn_20-10-02.mzML
MSV000093728	Alz_TD_07311370_A_5_AB_24Nov20_Aragorn_20-10-02_-30_ms2.msalign	11	34	Alz_TD_07311370_A_5_AB_24Nov20_Aragorn_20-10-02.mzML
MSV000093728	Alz_TD_60747316_B_1_AB_30Nov20_Aragorn_20-10-02_-40_ms2.msalign	11	34	Alz_TD_60747316_B_1_AB_30Nov20_Aragorn_20-10-02.mzML
MSV000093728	Alz_TD_35941263_C_2_WO_11Dec20_Aragorn_20-11-01_-50_ms2.msalign	11	34	Alz_TD_35941263_C_2_WO_11Dec20_Aragorn_20-11-01.mzML
MSV000093728	Alz_TD_50409370_B_2_AB_7Nov20_Aragorn_20-10-02_-30_ms2.msalign	11	34	Alz_TD_50409370_B_2_AB_7Nov20_Aragorn_20-10-02.mzML
MSV000093728	Alz_TD_44019405_B_4_AB_16Nov20_Aragorn_20-10-02_-50_ms2.msalign	11	34	Alz_TD_44019405_B_4_AB_16Nov20_Aragorn_20-10-02.mzML
MSV000093728	Alz_TD_08132197_A_1_AB_30Nov20_Aragorn_20-10-02_20201204103853_-30_ms2.msalign	11	34	Alz_TD_08132197_A_1_AB_30Nov20_Aragorn_20-10-02_20201204103853.mzML
MSV000093728	Alz_TD_84653463_B_5_AB_24Nov20_Aragorn_20-10-02_-30_ms2.msalign	11	34	Alz_TD_84653463_B_5_AB_24Nov20_Aragorn_20-10-02.mzML
MSV000093728	Alz_TD_37527863_B_6_WO_30Dec20_Aragorn_20-11-01_-50_ms2.msalign	11	34	Alz_TD_37527863_B_6_WO_30Dec20_Aragorn_20-11-01.mzML
MSV000093728	Alz_TD_51815338_C_3_WO_16Dec20_Aragorn_20-11-01_-30_ms2.msalign	11	34	Alz_TD_51815338_C_3_WO_16Dec20_Aragorn_20-11-01.mzML
MSV000093728	Alz_TD_34962204_C_2_WO_11Dec20_Aragorn_20-11-01_-50_ms2.msalign	11	34	Alz_TD_34962204_C_2_WO_11Dec20_Aragorn_20-11-01.mzML
MSV000093728	Alz_TD_95491648_B_3_AB_11Nov20_Aragorn_20-10-02_-30_ms2.msalign	11	34	Alz_TD_95491648_B_3_AB_11Nov20_Aragorn_20-10-02.mzML
MSV000093728	Alz_TD_50402693_A_5_AB_24Nov20_Aragorn_20-10-02_-30_ms2.msalign	11	34	Alz_TD_50402693_A_5_AB_24Nov20_Aragorn_20-10-02.mzML
MSV000093728	Alz_TD_50401002_A_6_AB_29Oct20_Aragorn_20-10-01_-30_ms2.msalign	11	34	Alz_TD_50401002_A_6_AB_29Oct20_Aragorn_20-10-01.mzML
MSV000093728	Alz_TD_50406057_A_3_AB_11Nov20_Aragorn_20-10-02_-30_ms2.msalign	11	34	Alz_TD_50406057_A_3_AB_11Nov20_Aragorn_20-10-02.mzML
MSV000093728	Alz_TD_50400835_C_4_WO_21Dec20_Aragorn_20-11-01_-40_ms2.msalign	11	34	Alz_TD_50400835_C_4_WO_21Dec20_Aragorn_20-11-01.mzML
MSV000093728	Alz_TD_54122640_B_2_WO_11Dec20_Aragorn_20-11-01_-50_ms2.msalign	11	34	Alz_TD_54122640_B_2_WO_11Dec20_Aragorn_20-11-01.mzML
MSV000093728	Alz_TD_18414513_A_3_AB_11Nov20_Aragorn_20-10-02_-30_ms2.msalign	11	34	Alz_TD_18414513_A_3_AB_11Nov20_Aragorn_20-10-02.mzML
MSV000093728	Alz_TD_50500136_A_1_AB_30Nov20_Aragorn_20-10-02_-40_ms2.msalign	11	34	Alz_TD_50500136_A_1_AB_30Nov20_Aragorn_20-10-02.mzML
MSV000093728	Alz_TD_14498577_B_4_WO_21Dec20_Aragorn_20-11-01_-50_ms2.msalign	11	34	Alz_TD_14498577_B_4_WO_21Dec20_Aragorn_20-11-01.mzML
MSV000093728	Alz_TD_91921829_A_2_AB_5Nov20_Aragorn_20-10-02_-30_ms2.msalign	11	34	Alz_TD_91921829_A_2_AB_5Nov20_Aragorn_20-10-02.mzML
MSV000093728	Alz_TD_50101523_B_2_WO_11Dec20_Aragorn_20-11-01_-50_ms2.msalign	11	34	Alz_TD_50101523_B_2_WO_11Dec20_Aragorn_20-11-01.mzML
MSV000093728	Alz_TD_46246604_A_4_WO_21Dec20_Aragorn_20-11-01_-40_ms2.msalign	11	34	Alz_TD_46246604_A_4_WO_21Dec20_Aragorn_20-11-01.mzML
MSV000093728	Alz_TD_51815338_C_3_AB_11Nov20_Aragorn_20-10-02_-30_ms2.msalign	11	34	Alz_TD_51815338_C_3_AB_11Nov20_Aragorn_20-10-02.mzML
MSV000093728	Alz_TD_65001607_A_2_WO_11Dec20_Aragorn_20-11-01_-50_ms2.msalign	11	34	Alz_TD_65001607_A_2_WO_11Dec20_Aragorn_20-11-01.mzML
MSV000093728	Alz_TD_81852640_C_2_WO_11Dec20_Aragorn_20-11-01_-50_ms2.msalign	11	34	Alz_TD_81852640_C_2_WO_11Dec20_Aragorn_20-11-01.mzML
MSV000093728	Alz_TD_44019405_B_4_AB_16Nov20_Aragorn_20-10-02_-30_ms2.msalign	11	34	Alz_TD_44019405_B_4_AB_16Nov20_Aragorn_20-10-02.mzML
MSV000093728	Alz_TD_91018909_B_1_WO_11Oct20_Aragorn_18-12-13_-40_ms2.msalign	11	34	Alz_TD_91018909_B_1_WO_11Oct20_Aragorn_18-12-13.mzML
MSV000093728	Alz_TD_32705437_C_4_WO_21Dec20_Aragorn_20-11-01_-40_ms2.msalign	11	34	Alz_TD_32705437_C_4_WO_21Dec20_Aragorn_20-11-01.mzML
MSV000093728	Alz_TD_50409370_B_2_WO_11Dec20_Aragorn_20-11-01_-50_ms2.msalign	11	34	Alz_TD_50409370_B_2_WO_11Dec20_Aragorn_20-11-01.mzML
MSV000093728	Alz_TD_74753465_A_5_WO_26Dec20_Aragorn_20-11-01_-50_ms2.msalign	11	34	Alz_TD_74753465_A_5_WO_26Dec20_Aragorn_20-11-01.mzML
MSV000093728	Alz_TD_92613520_C_1_AB_30Nov20_Aragorn_20-10-02_-40_ms2.msalign	11	34	Alz_TD_92613520_C_1_AB_30Nov20_Aragorn_20-10-02.mzML
MSV000093728	Alz_TD_16513683_A_5_AB_24Nov20_Aragorn_20-10-02_-30_ms2.msalign	11	34	Alz_TD_16513683_A_5_AB_24Nov20_Aragorn_20-10-02.mzML
MSV000093728	Alz_TD_50403446_A_2_WO_11Dec20_Aragorn_20-11-01_-50_ms2.msalign	11	34	Alz_TD_50403446_A_2_WO_11Dec20_Aragorn_20-11-01.mzML
MSV000093728	Alz_TD_44019405_B_4_AB_16Nov20_Aragorn_20-10-02_-40_ms2.msalign	11	34	Alz_TD_44019405_B_4_AB_16Nov20_Aragorn_20-10-02.mzML
MSV000093728	Alz_TD_39484737_A_6_AB_29Oct20_Aragorn_20-10-01_-30_ms2.msalign	11	34	Alz_TD_39484737_A_6_AB_29Oct20_Aragorn_20-10-01.mzML
MSV000093728	Alz_TD_68745332_B_1_AB_30Nov20_Aragorn_20-10-02_-30_ms2.msalign	11	34	Alz_TD_68745332_B_1_AB_30Nov20_Aragorn_20-10-02.mzML
MSV000093728	Alz_TD_25580771_B_3_AB_11Nov20_Aragorn_20-10-02_-30_ms2.msalign	11	34	Alz_TD_25580771_B_3_AB_11Nov20_Aragorn_20-10-02.mzML
MSV000093728	Alz_TD_61029627_C_3_AB_11Nov20_Aragorn_20-10-02_-30_ms2.msalign	11	34	Alz_TD_61029627_C_3_AB_11Nov20_Aragorn_20-10-02.mzML
MSV000093728	Alz_TD_91707643_A_4_WO_21Dec20_Aragorn_20-11-01_-40_ms2.msalign	11	34	Alz_TD_91707643_A_4_WO_21Dec20_Aragorn_20-11-01.mzML
MSV000093728	Alz_TD_65292866_A_1_AB_30Nov20_Aragorn_20-10-02_-40_ms2.msalign	11	34	Alz_TD_65292866_A_1_AB_30Nov20_Aragorn_20-10-02.mzML
MSV000093728	Alz_TD_92996364_B_4_AB_16Nov20_Aragorn_20-10-02_-30_ms2.msalign	11	34	Alz_TD_92996364_B_4_AB_16Nov20_Aragorn_20-10-02.mzML
MSV000093728	Alz_TD_77239958_B_4_WO_21Dec20_Aragorn_20-11-01_-40_ms2.msalign	11	34	Alz_TD_77239958_B_4_WO_21Dec20_Aragorn_20-11-01.mzML
MSV000093728	Alz_TD_08132197_A_1_AB_30Nov20_Aragorn_20-10-02_20201204103853_-40_ms2.msalign	11	34	Alz_TD_08132197_A_1_AB_30Nov20_Aragorn_20-10-02_20201204103853.mzML
MSV000093728	Alz_TD_65001607_A_2_AB_7Nov20_Aragorn_20-10-02_-30_ms2.msalign	11	34	Alz_TD_65001607_A_2_AB_7Nov20_Aragorn_20-10-02.mzML
MSV000093728	Alz_TD_68015667_A_2_AB_5Nov20_Aragorn_20-10-02_-30_ms2.msalign	11	34	Alz_TD_68015667_A_2_AB_5Nov20_Aragorn_20-10-02.mzML
MSV000093728	Alz_TD_21362537_B_5_AB_24Nov20_Aragorn_20-10-02_-30_ms2.msalign	11	34	Alz_TD_21362537_B_5_AB_24Nov20_Aragorn_20-10-02.mzML
MSV000093728	Alz_TD_91921829_A_2_WO_11Dec20_Aragorn_20-11-01_-50_ms2.msalign	11	34	Alz_TD_91921829_A_2_WO_11Dec20_Aragorn_20-11-01.mzML
MSV000093728	Alz_TD_50106280_A_4_WO_21Dec20_Aragorn_20-11-01_-40_ms2.msalign	11	34	Alz_TD_50106280_A_4_WO_21Dec20_Aragorn_20-11-01.mzML
MSV000093728	Alz_TD_23004922_C_6_AB_30Oct20_Aragorn_20-10-01_-30_ms2.msalign	11	34	Alz_TD_23004922_C_6_AB_30Oct20_Aragorn_20-10-01.mzML
MSV000093728	Alz_TD_92996364_B_4_WO_21Dec20_Aragorn_20-11-01_-40_ms2.msalign	11	34	Alz_TD_92996364_B_4_WO_21Dec20_Aragorn_20-11-01.mzML
MSV000093728	Alz_TD_50108886_A_3_WO_16Dec20_Aragorn_20-11-01_-40_ms2.msalign	11	34	Alz_TD_50108886_A_3_WO_16Dec20_Aragorn_20-11-01.mzML
MSV000093728	Alz_TD_44019405_B_4_WO_21Dec20_Aragorn_20-11-01_-40_ms2.msalign	11	34	Alz_TD_44019405_B_4_WO_21Dec20_Aragorn_20-11-01.mzML
MSV000093728	Alz_TD_05689621_B_2_WO_11Dec20_Aragorn_20-11-01_-50_ms2.msalign	11	34	Alz_TD_05689621_B_2_WO_11Dec20_Aragorn_20-11-01.mzML
MSV000093728	Alz_TD_51400993_B_5_AB_24Nov20_Aragorn_20-10-02_-30_ms2.msalign	11	34	Alz_TD_51400993_B_5_AB_24Nov20_Aragorn_20-10-02.mzML
MSV000093728	Alz_TD_64493027_B_1_AB_30Nov20_Aragorn_20-10-02_-40_ms2.msalign	11	34	Alz_TD_64493027_B_1_AB_30Nov20_Aragorn_20-10-02.mzML
MSV000093728	Alz_TD_02525608_B_5_AB_24Nov20_Aragorn_20-10-02_-40_ms2.msalign	11	34	Alz_TD_02525608_B_5_AB_24Nov20_Aragorn_20-10-02.mzML
MSV000093728	Alz_TD_14184286_A_4_WO_21Dec20_Aragorn_20-11-01_-40_ms2.msalign	11	34	Alz_TD_14184286_A_4_WO_21Dec20_Aragorn_20-11-01.mzML
MSV000093728	Alz_TD_15387421_C_5_AB_24Nov20_Aragorn_20-10-02_-30_ms2.msalign	11	34	Alz_TD_15387421_C_5_AB_24Nov20_Aragorn_20-10-02.mzML
MSV000093728	Alz_TD_77330002_A_6_AB_30Oct20_Aragorn_20-10-01_-30_ms2.msalign	11	34	Alz_TD_77330002_A_6_AB_30Oct20_Aragorn_20-10-01.mzML
MSV000093728	Alz_TD_67429065_A_4_WO_21Dec20_Aragorn_20-11-01_-40_ms2.msalign	11	34	Alz_TD_67429065_A_4_WO_21Dec20_Aragorn_20-11-01.mzML
MSV000093728	Alz_TD_34962204_C_2_AB_7Nov20_Aragorn_20-10-02_-30_ms2.msalign	11	34	Alz_TD_34962204_C_2_AB_7Nov20_Aragorn_20-10-02.mzML
MSV000093728	Alz_TD_54122640_B_2_AB_5Nov20_Aragorn_20-10-02_-30_ms2.msalign	11	34	Alz_TD_54122640_B_2_AB_5Nov20_Aragorn_20-10-02.mzML
MSV000093728	Alz_TD_22776575_A_2_AB_7Nov20_Aragorn_20-10-02_-30_ms2.msalign	11	34	Alz_TD_22776575_A_2_AB_7Nov20_Aragorn_20-10-02.mzML
MSV000093728	Alz_TD_87410220_A_4_WO_21Dec20_Aragorn_20-11-01_-40_ms2.msalign	11	34	Alz_TD_87410220_A_4_WO_21Dec20_Aragorn_20-11-01.mzML
MSV000093728	Alz_TD_27313862_C_4_AB_16Nov20_Aragorn_20-10-02_-30_ms2.msalign	11	34	Alz_TD_27313862_C_4_AB_16Nov20_Aragorn_20-10-02.mzML
MSV000093728	Alz_TD_66406040_A_4_WO_21Dec20_Aragorn_20-11-01_-40_ms2.msalign	11	34	Alz_TD_66406040_A_4_WO_21Dec20_Aragorn_20-11-01.mzML
MSV000093728	Alz_TD_35286551_C_4_WO_21Dec20_Aragorn_20-11-01_-40_ms2.msalign	11	34	Alz_TD_35286551_C_4_WO_21Dec20_Aragorn_20-11-01.mzML
MSV000093728	Alz_TD_50101523_B_2_AB_5Nov20_Aragorn_20-10-02_-30_ms2.msalign	11	34	Alz_TD_50101523_B_2_AB_5Nov20_Aragorn_20-10-02.mzML
MSV000093728	Alz_TD_08109170_C_4_WO_21Dec20_Aragorn_20-11-01_-40_ms2.msalign	11	34	Alz_TD_08109170_C_4_WO_21Dec20_Aragorn_20-11-01.mzML
MSV000093728	Alz_TD_93462021_C_2_WO_11Dec20_Aragorn_20-11-01_-50_ms2.msalign	11	34	Alz_TD_93462021_C_2_WO_11Dec20_Aragorn_20-11-01.mzML
MSV000093728	Alz_TD_89614402_A_6_AB_30Oct20_Aragorn_20-10-01_-30_ms2.msalign	11	34	Alz_TD_89614402_A_6_AB_30Oct20_Aragorn_20-10-01.mzML
MSV000093728	Alz_TD_32705437_C_4_AB_16Nov20_Aragorn_20-10-02_-40_ms2.msalign	11	34	Alz_TD_32705437_C_4_AB_16Nov20_Aragorn_20-10-02.mzML
MSV000093728	Alz_TD_50106280_A_4_AB_16Nov20_Aragorn_20-10-02_-40_ms2.msalign	11	34	Alz_TD_50106280_A_4_AB_16Nov20_Aragorn_20-10-02.mzML
MSV000093728	Alz_TD_04879843_C_1_AB_30Nov20_Aragorn_20-10-02_-40_ms2.msalign	11	34	Alz_TD_04879843_C_1_AB_30Nov20_Aragorn_20-10-02.mzML
MSV000093728	Alz_TD_50103129_C_1_AB_30Nov20_Aragorn_20-10-02_-40_ms2.msalign	11	34	Alz_TD_50103129_C_1_AB_30Nov20_Aragorn_20-10-02.mzML
MSV000093728	Alz_TD_14498577_B_4_AB_16Nov20_Aragorn_20-10-02_-40_ms2.msalign	11	34	Alz_TD_14498577_B_4_AB_16Nov20_Aragorn_20-10-02.mzML
MSV000093728	Alz_TD_60848460_B_1_AB_30Nov20_Aragorn_20-10-02_-40_ms2.msalign	11	34	Alz_TD_60848460_B_1_AB_30Nov20_Aragorn_20-10-02.mzML
MSV000093728	Alz_TD_93462021_C_2_AB_5Nov20_Aragorn_20-10-02_-30_ms2.msalign	11	34	Alz_TD_93462021_C_2_AB_5Nov20_Aragorn_20-10-02.mzML
MSV000093728	Alz_TD_05779736_A_1_AB_30Nov20_Aragorn_20-10-02_20201204135840_-40_ms2.msalign	11	34	Alz_TD_05779736_A_1_AB_30Nov20_Aragorn_20-10-02_20201204135840.mzML
MSV000093728	Alz_TD_36492755_B_1_AB_30Nov20_Aragorn_20-10-02_-40_ms2.msalign	11	34	Alz_TD_36492755_B_1_AB_30Nov20_Aragorn_20-10-02.mzML
MSV000093728	Alz_TD_05779736_A_1_WO_08Oct20_Aragorn_18-12-15_-50_ms2.msalign	11	34	Alz_TD_05779736_A_1_WO_08Oct20_Aragorn_18-12-15.mzML
MSV000093728	Alz_TD_71727427_A_3_WO_16Dec20_Aragorn_20-11-01_-40_ms2.msalign	11	34	Alz_TD_71727427_A_3_WO_16Dec20_Aragorn_20-11-01.mzML
MSV000093728	Alz_TD_67429065_A_4_AB_16Nov20_Aragorn_20-10-02_-40_ms2.msalign	11	34	Alz_TD_67429065_A_4_AB_16Nov20_Aragorn_20-10-02.mzML
MSV000093728	Alz_TD_50406057_A_3_WO_16Dec20_Aragorn_20-11-01_-40_ms2.msalign	11	34	Alz_TD_50406057_A_3_WO_16Dec20_Aragorn_20-11-01.mzML
MSV000093728	Alz_TD_50108912_C_6_AB_5Nov20_Aragorn_20-10-02_-30_ms2.msalign	11	34	Alz_TD_50108912_C_6_AB_5Nov20_Aragorn_20-10-02.mzML
MSV000093728	Alz_TD_82624422_C_4_WO_21Dec20_Aragorn_20-11-01_-40_ms2.msalign	11	34	Alz_TD_82624422_C_4_WO_21Dec20_Aragorn_20-11-01.mzML
MSV000093728	Alz_TD_27313862_C_4_WO_21Dec20_Aragorn_20-11-01_-40_ms2.msalign	11	34	Alz_TD_27313862_C_4_WO_21Dec20_Aragorn_20-11-01.mzML
MSV000093728	Alz_TD_05689621_B_2_AB_7Nov20_Aragorn_20-10-02_-30_ms2.msalign	11	34	Alz_TD_05689621_B_2_AB_7Nov20_Aragorn_20-10-02.mzML
MSV000093728	Alz_TD_72188804_B_2_AB_5Nov20_Aragorn_20-10-02_-30_ms2.msalign	11	34	Alz_TD_72188804_B_2_AB_5Nov20_Aragorn_20-10-02.mzML
MSV000093728	Alz_TD_95491648_B_3_WO_16Dec20_Aragorn_20-11-01_-40_ms2.msalign	11	34	Alz_TD_95491648_B_3_WO_16Dec20_Aragorn_20-11-01.mzML
MSV000093728	Alz_TD_39989287_A_5_AB_24Nov20_Aragorn_20-10-02_-40_ms2.msalign	11	34	Alz_TD_39989287_A_5_AB_24Nov20_Aragorn_20-10-02.mzML
MSV000093728	Alz_TD_84417209_C_6_AB_29Oct20_Aragorn_20-10-01_-30_ms2.msalign	11	34	Alz_TD_84417209_C_6_AB_29Oct20_Aragorn_20-10-01.mzML
MSV000093728	Alz_TD_50101523_B_2_WO_11Dec20_Aragorn_20-11-01_-40_ms2.msalign	11	34	Alz_TD_50101523_B_2_WO_11Dec20_Aragorn_20-11-01.mzML
MSV000093728	Alz_TD_50405330_C_6_AB_5Nov20_Aragorn_20-10-02_-30_ms2.msalign	11	34	Alz_TD_50405330_C_6_AB_5Nov20_Aragorn_20-10-02.mzML
MSV000093728	Alz_TD_93462021_C_2_WO_11Dec20_Aragorn_20-11-01_-40_ms2.msalign	11	34	Alz_TD_93462021_C_2_WO_11Dec20_Aragorn_20-11-01.mzML
MSV000093728	Alz_TD_14498577_B_4_WO_21Dec20_Aragorn_20-11-01_-40_ms2.msalign	11	34	Alz_TD_14498577_B_4_WO_21Dec20_Aragorn_20-11-01.mzML
MSV000093728	Alz_TD_72188804_B_2_WO_11Dec20_Aragorn_20-11-01_-50_ms2.msalign	11	34	Alz_TD_72188804_B_2_WO_11Dec20_Aragorn_20-11-01.mzML
MSV000093728	Alz_TD_87779516_B_1_AB_30Nov20_Aragorn_20-10-02_-40_ms2.msalign	11	34	Alz_TD_87779516_B_1_AB_30Nov20_Aragorn_20-10-02.mzML
MSV000093728	Alz_TD_54458919_A_3_WO_16Dec20_Aragorn_20-11-01_-40_ms2.msalign	11	34	Alz_TD_54458919_A_3_WO_16Dec20_Aragorn_20-11-01.mzML
MSV000093728	Alz_TD_68015667_A_2_WO_11Dec20_Aragorn_20-11-01_-40_ms2.msalign	11	34	Alz_TD_68015667_A_2_WO_11Dec20_Aragorn_20-11-01.mzML
MSV000093728	Alz_TD_84653463_B_5_AB_24Nov20_Aragorn_20-10-02_-40_ms2.msalign	11	34	Alz_TD_84653463_B_5_AB_24Nov20_Aragorn_20-10-02.mzML
MSV000093728	Alz_TD_50402017_B_3_WO_16Dec20_Aragorn_20-11-01_-40_ms2.msalign	11	34	Alz_TD_50402017_B_3_WO_16Dec20_Aragorn_20-11-01.mzML
MSV000093728	Alz_TD_71626373_C_1_AB_30Nov20_Aragorn_20-10-02_-40_ms2.msalign	11	34	Alz_TD_71626373_C_1_AB_30Nov20_Aragorn_20-10-02.mzML
MSV000093728	Alz_TD_07253015_C_4_WO_21Dec20_Aragorn_20-11-01_-40_ms2.msalign	11	34	Alz_TD_07253015_C_4_WO_21Dec20_Aragorn_20-11-01.mzML
MSV000093728	Alz_TD_82317494_A_3_WO_16Dec20_Aragorn_20-11-01_-40_ms2.msalign	11	34	Alz_TD_82317494_A_3_WO_16Dec20_Aragorn_20-11-01.mzML
MSV000093728	Alz_TD_50302554_B_3_WO_16Dec20_Aragorn_20-11-01_-40_ms2.msalign	11	34	Alz_TD_50302554_B_3_WO_16Dec20_Aragorn_20-11-01.mzML
MSV000093728	Alz_TD_18414513_A_3_WO_16Dec20_Aragorn_20-11-01_-40_ms2.msalign	11	34	Alz_TD_18414513_A_3_WO_16Dec20_Aragorn_20-11-01.mzML
MSV000093728	Alz_TD_61029627_C_3_WO_16Dec20_Aragorn_20-11-01_-40_ms2.msalign	11	34	Alz_TD_61029627_C_3_WO_16Dec20_Aragorn_20-11-01.mzML
MSV000093728	Alz_TD_45566083_B_3_WO_16Dec20_Aragorn_20-11-01_-40_ms2.msalign	11	34	Alz_TD_45566083_B_3_WO_16Dec20_Aragorn_20-11-01.mzML
MSV000093728	Alz_TD_50410283_A_1_AB_30Nov20_Aragorn_20-10-02_-40_ms2.msalign	11	34	Alz_TD_50410283_A_1_AB_30Nov20_Aragorn_20-10-02.mzML
MSV000093728	Alz_TD_61142759_A_1_AB_30Nov20_Aragorn_20-10-02_-40_ms2.msalign	11	34	Alz_TD_61142759_A_1_AB_30Nov20_Aragorn_20-10-02.mzML
MSV000093728	Alz_TD_50403446_A_2_AB_7Nov20_Aragorn_20-10-02_-30_ms2.msalign	11	34	Alz_TD_50403446_A_2_AB_7Nov20_Aragorn_20-10-02.mzML
MSV000093728	Alz_TD_17219510_A_3_WO_16Dec20_Aragorn_20-11-01_-40_ms2.msalign	11	34	Alz_TD_17219510_A_3_WO_16Dec20_Aragorn_20-11-01.mzML
MSV000093728	Alz_TD_61029627_C_3_AB_11Nov20_Aragorn_20-10-02_-40_ms2.msalign	11	34	Alz_TD_61029627_C_3_AB_11Nov20_Aragorn_20-10-02.mzML
MSV000093728	Alz_TD_50400835_C_4_AB_16Nov20_Aragorn_20-10-02_-40_ms2.msalign	11	34	Alz_TD_50400835_C_4_AB_16Nov20_Aragorn_20-10-02.mzML
MSV000093728	Alz_TD_61142759_A_1_WO_08Oct20_Aragorn_18-12-15_-50_ms2.msalign	11	34	Alz_TD_61142759_A_1_WO_08Oct20_Aragorn_18-12-15.mzML
MSV000093728	Alz_TD_70917649_A_6_AB_5Nov20_Aragorn_20-10-02_-30_ms2.msalign	11	34	Alz_TD_70917649_A_6_AB_5Nov20_Aragorn_20-10-02.mzML
MSV000093728	Alz_TD_70816595_C_3_WO_16Dec20_Aragorn_20-11-01_-40_ms2.msalign	11	34	Alz_TD_70816595_C_3_WO_16Dec20_Aragorn_20-11-01.mzML
MSV000093728	Alz_TD_45115248_B_3_WO_16Dec20_Aragorn_20-11-01_-40_ms2.msalign	11	34	Alz_TD_45115248_B_3_WO_16Dec20_Aragorn_20-11-01.mzML
MSV000093728	Alz_TD_31509843_C_3_WO_16Dec20_Aragorn_20-11-01_-40_ms2.msalign	11	34	Alz_TD_31509843_C_3_WO_16Dec20_Aragorn_20-11-01.mzML
MSV000093728	Alz_TD_92113025_A_3_WO_16Dec20_Aragorn_20-11-01_-40_ms2.msalign	11	34	Alz_TD_92113025_A_3_WO_16Dec20_Aragorn_20-11-01.mzML
MSV000093728	Alz_TD_86177506_A_6_AB_5Nov20_Aragorn_20-10-02_-30_ms2.msalign	11	34	Alz_TD_86177506_A_6_AB_5Nov20_Aragorn_20-10-02.mzML
MSV000093728	Alz_TD_17219510_A_3_AB_11Nov20_Aragorn_20-10-02_-40_ms2.msalign	11	34	Alz_TD_17219510_A_3_AB_11Nov20_Aragorn_20-10-02.mzML
MSV000093728	Alz_TD_37527863_B_6_AB_29Oct20_Aragorn_20-10-01_-30_ms2.msalign	11	34	Alz_TD_37527863_B_6_AB_29Oct20_Aragorn_20-10-01.mzML
MSV000093728	Alz_TD_50403446_A_2_WO_11Dec20_Aragorn_20-11-01_-40_ms2.msalign	11	34	Alz_TD_50403446_A_2_WO_11Dec20_Aragorn_20-11-01.mzML
MSV000093728	Alz_TD_50302554_B_3_AB_11Nov20_Aragorn_20-10-02_-50_ms2.msalign	11	34	Alz_TD_50302554_B_3_AB_11Nov20_Aragorn_20-10-02.mzML
MSV000093728	Alz_TD_65652206_C_2_AB_5Nov20_Aragorn_20-10-02_-30_ms2.msalign	11	34	Alz_TD_65652206_C_2_AB_5Nov20_Aragorn_20-10-02.mzML
MSV000093728	Alz_TD_25580771_B_3_AB_11Nov20_Aragorn_20-10-02_-40_ms2.msalign	11	34	Alz_TD_25580771_B_3_AB_11Nov20_Aragorn_20-10-02.mzML
MSV000093728	Alz_TD_54458919_A_3_AB_11Nov20_Aragorn_20-10-02_-40_ms2.msalign	11	34	Alz_TD_54458919_A_3_AB_11Nov20_Aragorn_20-10-02.mzML
MSV000093728	Alz_TD_50409370_B_2_WO_11Dec20_Aragorn_20-11-01_-40_ms2.msalign	11	34	Alz_TD_50409370_B_2_WO_11Dec20_Aragorn_20-11-01.mzML
MSV000093728	Alz_TD_71727427_A_3_AB_11Nov20_Aragorn_20-10-02_-40_ms2.msalign	11	34	Alz_TD_71727427_A_3_AB_11Nov20_Aragorn_20-10-02.mzML
MSV000093728	Alz_TD_90942860_C_1_WO_10Oct20_Aragorn_18-12-13_-50_ms2.msalign	11	34	Alz_TD_90942860_C_1_WO_10Oct20_Aragorn_18-12-13.mzML
MSV000093728	Alz_TD_64493027_B_1_WO_08Oct20_Aragorn_18-12-15_-50_ms2.msalign	11	34	Alz_TD_64493027_B_1_WO_08Oct20_Aragorn_18-12-15.mzML
MSV000093728	Alz_TD_65736039_B_5_AB_24Nov20_Aragorn_20-10-02_-40_ms2.msalign	11	34	Alz_TD_65736039_B_5_AB_24Nov20_Aragorn_20-10-02.mzML
MSV000093728	Alz_TD_92613520_C_1_WO_08Oct20_Aragorn_18-12-15_-50_ms2.msalign	11	34	Alz_TD_92613520_C_1_WO_08Oct20_Aragorn_18-12-15.mzML
MSV000093728	Alz_TD_77239958_B_4_AB_16Nov20_Aragorn_20-10-02_-40_ms2.msalign	11	34	Alz_TD_77239958_B_4_AB_16Nov20_Aragorn_20-10-02.mzML
MSV000093728	Alz_TD_92996364_B_4_AB_16Nov20_Aragorn_20-10-02_-50_ms2.msalign	11	34	Alz_TD_92996364_B_4_AB_16Nov20_Aragorn_20-10-02.mzML
MSV000093728	Alz_TD_08109170_C_4_AB_16Nov20_Aragorn_20-10-02_-50_ms2.msalign	11	34	Alz_TD_08109170_C_4_AB_16Nov20_Aragorn_20-10-02.mzML
MSV000093728	Alz_TD_22776575_A_2_WO_11Dec20_Aragorn_20-11-01_-40_ms2.msalign	11	34	Alz_TD_22776575_A_2_WO_11Dec20_Aragorn_20-11-01.mzML
MSV000093728	Alz_TD_46246604_A_4_AB_16Nov20_Aragorn_20-10-02_-40_ms2.msalign	11	34	Alz_TD_46246604_A_4_AB_16Nov20_Aragorn_20-10-02.mzML
MSV000093728	Alz_TD_66406040_A_4_AB_16Nov20_Aragorn_20-10-02_-50_ms2.msalign	11	34	Alz_TD_66406040_A_4_AB_16Nov20_Aragorn_20-10-02.mzML
MSV000093728	Alz_TD_25580771_B_3_WO_16Dec20_Aragorn_20-11-01_-40_ms2.msalign	11	34	Alz_TD_25580771_B_3_WO_16Dec20_Aragorn_20-11-01.mzML
MSV000093728	Alz_TD_30819298_A_5_AB_24Nov20_Aragorn_20-10-02_-40_ms2.msalign	11	34	Alz_TD_30819298_A_5_AB_24Nov20_Aragorn_20-10-02.mzML
MSV000093728	Alz_TD_43074402_C_2_WO_11Dec20_Aragorn_20-11-01_-40_ms2.msalign	11	34	Alz_TD_43074402_C_2_WO_11Dec20_Aragorn_20-11-01.mzML
MSV000093728	Alz_TD_91018909_B_1_AB_30Nov20_Aragorn_20-10-02_-40_ms2.msalign	11	34	Alz_TD_91018909_B_1_AB_30Nov20_Aragorn_20-10-02.mzML
MSV000093728	Alz_TD_68745332_B_1_WO_10Oct20_Aragorn_18-12-13_-50_ms2.msalign	11	34	Alz_TD_68745332_B_1_WO_10Oct20_Aragorn_18-12-13.mzML
MSV000093728	Alz_TD_87410220_A_4_AB_16Nov20_Aragorn_20-10-02_-50_ms2.msalign	11	34	Alz_TD_87410220_A_4_AB_16Nov20_Aragorn_20-10-02.mzML
MSV000093728	Alz_TD_94430339_A_5_AB_24Nov20_Aragorn_20-10-02_-40_ms2.msalign	11	34	Alz_TD_94430339_A_5_AB_24Nov20_Aragorn_20-10-02.mzML
MSV000093728	Alz_TD_50500136_A_1_WO_08Oct20_Aragorn_18-12-15_-50_ms2.msalign	11	34	Alz_TD_50500136_A_1_WO_08Oct20_Aragorn_18-12-15.mzML
MSV000093728	Alz_TD_78452313_B_5_AB_24Nov20_Aragorn_20-10-02_-40_ms2.msalign	11	34	Alz_TD_78452313_B_5_AB_24Nov20_Aragorn_20-10-02.mzML
MSV000093728	Alz_TD_34962204_C_2_WO_11Dec20_Aragorn_20-11-01_-40_ms2.msalign	11	34	Alz_TD_34962204_C_2_WO_11Dec20_Aragorn_20-11-01.mzML
MSV000093728	Alz_TD_51400993_B_5_AB_24Nov20_Aragorn_20-10-02_-40_ms2.msalign	11	34	Alz_TD_51400993_B_5_AB_24Nov20_Aragorn_20-10-02.mzML
MSV000093728	Alz_TD_35286551_C_4_AB_16Nov20_Aragorn_20-10-02_-40_ms2.msalign	11	34	Alz_TD_35286551_C_4_AB_16Nov20_Aragorn_20-10-02.mzML
MSV000093728	Alz_TD_60848460_B_1_WO_10Oct20_Aragorn_18-12-13_-50_ms2.msalign	11	34	Alz_TD_60848460_B_1_WO_10Oct20_Aragorn_18-12-13.mzML
MSV000093728	Alz_TD_08109170_C_4_AB_16Nov20_Aragorn_20-10-02_-40_ms2.msalign	11	34	Alz_TD_08109170_C_4_AB_16Nov20_Aragorn_20-10-02.mzML
MSV000093728	Alz_TD_50302554_B_3_AB_11Nov20_Aragorn_20-10-02_-40_ms2.msalign	11	34	Alz_TD_50302554_B_3_AB_11Nov20_Aragorn_20-10-02.mzML
MSV000093728	Alz_TD_71626373_C_1_WO_10Oct20_Aragorn_18-12-13_-50_ms2.msalign	11	34	Alz_TD_71626373_C_1_WO_10Oct20_Aragorn_18-12-13.mzML
MSV000093728	Alz_TD_82624422_C_4_AB_16Nov20_Aragorn_20-10-02_-50_ms2.msalign	11	34	Alz_TD_82624422_C_4_AB_16Nov20_Aragorn_20-10-02.mzML
MSV000093728	Alz_TD_14498577_B_4_AB_16Nov20_Aragorn_20-10-02_-50_ms2.msalign	11	34	Alz_TD_14498577_B_4_AB_16Nov20_Aragorn_20-10-02.mzML
MSV000093728	Alz_TD_65652206_C_2_WO_11Dec20_Aragorn_20-11-01_-40_ms2.msalign	11	34	Alz_TD_65652206_C_2_WO_11Dec20_Aragorn_20-11-01.mzML
MSV000093728	Alz_TD_22776575_A_2_AB_7Nov20_Aragorn_20-10-02_-50_ms2.msalign	11	34	Alz_TD_22776575_A_2_AB_7Nov20_Aragorn_20-10-02.mzML
MSV000093728	Alz_TD_76867532_C_5_AB_24Nov20_Aragorn_20-10-02_-40_ms2.msalign	11	34	Alz_TD_76867532_C_5_AB_24Nov20_Aragorn_20-10-02.mzML
MSV000093728	Alz_TD_50400835_C_4_AB_16Nov20_Aragorn_20-10-02_-50_ms2.msalign	11	34	Alz_TD_50400835_C_4_AB_16Nov20_Aragorn_20-10-02.mzML
MSV000093728	Alz_TD_70816595_C_3_AB_11Nov20_Aragorn_20-10-02_-40_ms2.msalign	11	34	Alz_TD_70816595_C_3_AB_11Nov20_Aragorn_20-10-02.mzML
MSV000093728	Alz_TD_91707643_A_4_AB_16Nov20_Aragorn_20-10-02_-40_ms2.msalign	11	34	Alz_TD_91707643_A_4_AB_16Nov20_Aragorn_20-10-02.mzML
MSV000093728	Alz_TD_05689621_B_2_WO_11Dec20_Aragorn_20-11-01_-40_ms2.msalign	11	34	Alz_TD_05689621_B_2_WO_11Dec20_Aragorn_20-11-01.mzML
MSV000093728	Alz_TD_27313862_C_4_AB_16Nov20_Aragorn_20-10-02_-50_ms2.msalign	11	34	Alz_TD_27313862_C_4_AB_16Nov20_Aragorn_20-10-02.mzML
MSV000093728	Alz_TD_45566083_B_3_AB_11Nov20_Aragorn_20-10-02_-40_ms2.msalign	11	34	Alz_TD_45566083_B_3_AB_11Nov20_Aragorn_20-10-02.mzML
MSV000093728	Alz_TD_66406040_A_4_AB_16Nov20_Aragorn_20-10-02_-40_ms2.msalign	11	34	Alz_TD_66406040_A_4_AB_16Nov20_Aragorn_20-10-02.mzML
MSV000093728	Alz_TD_87410220_A_4_AB_16Nov20_Aragorn_20-10-02_-40_ms2.msalign	11	34	Alz_TD_87410220_A_4_AB_16Nov20_Aragorn_20-10-02.mzML
MSV000093728	Alz_TD_07253015_C_4_AB_16Nov20_Aragorn_20-10-02_-50_ms2.msalign	11	34	Alz_TD_07253015_C_4_AB_16Nov20_Aragorn_20-10-02.mzML
MSV000093728	Alz_TD_74753465_A_5_AB_24Nov20_Aragorn_20-10-02_-40_ms2.msalign	11	34	Alz_TD_74753465_A_5_AB_24Nov20_Aragorn_20-10-02.mzML
MSV000093728	Alz_TD_07311370_A_5_AB_24Nov20_Aragorn_20-10-02_-40_ms2.msalign	11	34	Alz_TD_07311370_A_5_AB_24Nov20_Aragorn_20-10-02.mzML
MSV000093728	Alz_TD_68015667_A_2_WO_11Dec20_Aragorn_20-11-01_-50_ms2.msalign	11	34	Alz_TD_68015667_A_2_WO_11Dec20_Aragorn_20-11-01.mzML
MSV000093728	Alz_TD_71727427_A_3_AB_11Nov20_Aragorn_20-10-02_-50_ms2.msalign	11	34	Alz_TD_71727427_A_3_AB_11Nov20_Aragorn_20-10-02.mzML
MSV000093728	Alz_TD_68745332_B_1_AB_30Nov20_Aragorn_20-10-02_-40_ms2.msalign	11	34	Alz_TD_68745332_B_1_AB_30Nov20_Aragorn_20-10-02.mzML
MSV000093728	Alz_TD_61029627_C_3_AB_11Nov20_Aragorn_20-10-02_-50_ms2.msalign	11	34	Alz_TD_61029627_C_3_AB_11Nov20_Aragorn_20-10-02.mzML
MSV000093728	Alz_TD_82317494_A_3_AB_11Nov20_Aragorn_20-10-02_-50_ms2.msalign	11	34	Alz_TD_82317494_A_3_AB_11Nov20_Aragorn_20-10-02.mzML
MSV000093728	Alz_TD_82624422_C_4_AB_16Nov20_Aragorn_20-10-02_-40_ms2.msalign	11	34	Alz_TD_82624422_C_4_AB_16Nov20_Aragorn_20-10-02.mzML
MSV000093728	Alz_TD_64493027_B_1_WO_08Oct20_Aragorn_18-12-15_-40_ms2.msalign	11	34	Alz_TD_64493027_B_1_WO_08Oct20_Aragorn_18-12-15.mzML
MSV000093728	Alz_TD_82317494_A_3_AB_11Nov20_Aragorn_20-10-02_-40_ms2.msalign	11	34	Alz_TD_82317494_A_3_AB_11Nov20_Aragorn_20-10-02.mzML
MSV000093728	Alz_TD_92996364_B_4_AB_16Nov20_Aragorn_20-10-02_-40_ms2.msalign	11	34	Alz_TD_92996364_B_4_AB_16Nov20_Aragorn_20-10-02.mzML
MSV000093728	Alz_TD_27313862_C_4_AB_16Nov20_Aragorn_20-10-02_-40_ms2.msalign	11	34	Alz_TD_27313862_C_4_AB_16Nov20_Aragorn_20-10-02.mzML
MSV000093728	Alz_TD_54122640_B_2_WO_11Dec20_Aragorn_20-11-01_-40_ms2.msalign	11	34	Alz_TD_54122640_B_2_WO_11Dec20_Aragorn_20-11-01.mzML
MSV000093728	Alz_TD_50402729_A_5_AB_24Nov20_Aragorn_20-10-02_-40_ms2.msalign	11	34	Alz_TD_50402729_A_5_AB_24Nov20_Aragorn_20-10-02.mzML
MSV000093728	Alz_TD_71626373_C_1_WO_10Oct20_Aragorn_18-12-13_-40_ms2.msalign	11	34	Alz_TD_71626373_C_1_WO_10Oct20_Aragorn_18-12-13.mzML
MSV000093728	Alz_TD_60848460_B_1_WO_10Oct20_Aragorn_18-12-13_-40_ms2.msalign	11	34	Alz_TD_60848460_B_1_WO_10Oct20_Aragorn_18-12-13.mzML
MSV000093728	Alz_TD_95491648_B_3_AB_11Nov20_Aragorn_20-10-02_-40_ms2.msalign	11	34	Alz_TD_95491648_B_3_AB_11Nov20_Aragorn_20-10-02.mzML
MSV000093728	Alz_TD_14184286_A_4_AB_16Nov20_Aragorn_20-10-02_-40_ms2.msalign	11	34	Alz_TD_14184286_A_4_AB_16Nov20_Aragorn_20-10-02.mzML
MSV000093728	Alz_TD_36492755_B_1_WO_10Oct20_Aragorn_18-12-13_-50_ms2.msalign	11	34	Alz_TD_36492755_B_1_WO_10Oct20_Aragorn_18-12-13.mzML
MSV000093728	Alz_TD_50108886_A_3_AB_11Nov20_Aragorn_20-10-02_-40_ms2.msalign	11	34	Alz_TD_50108886_A_3_AB_11Nov20_Aragorn_20-10-02.mzML
MSV000093728	Alz_TD_70816595_C_3_AB_11Nov20_Aragorn_20-10-02_-50_ms2.msalign	11	34	Alz_TD_70816595_C_3_AB_11Nov20_Aragorn_20-10-02.mzML
MSV000093728	Alz_TD_82684406_A_2_AB_7Nov20_Aragorn_20-10-02_-50_ms2.msalign	11	34	Alz_TD_82684406_A_2_AB_7Nov20_Aragorn_20-10-02.mzML
MSV000093728	Alz_TD_14184286_A_4_AB_16Nov20_Aragorn_20-10-02_-50_ms2.msalign	11	34	Alz_TD_14184286_A_4_AB_16Nov20_Aragorn_20-10-02.mzML
MSV000093728	Alz_TD_95491648_B_3_AB_11Nov20_Aragorn_20-10-02_-50_ms2.msalign	11	34	Alz_TD_95491648_B_3_AB_11Nov20_Aragorn_20-10-02.mzML
MSV000093728	Alz_TD_90942860_C_1_AB_30Nov20_Aragorn_20-10-02_-40_ms2.msalign	11	34	Alz_TD_90942860_C_1_AB_30Nov20_Aragorn_20-10-02.mzML
MSV000093728	Alz_TD_54458919_A_3_AB_11Nov20_Aragorn_20-10-02_-50_ms2.msalign	11	34	Alz_TD_54458919_A_3_AB_11Nov20_Aragorn_20-10-02.mzML
MSV000093728	Alz_TD_72188804_B_2_WO_11Dec20_Aragorn_20-11-01_-40_ms2.msalign	11	34	Alz_TD_72188804_B_2_WO_11Dec20_Aragorn_20-11-01.mzML
MSV000093728	Alz_TD_35286551_C_4_AB_16Nov20_Aragorn_20-10-02_-50_ms2.msalign	11	34	Alz_TD_35286551_C_4_AB_16Nov20_Aragorn_20-10-02.mzML
MSV000093728	Alz_TD_51815338_C_3_WO_16Dec20_Aragorn_20-11-01_-40_ms2.msalign	11	34	Alz_TD_51815338_C_3_WO_16Dec20_Aragorn_20-11-01.mzML
MSV000093728	Alz_TD_31509843_C_3_AB_11Nov20_Aragorn_20-10-02_-40_ms2.msalign	11	34	Alz_TD_31509843_C_3_AB_11Nov20_Aragorn_20-10-02.mzML
MSV000093728	Alz_TD_31509843_C_3_AB_11Nov20_Aragorn_20-10-02_-50_ms2.msalign	11	34	Alz_TD_31509843_C_3_AB_11Nov20_Aragorn_20-10-02.mzML
MSV000093728	Alz_TD_35941263_C_2_AB_7Nov20_Aragorn_20-10-02_-50_ms2.msalign	11	34	Alz_TD_35941263_C_2_AB_7Nov20_Aragorn_20-10-02.mzML
MSV000093728	Alz_TD_50103129_C_1_WO_10Oct20_Aragorn_18-12-13_-50_ms2.msalign	11	34	Alz_TD_50103129_C_1_WO_10Oct20_Aragorn_18-12-13.mzML
MSV000093728	Alz_TD_15387421_C_5_AB_24Nov20_Aragorn_20-10-02_-40_ms2.msalign	11	34	Alz_TD_15387421_C_5_AB_24Nov20_Aragorn_20-10-02.mzML
MSV000093728	Alz_TD_07253015_C_4_AB_16Nov20_Aragorn_20-10-02_-40_ms2.msalign	11	34	Alz_TD_07253015_C_4_AB_16Nov20_Aragorn_20-10-02.mzML
MSV000093728	Alz_TD_18414513_A_3_AB_11Nov20_Aragorn_20-10-02_-40_ms2.msalign	11	34	Alz_TD_18414513_A_3_AB_11Nov20_Aragorn_20-10-02.mzML
MSV000093728	Alz_TD_77239958_B_4_AB_16Nov20_Aragorn_20-10-02_-50_ms2.msalign	11	34	Alz_TD_77239958_B_4_AB_16Nov20_Aragorn_20-10-02.mzML
MSV000093728	Alz_TD_17219510_A_3_AB_11Nov20_Aragorn_20-10-02_-50_ms2.msalign	11	34	Alz_TD_17219510_A_3_AB_11Nov20_Aragorn_20-10-02.mzML
MSV000093728	Alz_TD_92113025_A_3_AB_11Nov20_Aragorn_20-10-02_-40_ms2.msalign	11	34	Alz_TD_92113025_A_3_AB_11Nov20_Aragorn_20-10-02.mzML
MSV000093728	Alz_TD_92113025_A_3_AB_11Nov20_Aragorn_20-10-02_-50_ms2.msalign	11	34	Alz_TD_92113025_A_3_AB_11Nov20_Aragorn_20-10-02.mzML
MSV000093728	Alz_TD_25580771_B_3_AB_11Nov20_Aragorn_20-10-02_-50_ms2.msalign	11	34	Alz_TD_25580771_B_3_AB_11Nov20_Aragorn_20-10-02.mzML
MSV000093728	Alz_TD_46246604_A_4_AB_16Nov20_Aragorn_20-10-02_-50_ms2.msalign	11	34	Alz_TD_46246604_A_4_AB_16Nov20_Aragorn_20-10-02.mzML
MSV000093728	Alz_TD_82684406_A_2_WO_11Dec20_Aragorn_20-11-01_-40_ms2.msalign	11	34	Alz_TD_82684406_A_2_WO_11Dec20_Aragorn_20-11-01.mzML
MSV000093728	Alz_TD_08132197_A_1_WO_08Oct20_Aragorn_18-12-15_-50_ms2.msalign	11	34	Alz_TD_08132197_A_1_WO_08Oct20_Aragorn_18-12-15.mzML
MSV000093728	Alz_TD_60747316_B_1_WO_10Oct20_Aragorn_18-12-13_-40_ms2.msalign	11	34	Alz_TD_60747316_B_1_WO_10Oct20_Aragorn_18-12-13.mzML
MSV000093728	Alz_TD_91707643_A_4_AB_16Nov20_Aragorn_20-10-02_-50_ms2.msalign	11	34	Alz_TD_91707643_A_4_AB_16Nov20_Aragorn_20-10-02.mzML
MSV000093728	Alz_TD_50106280_A_4_AB_16Nov20_Aragorn_20-10-02_-50_ms2.msalign	11	34	Alz_TD_50106280_A_4_AB_16Nov20_Aragorn_20-10-02.mzML
MSV000093728	Alz_TD_04879843_C_1_WO_10Oct20_Aragorn_18-12-13_-50_ms2.msalign	11	34	Alz_TD_04879843_C_1_WO_10Oct20_Aragorn_18-12-13.mzML
MSV000093728	Alz_TD_04879843_C_1_WO_10Oct20_Aragorn_18-12-13_-40_ms2.msalign	11	34	Alz_TD_04879843_C_1_WO_10Oct20_Aragorn_18-12-13.mzML
MSV000093728	Alz_TD_60725338_B_5_AB_24Nov20_Aragorn_20-10-02_-40_ms2.msalign	11	34	Alz_TD_60725338_B_5_AB_24Nov20_Aragorn_20-10-02.mzML
MSV000093728	Alz_TD_18414513_A_3_AB_11Nov20_Aragorn_20-10-02_-50_ms2.msalign	11	34	Alz_TD_18414513_A_3_AB_11Nov20_Aragorn_20-10-02.mzML
MSV000093728	Alz_TD_60747316_B_1_AB_30Nov20_Aragorn_20-10-02_-50_ms2.msalign	11	34	Alz_TD_60747316_B_1_AB_30Nov20_Aragorn_20-10-02.mzML
MSV000093728	Alz_TD_65001607_A_2_WO_11Dec20_Aragorn_20-11-01_-40_ms2.msalign	11	34	Alz_TD_65001607_A_2_WO_11Dec20_Aragorn_20-11-01.mzML
MSV000093728	Alz_TD_65292866_A_1_WO_08Oct20_Aragorn_18-12-15_-40_ms2.msalign	11	34	Alz_TD_65292866_A_1_WO_08Oct20_Aragorn_18-12-15.mzML
MSV000093728	Alz_TD_50410283_A_1_WO_08Oct20_Aragorn_18-12-15_-50_ms2.msalign	11	34	Alz_TD_50410283_A_1_WO_08Oct20_Aragorn_18-12-15.mzML
MSV000093728	Alz_TD_83984043_C_6_AB_30Oct20_Aragorn_20-10-01_-30_ms2.msalign	11	34	Alz_TD_83984043_C_6_AB_30Oct20_Aragorn_20-10-01.mzML
MSV000093728	Alz_TD_67429065_A_4_AB_16Nov20_Aragorn_20-10-02_-50_ms2.msalign	11	34	Alz_TD_67429065_A_4_AB_16Nov20_Aragorn_20-10-02.mzML
MSV000093728	Alz_TD_77330002_A_6_AB_30Oct20_Aragorn_20-10-01_-40_ms2.msalign	11	34	Alz_TD_77330002_A_6_AB_30Oct20_Aragorn_20-10-01.mzML
MSV000093728	Alz_TD_23004922_C_6_AB_30Oct20_Aragorn_20-10-01_-40_ms2.msalign	11	34	Alz_TD_23004922_C_6_AB_30Oct20_Aragorn_20-10-01.mzML
MSV000093728	Alz_TD_52311825_C_5_AB_24Nov20_Aragorn_20-10-02_-40_ms2.msalign	11	34	Alz_TD_52311825_C_5_AB_24Nov20_Aragorn_20-10-02.mzML
MSV000093728	Alz_TD_37527863_B_6_AB_29Oct20_Aragorn_20-10-01_-40_ms2.msalign	11	34	Alz_TD_37527863_B_6_AB_29Oct20_Aragorn_20-10-01.mzML
MSV000093728	Alz_TD_81852640_C_2_WO_11Dec20_Aragorn_20-11-01_-40_ms2.msalign	11	34	Alz_TD_81852640_C_2_WO_11Dec20_Aragorn_20-11-01.mzML
MSV000093728	Alz_TD_36492755_B_1_WO_10Oct20_Aragorn_18-12-13_-40_ms2.msalign	11	34	Alz_TD_36492755_B_1_WO_10Oct20_Aragorn_18-12-13.mzML
MSV000093728	Alz_TD_60747316_B_1_WO_10Oct20_Aragorn_18-12-13_-50_ms2.msalign	11	34	Alz_TD_60747316_B_1_WO_10Oct20_Aragorn_18-12-13.mzML
MSV000093728	Alz_TD_21362537_B_5_AB_24Nov20_Aragorn_20-10-02_-40_ms2.msalign	11	34	Alz_TD_21362537_B_5_AB_24Nov20_Aragorn_20-10-02.mzML
MSV000093728	Alz_TD_50401002_A_6_AB_29Oct20_Aragorn_20-10-01_-40_ms2.msalign	11	34	Alz_TD_50401002_A_6_AB_29Oct20_Aragorn_20-10-01.mzML
MSV000093728	Alz_TD_32705437_C_4_AB_16Nov20_Aragorn_20-10-02_-50_ms2.msalign	11	34	Alz_TD_32705437_C_4_AB_16Nov20_Aragorn_20-10-02.mzML
MSV000093728	Alz_TD_61142759_A_1_WO_08Oct20_Aragorn_18-12-15_-40_ms2.msalign	11	34	Alz_TD_61142759_A_1_WO_08Oct20_Aragorn_18-12-15.mzML
MSV000093728	Alz_TD_50103129_C_1_WO_10Oct20_Aragorn_18-12-13_-40_ms2.msalign	11	34	Alz_TD_50103129_C_1_WO_10Oct20_Aragorn_18-12-13.mzML
MSV000093728	Alz_TD_50108886_A_3_AB_11Nov20_Aragorn_20-10-02_-50_ms2.msalign	11	34	Alz_TD_50108886_A_3_AB_11Nov20_Aragorn_20-10-02.mzML
MSV000093728	Alz_TD_68745332_B_1_WO_10Oct20_Aragorn_18-12-13_-40_ms2.msalign	11	34	Alz_TD_68745332_B_1_WO_10Oct20_Aragorn_18-12-13.mzML
MSV000093728	Alz_TD_91921829_A_2_WO_11Dec20_Aragorn_20-11-01_-40_ms2.msalign	11	34	Alz_TD_91921829_A_2_WO_11Dec20_Aragorn_20-11-01.mzML
MSV000093728	Alz_TD_70917649_A_6_AB_5Nov20_Aragorn_20-10-02_-50_ms2.msalign	11	34	Alz_TD_70917649_A_6_AB_5Nov20_Aragorn_20-10-02.mzML
MSV000093728	Alz_TD_65292866_A_1_WO_08Oct20_Aragorn_18-12-15_-50_ms2.msalign	11	34	Alz_TD_65292866_A_1_WO_08Oct20_Aragorn_18-12-15.mzML
MSV000093728	Alz_TD_50410283_A_1_WO_08Oct20_Aragorn_18-12-15_-40_ms2.msalign	11	34	Alz_TD_50410283_A_1_WO_08Oct20_Aragorn_18-12-15.mzML
MSV000093728	Alz_TD_45566083_B_3_AB_11Nov20_Aragorn_20-10-02_-50_ms2.msalign	11	34	Alz_TD_45566083_B_3_AB_11Nov20_Aragorn_20-10-02.mzML
MSV000093728	Alz_TD_93462021_C_2_AB_5Nov20_Aragorn_20-10-02_-50_ms2.msalign	11	34	Alz_TD_93462021_C_2_AB_5Nov20_Aragorn_20-10-02.mzML
MSV000093728	Alz_TD_05779736_A_1_WO_08Oct20_Aragorn_18-12-15_-40_ms2.msalign	11	34	Alz_TD_05779736_A_1_WO_08Oct20_Aragorn_18-12-15.mzML
MSV000093728	Alz_TD_87779516_B_1_WO_10Oct20_Aragorn_18-12-13_-50_ms2.msalign	11	34	Alz_TD_87779516_B_1_WO_10Oct20_Aragorn_18-12-13.mzML
MSV000093728	Alz_TD_23004922_C_6_AB_30Oct20_Aragorn_20-10-01_-50_ms2.msalign	11	34	Alz_TD_23004922_C_6_AB_30Oct20_Aragorn_20-10-01.mzML
MSV000093728	Alz_TD_50402693_A_5_AB_24Nov20_Aragorn_20-10-02_-40_ms2.msalign	11	34	Alz_TD_50402693_A_5_AB_24Nov20_Aragorn_20-10-02.mzML
MSV000093728	Alz_TD_35941263_C_2_WO_11Dec20_Aragorn_20-11-01_-40_ms2.msalign	11	34	Alz_TD_35941263_C_2_WO_11Dec20_Aragorn_20-11-01.mzML
MSV000093728	Alz_TD_50405330_C_6_AB_5Nov20_Aragorn_20-10-02_-50_ms2.msalign	11	34	Alz_TD_50405330_C_6_AB_5Nov20_Aragorn_20-10-02.mzML
MSV000093728	Alz_TD_16513683_A_5_AB_24Nov20_Aragorn_20-10-02_-40_ms2.msalign	11	34	Alz_TD_16513683_A_5_AB_24Nov20_Aragorn_20-10-02.mzML
MSV000093728	Alz_TD_91921829_A_2_AB_5Nov20_Aragorn_20-10-02_-40_ms2.msalign	11	34	Alz_TD_91921829_A_2_AB_5Nov20_Aragorn_20-10-02.mzML
MSV000093728	Alz_TD_50405330_C_6_AB_5Nov20_Aragorn_20-10-02_-40_ms2.msalign	11	34	Alz_TD_50405330_C_6_AB_5Nov20_Aragorn_20-10-02.mzML
MSV000093728	Alz_TD_81852640_C_2_AB_7Nov20_Aragorn_20-10-02_-40_ms2.msalign	11	34	Alz_TD_81852640_C_2_AB_7Nov20_Aragorn_20-10-02.mzML
MSV000093728	Alz_TD_35941263_C_2_AB_7Nov20_Aragorn_20-10-02_-40_ms2.msalign	11	34	Alz_TD_35941263_C_2_AB_7Nov20_Aragorn_20-10-02.mzML
MSV000093728	Alz_TD_39484737_A_6_AB_29Oct20_Aragorn_20-10-01_-40_ms2.msalign	11	34	Alz_TD_39484737_A_6_AB_29Oct20_Aragorn_20-10-01.mzML
MSV000093728	Alz_TD_61142759_A_1_AB_30Nov20_Aragorn_20-10-02_-50_ms2.msalign	11	34	Alz_TD_61142759_A_1_AB_30Nov20_Aragorn_20-10-02.mzML
MSV000093728	Alz_TD_36492755_B_1_AB_30Nov20_Aragorn_20-10-02_-50_ms2.msalign	11	34	Alz_TD_36492755_B_1_AB_30Nov20_Aragorn_20-10-02.mzML
MSV000093728	Alz_TD_04879843_C_1_AB_30Nov20_Aragorn_20-10-02_-50_ms2.msalign	11	34	Alz_TD_04879843_C_1_AB_30Nov20_Aragorn_20-10-02.mzML
MSV000093728	Alz_TD_60725338_B_5_AB_24Nov20_Aragorn_20-10-02_-50_ms2.msalign	11	34	Alz_TD_60725338_B_5_AB_24Nov20_Aragorn_20-10-02.mzML
MSV000093728	Alz_TD_87779516_B_1_WO_10Oct20_Aragorn_18-12-13_-40_ms2.msalign	11	34	Alz_TD_87779516_B_1_WO_10Oct20_Aragorn_18-12-13.mzML
MSV000093728	Alz_TD_68015667_A_2_AB_5Nov20_Aragorn_20-10-02_-50_ms2.msalign	11	34	Alz_TD_68015667_A_2_AB_5Nov20_Aragorn_20-10-02.mzML
MSV000093728	Alz_TD_43074402_C_2_AB_5Nov20_Aragorn_20-10-02_-50_ms2.msalign	11	34	Alz_TD_43074402_C_2_AB_5Nov20_Aragorn_20-10-02.mzML
MSV000093728	Alz_TD_34962204_C_2_AB_7Nov20_Aragorn_20-10-02_-50_ms2.msalign	11	34	Alz_TD_34962204_C_2_AB_7Nov20_Aragorn_20-10-02.mzML
MSV000093728	Alz_TD_71626373_C_1_AB_30Nov20_Aragorn_20-10-02_-50_ms2.msalign	11	34	Alz_TD_71626373_C_1_AB_30Nov20_Aragorn_20-10-02.mzML
MSV000093728	Alz_TD_65001607_A_2_AB_7Nov20_Aragorn_20-10-02_-50_ms2.msalign	11	34	Alz_TD_65001607_A_2_AB_7Nov20_Aragorn_20-10-02.mzML
MSV000093728	Alz_TD_08132197_A_1_WO_08Oct20_Aragorn_18-12-15_-40_ms2.msalign	11	34	Alz_TD_08132197_A_1_WO_08Oct20_Aragorn_18-12-15.mzML
MSV000093728	Alz_TD_50401002_A_6_AB_29Oct20_Aragorn_20-10-01_-50_ms2.msalign	11	34	Alz_TD_50401002_A_6_AB_29Oct20_Aragorn_20-10-01.mzML
MSV000093728	Alz_TD_50410283_A_1_AB_30Nov20_Aragorn_20-10-02_-50_ms2.msalign	11	34	Alz_TD_50410283_A_1_AB_30Nov20_Aragorn_20-10-02.mzML
MSV000093728	Alz_TD_39484737_A_6_AB_29Oct20_Aragorn_20-10-01_-50_ms2.msalign	11	34	Alz_TD_39484737_A_6_AB_29Oct20_Aragorn_20-10-01.mzML
MSV000093728	Alz_TD_50409370_B_2_AB_7Nov20_Aragorn_20-10-02_-50_ms2.msalign	11	34	Alz_TD_50409370_B_2_AB_7Nov20_Aragorn_20-10-02.mzML
MSV000093728	Alz_TD_81852640_C_2_AB_7Nov20_Aragorn_20-10-02_-50_ms2.msalign	11	34	Alz_TD_81852640_C_2_AB_7Nov20_Aragorn_20-10-02.mzML
MSV000093728	Alz_TD_05689621_B_2_AB_7Nov20_Aragorn_20-10-02_-40_ms2.msalign	11	34	Alz_TD_05689621_B_2_AB_7Nov20_Aragorn_20-10-02.mzML
MSV000093728	Alz_TD_50103129_C_1_AB_30Nov20_Aragorn_20-10-02_-50_ms2.msalign	11	34	Alz_TD_50103129_C_1_AB_30Nov20_Aragorn_20-10-02.mzML
MSV000093728	Alz_TD_92393245_C_6_AB_29Oct20_Aragorn_20-10-01_-40_ms2.msalign	11	34	Alz_TD_92393245_C_6_AB_29Oct20_Aragorn_20-10-01.mzML
MSV000093728	Alz_TD_08132197_A_1_AB_30Nov20_Aragorn_20-10-02_20201204103853_-50_ms2.msalign	11	34	Alz_TD_08132197_A_1_AB_30Nov20_Aragorn_20-10-02_20201204103853.mzML
MSV000093728	Alz_TD_74753465_A_5_AB_24Nov20_Aragorn_20-10-02_-50_ms2.msalign	11	34	Alz_TD_74753465_A_5_AB_24Nov20_Aragorn_20-10-02.mzML
MSV000093728	Alz_TD_89614402_A_6_AB_30Oct20_Aragorn_20-10-01_-40_ms2.msalign	11	34	Alz_TD_89614402_A_6_AB_30Oct20_Aragorn_20-10-01.mzML
MSV000093728	Alz_TD_90942860_C_1_AB_30Nov20_Aragorn_20-10-02_-50_ms2.msalign	11	34	Alz_TD_90942860_C_1_AB_30Nov20_Aragorn_20-10-02.mzML
MSV000093728	Alz_TD_64493027_B_1_AB_30Nov20_Aragorn_20-10-02_-50_ms2.msalign	11	34	Alz_TD_64493027_B_1_AB_30Nov20_Aragorn_20-10-02.mzML
MSV000093728	Alz_TD_50108912_C_6_AB_5Nov20_Aragorn_20-10-02_-50_ms2.msalign	11	34	Alz_TD_50108912_C_6_AB_5Nov20_Aragorn_20-10-02.mzML
MSV000093728	Alz_TD_50402729_A_5_AB_24Nov20_Aragorn_20-10-02_-50_ms2.msalign	11	34	Alz_TD_50402729_A_5_AB_24Nov20_Aragorn_20-10-02.mzML
MSV000093728	Alz_TD_87779516_B_1_AB_30Nov20_Aragorn_20-10-02_-50_ms2.msalign	11	34	Alz_TD_87779516_B_1_AB_30Nov20_Aragorn_20-10-02.mzML
MSV000093728	Alz_TD_34962204_C_2_AB_7Nov20_Aragorn_20-10-02_-40_ms2.msalign	11	34	Alz_TD_34962204_C_2_AB_7Nov20_Aragorn_20-10-02.mzML
MSV000093728	Alz_TD_43074402_C_2_AB_5Nov20_Aragorn_20-10-02_-40_ms2.msalign	11	34	Alz_TD_43074402_C_2_AB_5Nov20_Aragorn_20-10-02.mzML
MSV000093728	Alz_TD_05779736_A_1_AB_30Nov20_Aragorn_20-10-02_20201204135840_-50_ms2.msalign	11	34	Alz_TD_05779736_A_1_AB_30Nov20_Aragorn_20-10-02_20201204135840.mzML
MSV000093728	Alz_TD_50409370_B_2_AB_7Nov20_Aragorn_20-10-02_-40_ms2.msalign	11	34	Alz_TD_50409370_B_2_AB_7Nov20_Aragorn_20-10-02.mzML
MSV000093728	Alz_TD_91018909_B_1_AB_30Nov20_Aragorn_20-10-02_-50_ms2.msalign	11	34	Alz_TD_91018909_B_1_AB_30Nov20_Aragorn_20-10-02.mzML
MSV000093728	Alz_TD_65652206_C_2_AB_5Nov20_Aragorn_20-10-02_-50_ms2.msalign	11	34	Alz_TD_65652206_C_2_AB_5Nov20_Aragorn_20-10-02.mzML
MSV000093728	Alz_TD_94430339_A_5_AB_24Nov20_Aragorn_20-10-02_-50_ms2.msalign	11	34	Alz_TD_94430339_A_5_AB_24Nov20_Aragorn_20-10-02.mzML
MSV000093728	Alz_TD_15387421_C_5_AB_24Nov20_Aragorn_20-10-02_-50_ms2.msalign	11	34	Alz_TD_15387421_C_5_AB_24Nov20_Aragorn_20-10-02.mzML
MSV000093728	Alz_TD_50402017_B_3_AB_11Nov20_Aragorn_20-10-02_-40_ms2.msalign	11	34	Alz_TD_50402017_B_3_AB_11Nov20_Aragorn_20-10-02.mzML
MSV000093728	Alz_TD_83984043_C_6_AB_30Oct20_Aragorn_20-10-01_-40_ms2.msalign	11	34	Alz_TD_83984043_C_6_AB_30Oct20_Aragorn_20-10-01.mzML
MSV000093728	Alz_TD_82684406_A_2_AB_7Nov20_Aragorn_20-10-02_-40_ms2.msalign	11	34	Alz_TD_82684406_A_2_AB_7Nov20_Aragorn_20-10-02.mzML
MSV000093728	Alz_TD_22776575_A_2_AB_7Nov20_Aragorn_20-10-02_-40_ms2.msalign	11	34	Alz_TD_22776575_A_2_AB_7Nov20_Aragorn_20-10-02.mzML
MSV000093728	Alz_TD_50403446_A_2_AB_7Nov20_Aragorn_20-10-02_-50_ms2.msalign	11	34	Alz_TD_50403446_A_2_AB_7Nov20_Aragorn_20-10-02.mzML
MSV000093728	Alz_TD_50101523_B_2_AB_5Nov20_Aragorn_20-10-02_-50_ms2.msalign	11	34	Alz_TD_50101523_B_2_AB_5Nov20_Aragorn_20-10-02.mzML
MSV000093728	Alz_TD_51815338_C_3_AB_11Nov20_Aragorn_20-10-02_-40_ms2.msalign	11	34	Alz_TD_51815338_C_3_AB_11Nov20_Aragorn_20-10-02.mzML
MSV000093728	Alz_TD_77330002_A_6_AB_30Oct20_Aragorn_20-10-01_-50_ms2.msalign	11	34	Alz_TD_77330002_A_6_AB_30Oct20_Aragorn_20-10-01.mzML
MSV000093728	Alz_TD_45115248_B_3_AB_11Nov20_Aragorn_20-10-02_-40_ms2.msalign	11	34	Alz_TD_45115248_B_3_AB_11Nov20_Aragorn_20-10-02.mzML
MSV000093728	Alz_TD_54122640_B_2_AB_5Nov20_Aragorn_20-10-02_-40_ms2.msalign	11	34	Alz_TD_54122640_B_2_AB_5Nov20_Aragorn_20-10-02.mzML
MSV000093728	Alz_TD_86177506_A_6_AB_5Nov20_Aragorn_20-10-02_-50_ms2.msalign	11	34	Alz_TD_86177506_A_6_AB_5Nov20_Aragorn_20-10-02.mzML
MSV000093728	Alz_TD_07311370_A_5_AB_24Nov20_Aragorn_20-10-02_-50_ms2.msalign	11	34	Alz_TD_07311370_A_5_AB_24Nov20_Aragorn_20-10-02.mzML
MSV000093728	Alz_TD_50406057_A_3_AB_11Nov20_Aragorn_20-10-02_-50_ms2.msalign	11	34	Alz_TD_50406057_A_3_AB_11Nov20_Aragorn_20-10-02.mzML
MSV000093728	Alz_TD_84653463_B_5_AB_24Nov20_Aragorn_20-10-02_-50_ms2.msalign	11	34	Alz_TD_84653463_B_5_AB_24Nov20_Aragorn_20-10-02.mzML
MSV000093728	Alz_TD_90942860_C_1_WO_10Oct20_Aragorn_18-12-13_-40_ms2.msalign	11	34	Alz_TD_90942860_C_1_WO_10Oct20_Aragorn_18-12-13.mzML
MSV000093728	Alz_TD_91921829_A_2_AB_5Nov20_Aragorn_20-10-02_-50_ms2.msalign	11	34	Alz_TD_91921829_A_2_AB_5Nov20_Aragorn_20-10-02.mzML
MSV000093728	Alz_TD_02525608_B_5_AB_24Nov20_Aragorn_20-10-02_-50_ms2.msalign	11	34	Alz_TD_02525608_B_5_AB_24Nov20_Aragorn_20-10-02.mzML
MSV000093728	Alz_TD_50403446_A_2_AB_7Nov20_Aragorn_20-10-02_-40_ms2.msalign	11	34	Alz_TD_50403446_A_2_AB_7Nov20_Aragorn_20-10-02.mzML
MSV000093728	Alz_TD_92613520_C_1_AB_30Nov20_Aragorn_20-10-02_-50_ms2.msalign	11	34	Alz_TD_92613520_C_1_AB_30Nov20_Aragorn_20-10-02.mzML
MSV000093728	Alz_TD_65001607_A_2_AB_7Nov20_Aragorn_20-10-02_-40_ms2.msalign	11	34	Alz_TD_65001607_A_2_AB_7Nov20_Aragorn_20-10-02.mzML
MSV000093728	Alz_TD_21362537_B_5_AB_24Nov20_Aragorn_20-10-02_-50_ms2.msalign	11	34	Alz_TD_21362537_B_5_AB_24Nov20_Aragorn_20-10-02.mzML
MSV000093728	Alz_TD_65292866_A_1_AB_30Nov20_Aragorn_20-10-02_-50_ms2.msalign	11	34	Alz_TD_65292866_A_1_AB_30Nov20_Aragorn_20-10-02.mzML
MSV000093728	Alz_TD_78452313_B_5_AB_24Nov20_Aragorn_20-10-02_-50_ms2.msalign	11	34	Alz_TD_78452313_B_5_AB_24Nov20_Aragorn_20-10-02.mzML
MSV000093728	Alz_TD_51400993_B_5_AB_24Nov20_Aragorn_20-10-02_-50_ms2.msalign	11	34	Alz_TD_51400993_B_5_AB_24Nov20_Aragorn_20-10-02.mzML
MSV000093728	Alz_TD_72188804_B_2_AB_5Nov20_Aragorn_20-10-02_-50_ms2.msalign	11	34	Alz_TD_72188804_B_2_AB_5Nov20_Aragorn_20-10-02.mzML
MSV000093728	Alz_TD_93462021_C_2_AB_5Nov20_Aragorn_20-10-02_-40_ms2.msalign	11	34	Alz_TD_93462021_C_2_AB_5Nov20_Aragorn_20-10-02.mzML
MSV000093728	Alz_TD_72188804_B_2_AB_5Nov20_Aragorn_20-10-02_-40_ms2.msalign	11	34	Alz_TD_72188804_B_2_AB_5Nov20_Aragorn_20-10-02.mzML
MSV000093728	Alz_TD_54122640_B_2_AB_5Nov20_Aragorn_20-10-02_-50_ms2.msalign	11	34	Alz_TD_54122640_B_2_AB_5Nov20_Aragorn_20-10-02.mzML
MSV000093728	Alz_TD_50406057_A_3_AB_11Nov20_Aragorn_20-10-02_-40_ms2.msalign	11	34	Alz_TD_50406057_A_3_AB_11Nov20_Aragorn_20-10-02.mzML
MSV000093728	Alz_TD_37527863_B_6_AB_29Oct20_Aragorn_20-10-01_-50_ms2.msalign	11	34	Alz_TD_37527863_B_6_AB_29Oct20_Aragorn_20-10-01.mzML
MSV000093728	Alz_TD_60848460_B_1_AB_30Nov20_Aragorn_20-10-02_-50_ms2.msalign	11	34	Alz_TD_60848460_B_1_AB_30Nov20_Aragorn_20-10-02.mzML
MSV000093728	Alz_TD_68015667_A_2_AB_5Nov20_Aragorn_20-10-02_-40_ms2.msalign	11	34	Alz_TD_68015667_A_2_AB_5Nov20_Aragorn_20-10-02.mzML
MSV000093728	Alz_TD_05689621_B_2_AB_7Nov20_Aragorn_20-10-02_-50_ms2.msalign	11	34	Alz_TD_05689621_B_2_AB_7Nov20_Aragorn_20-10-02.mzML
MSV000093728	Alz_TD_65736039_B_5_AB_24Nov20_Aragorn_20-10-02_-50_ms2.msalign	11	34	Alz_TD_65736039_B_5_AB_24Nov20_Aragorn_20-10-02.mzML
MSV000093728	Alz_TD_50108912_C_6_AB_5Nov20_Aragorn_20-10-02_-40_ms2.msalign	11	34	Alz_TD_50108912_C_6_AB_5Nov20_Aragorn_20-10-02.mzML
MSV000093728	Alz_TD_50500136_A_1_WO_08Oct20_Aragorn_18-12-15_-40_ms2.msalign	11	34	Alz_TD_50500136_A_1_WO_08Oct20_Aragorn_18-12-15.mzML
MSV000093728	Alz_TD_50101523_B_2_AB_5Nov20_Aragorn_20-10-02_-40_ms2.msalign	11	34	Alz_TD_50101523_B_2_AB_5Nov20_Aragorn_20-10-02.mzML
MSV000093728	Alz_TD_65652206_C_2_AB_5Nov20_Aragorn_20-10-02_-40_ms2.msalign	11	34	Alz_TD_65652206_C_2_AB_5Nov20_Aragorn_20-10-02.mzML
MSV000093728	Alz_TD_84417209_C_6_AB_29Oct20_Aragorn_20-10-01_-40_ms2.msalign	11	34	Alz_TD_84417209_C_6_AB_29Oct20_Aragorn_20-10-01.mzML
MSV000093728	Alz_TD_70917649_A_6_AB_5Nov20_Aragorn_20-10-02_-40_ms2.msalign	11	34	Alz_TD_70917649_A_6_AB_5Nov20_Aragorn_20-10-02.mzML
MSV000093728	Alz_TD_50402017_B_3_AB_11Nov20_Aragorn_20-10-02_-50_ms2.msalign	11	34	Alz_TD_50402017_B_3_AB_11Nov20_Aragorn_20-10-02.mzML
MSV000093728	Alz_TD_83984043_C_6_AB_30Oct20_Aragorn_20-10-01_-50_ms2.msalign	11	34	Alz_TD_83984043_C_6_AB_30Oct20_Aragorn_20-10-01.mzML
MSV000093728	Alz_TD_51815338_C_3_AB_11Nov20_Aragorn_20-10-02_-50_ms2.msalign	11	34	Alz_TD_51815338_C_3_AB_11Nov20_Aragorn_20-10-02.mzML
MSV000093728	Alz_TD_45115248_B_3_AB_11Nov20_Aragorn_20-10-02_-50_ms2.msalign	11	34	Alz_TD_45115248_B_3_AB_11Nov20_Aragorn_20-10-02.mzML
MSV000093728	Alz_TD_76867532_C_5_AB_24Nov20_Aragorn_20-10-02_-50_ms2.msalign	11	34	Alz_TD_76867532_C_5_AB_24Nov20_Aragorn_20-10-02.mzML
MSV000093728	Alz_TD_52311825_C_5_AB_24Nov20_Aragorn_20-10-02_-50_ms2.msalign	11	34	Alz_TD_52311825_C_5_AB_24Nov20_Aragorn_20-10-02.mzML
MSV000093728	Alz_TD_39989287_A_5_AB_24Nov20_Aragorn_20-10-02_-50_ms2.msalign	11	34	Alz_TD_39989287_A_5_AB_24Nov20_Aragorn_20-10-02.mzML
MSV000093728	Alz_TD_68745332_B_1_AB_30Nov20_Aragorn_20-10-02_-50_ms2.msalign	11	34	Alz_TD_68745332_B_1_AB_30Nov20_Aragorn_20-10-02.mzML
MSV000093728	Alz_TD_86177506_A_6_AB_5Nov20_Aragorn_20-10-02_-40_ms2.msalign	11	34	Alz_TD_86177506_A_6_AB_5Nov20_Aragorn_20-10-02.mzML
MSV000093728	Alz_TD_92613520_C_1_WO_08Oct20_Aragorn_18-12-15_-40_ms2.msalign	11	34	Alz_TD_92613520_C_1_WO_08Oct20_Aragorn_18-12-15.mzML
MSV000093728	Alz_TD_89614402_A_6_AB_30Oct20_Aragorn_20-10-01_-50_ms2.msalign	11	34	Alz_TD_89614402_A_6_AB_30Oct20_Aragorn_20-10-01.mzML
MSV000093728	Alz_TD_30819298_A_5_AB_24Nov20_Aragorn_20-10-02_-50_ms2.msalign	11	34	Alz_TD_30819298_A_5_AB_24Nov20_Aragorn_20-10-02.mzML
MSV000093728	Alz_TD_84417209_C_6_AB_29Oct20_Aragorn_20-10-01_-50_ms2.msalign	11	34	Alz_TD_84417209_C_6_AB_29Oct20_Aragorn_20-10-01.mzML
MSV000093728	Alz_TD_50402693_A_5_AB_24Nov20_Aragorn_20-10-02_-50_ms2.msalign	11	34	Alz_TD_50402693_A_5_AB_24Nov20_Aragorn_20-10-02.mzML
MSV000093728	Alz_TD_50500136_A_1_AB_30Nov20_Aragorn_20-10-02_-50_ms2.msalign	11	34	Alz_TD_50500136_A_1_AB_30Nov20_Aragorn_20-10-02.mzML
MSV000093728	Alz_TD_92393245_C_6_AB_29Oct20_Aragorn_20-10-01_-50_ms2.msalign	11	34	Alz_TD_92393245_C_6_AB_29Oct20_Aragorn_20-10-01.mzML
MSV000093728	Alz_TD_16513683_A_5_AB_24Nov20_Aragorn_20-10-02_-50_ms2.msalign	11	34	Alz_TD_16513683_A_5_AB_24Nov20_Aragorn_20-10-02.mzML
MSV000080257	CPTAC_Intact_CR33C_24Aug15_Bane_15-02-06-RZ_ms2.msalign	4	35	CPTAC_Intact_CR33C_24Aug15_Bane_15-02-06-RZ.mzML
MSV000080257	CPTAC_Intact_CR32D_24Aug15_Bane_15-02-06-RZ_ms2.msalign	4	35	CPTAC_Intact_CR32D_24Aug15_Bane_15-02-06-RZ.mzML
MSV000080257	CPTAC_Intact_CR33E_24Aug15_Bane_15-02-06-RZ_ms2.msalign	4	35	CPTAC_Intact_CR33E_24Aug15_Bane_15-02-06-RZ.mzML
MSV000080257	CPTAC_Intact_CR32F_24Aug15_Bane_15-02-06-RZ_ms2.msalign	4	35	CPTAC_Intact_CR32F_24Aug15_Bane_15-02-06-RZ.mzML
MSV000080257	CPTAC_Intact_CR32B_24Aug15_Bane_15-02-06-RZ_ms2.msalign	4	35	CPTAC_Intact_CR32B_24Aug15_Bane_15-02-06-RZ.mzML
MSV000080257	CPTAC_Intact_CR32E_24Aug15_Bane_15-02-06-RZ_ms2.msalign	4	35	CPTAC_Intact_CR32E_24Aug15_Bane_15-02-06-RZ.mzML
MSV000080257	CPTAC_Intact_CR33F_24Aug15_Bane_15-02-06-RZ_ms2.msalign	4	35	CPTAC_Intact_CR33F_24Aug15_Bane_15-02-06-RZ.mzML
MSV000080257	CPTAC_Intact_CR32C_24Aug15_Bane_15-02-06-RZ_ms2.msalign	4	35	CPTAC_Intact_CR32C_24Aug15_Bane_15-02-06-RZ.mzML
MSV000080257	CPTAC_Intact_CR33B_24Aug15_Bane_15-02-06-RZ_ms2.msalign	4	35	CPTAC_Intact_CR33B_24Aug15_Bane_15-02-06-RZ.mzML
MSV000080257	CPTAC_Intact_CR33D_24Aug15_Bane_15-02-06-RZ_ms2.msalign	4	35	CPTAC_Intact_CR33D_24Aug15_Bane_15-02-06-RZ.mzML
MSV000080257	CPTAC_Intact_rep10_15Jan15_Bane_C2-14-08-02RZ_ms2.msalign	4	35	CPTAC_Intact_rep10_15Jan15_Bane_C2-14-08-02RZ.mzML
MSV000080257	CPTAC_Intact_rep6_15Jan15_Bane_C2-14-08-02RZ_ms2.msalign	4	35	CPTAC_Intact_rep6_15Jan15_Bane_C2-14-08-02RZ.mzML
MSV000080257	CPTAC_Intact_rep8_15Jan15_Bane_C2-14-08-02RZ_ms2.msalign	4	35	CPTAC_Intact_rep8_15Jan15_Bane_C2-14-08-02RZ.mzML
MSV000080257	CPTAC_Intact_rep5_15Jan15_Bane_C2-14-08-02RZ_ms2.msalign	4	35	CPTAC_Intact_rep5_15Jan15_Bane_C2-14-08-02RZ.mzML
MSV000080257	CPTAC_Intact_rep7_15Jan15_Bane_C2-14-08-02RZ_ms2.msalign	4	35	CPTAC_Intact_rep7_15Jan15_Bane_C2-14-08-02RZ.mzML
MSV000080257	CPTAC_Intact_rep9_15Jan15_Bane_C2-14-08-02RZ_ms2.msalign	4	35	CPTAC_Intact_rep9_15Jan15_Bane_C2-14-08-02RZ.mzML
MSV000080257	CPTAC_Intact_rep1_15Jan15_Bane_C2-14-08-02RZ_ms2.msalign	4	35	CPTAC_Intact_rep1_15Jan15_Bane_C2-14-08-02RZ.mzML
MSV000080257	CPTAC_Intact_rep2_15Jan15_Bane_C2-14-08-02RZ_ms2.msalign	4	35	CPTAC_Intact_rep2_15Jan15_Bane_C2-14-08-02RZ.mzML
MSV000080257	CPTAC_Intact_rep3_15Jan15_Bane_C2-14-08-02RZ_ms2.msalign	4	35	CPTAC_Intact_rep3_15Jan15_Bane_C2-14-08-02RZ.mzML
MSV000080257	CPTAC_Intact_rep4_15Jan15_Bane_C2-14-08-02RZ_ms2.msalign	4	35	CPTAC_Intact_rep4_15Jan15_Bane_C2-14-08-02RZ.mzML
MSV000088565	20200707_rmi049_HuBMAP_PLRPS_Kidney_biorep05_frac01_01_ms2.msalign	10	36	20200707_rmi049_HuBMAP_PLRPS_Kidney_biorep05_frac01_01.mzML
MSV000088565	20200707_rmi049_HuBMAP_PLRPS_Kidney_biorep05_frac01_02_ms2.msalign	10	36	20200707_rmi049_HuBMAP_PLRPS_Kidney_biorep05_frac01_02.mzML
MSV000088565	20200707_rmi049_HuBMAP_PLRPS_Kidney_biorep05_frac02_01_ms2.msalign	10	36	20200707_rmi049_HuBMAP_PLRPS_Kidney_biorep05_frac02_01.mzML
MSV000088565	20200707_rmi049_HuBMAP_PLRPS_Kidney_biorep03_frac04_01_ms2.msalign	10	36	20200707_rmi049_HuBMAP_PLRPS_Kidney_biorep03_frac04_01.mzML
MSV000088565	20200707_rmi049_HuBMAP_PLRPS_Kidney_biorep03_frac03_02_ms2.msalign	10	36	20200707_rmi049_HuBMAP_PLRPS_Kidney_biorep03_frac03_02.mzML
MSV000088565	20200707_rmi049_HuBMAP_PLRPS_Kidney_biorep03_frac04_02_ms2.msalign	10	36	20200707_rmi049_HuBMAP_PLRPS_Kidney_biorep03_frac04_02.mzML
MSV000088565	20200707_rmi049_HuBMAP_PLRPS_Kidney_biorep05_frac04_01_ms2.msalign	10	36	20200707_rmi049_HuBMAP_PLRPS_Kidney_biorep05_frac04_01.mzML
MSV000088565	20200707_rmi049_HuBMAP_PLRPS_Kidney_biorep05_frac02_02_ms2.msalign	10	36	20200707_rmi049_HuBMAP_PLRPS_Kidney_biorep05_frac02_02.mzML
MSV000088565	20200707_rmi049_HuBMAP_PLRPS_Kidney_biorep05_frac04_02_ms2.msalign	10	36	20200707_rmi049_HuBMAP_PLRPS_Kidney_biorep05_frac04_02.mzML
MSV000088565	20200707_rmi049_HuBMAP_PLRPS_Kidney_biorep04_frac04_01_ms2.msalign	10	36	20200707_rmi049_HuBMAP_PLRPS_Kidney_biorep04_frac04_01.mzML
MSV000088565	20200707_rmi049_HuBMAP_PLRPS_Kidney_biorep04_frac04_02_ms2.msalign	10	36	20200707_rmi049_HuBMAP_PLRPS_Kidney_biorep04_frac04_02.mzML
MSV000088565	20200707_rmi049_HuBMAP_PLRPS_Kidney_biorep04_frac01_02_ms2.msalign	10	36	20200707_rmi049_HuBMAP_PLRPS_Kidney_biorep04_frac01_02.mzML
MSV000088565	20200707_rmi049_HuBMAP_PLRPS_Kidney_biorep02_frac04_02_ms2.msalign	10	36	20200707_rmi049_HuBMAP_PLRPS_Kidney_biorep02_frac04_02.mzML
MSV000088565	20200707_rmi049_HuBMAP_PLRPS_Kidney_biorep04_frac03_02_ms2.msalign	10	36	20200707_rmi049_HuBMAP_PLRPS_Kidney_biorep04_frac03_02.mzML
MSV000088565	20200707_rmi049_HuBMAP_PLRPS_Kidney_biorep02_frac04_01_ms2.msalign	10	36	20200707_rmi049_HuBMAP_PLRPS_Kidney_biorep02_frac04_01.mzML
MSV000088565	20200707_rmi049_HuBMAP_PLRPS_Kidney_biorep03_frac02_02_ms2.msalign	10	36	20200707_rmi049_HuBMAP_PLRPS_Kidney_biorep03_frac02_02.mzML
MSV000088565	20200707_rmi049_HuBMAP_PLRPS_Kidney_biorep04_frac02_01_ms2.msalign	10	36	20200707_rmi049_HuBMAP_PLRPS_Kidney_biorep04_frac02_01.mzML
MSV000088565	20200707_rmi049_HuBMAP_PLRPS_Kidney_biorep04_frac02_02_ms2.msalign	10	36	20200707_rmi049_HuBMAP_PLRPS_Kidney_biorep04_frac02_02.mzML
MSV000088565	20200707_rmi049_HuBMAP_PLRPS_Kidney_biorep05_frac03_02_ms2.msalign	10	36	20200707_rmi049_HuBMAP_PLRPS_Kidney_biorep05_frac03_02.mzML
MSV000088565	20200707_rmi049_HuBMAP_PLRPS_Kidney_biorep05_frac03_01_ms2.msalign	10	36	20200707_rmi049_HuBMAP_PLRPS_Kidney_biorep05_frac03_01.mzML
MSV000088565	20200707_rmi049_HuBMAP_PLRPS_Kidney_biorep02_frac03_02_ms2.msalign	10	36	20200707_rmi049_HuBMAP_PLRPS_Kidney_biorep02_frac03_02.mzML
MSV000088565	20200707_rmi049_HuBMAP_PLRPS_Kidney_biorep04_frac03_01_ms2.msalign	10	36	20200707_rmi049_HuBMAP_PLRPS_Kidney_biorep04_frac03_01.mzML
MSV000088565	20200707_rmi049_HuBMAP_PLRPS_Kidney_biorep03_frac03_01_ms2.msalign	10	36	20200707_rmi049_HuBMAP_PLRPS_Kidney_biorep03_frac03_01.mzML
MSV000088565	20200707_rmi049_HuBMAP_PLRPS_Kidney_biorep02_frac02_02_ms2.msalign	10	36	20200707_rmi049_HuBMAP_PLRPS_Kidney_biorep02_frac02_02.mzML
MSV000088565	20200707_rmi049_HuBMAP_PLRPS_Kidney_biorep01_frac04_02_ms2.msalign	10	36	20200707_rmi049_HuBMAP_PLRPS_Kidney_biorep01_frac04_02.mzML
MSV000088565	20200707_rmi049_HuBMAP_PLRPS_Kidney_biorep03_frac02_01_ms2.msalign	10	36	20200707_rmi049_HuBMAP_PLRPS_Kidney_biorep03_frac02_01.mzML
MSV000088565	20200707_rmi049_HuBMAP_PLRPS_Kidney_biorep02_frac02_01_ms2.msalign	10	36	20200707_rmi049_HuBMAP_PLRPS_Kidney_biorep02_frac02_01.mzML
MSV000088565	20200707_rmi049_HuBMAP_PLRPS_Kidney_biorep04_frac01_01_ms2.msalign	10	36	20200707_rmi049_HuBMAP_PLRPS_Kidney_biorep04_frac01_01.mzML
MSV000088565	20200707_rmi049_HuBMAP_PLRPS_Kidney_biorep01_frac04_01_ms2.msalign	10	36	20200707_rmi049_HuBMAP_PLRPS_Kidney_biorep01_frac04_01.mzML
MSV000088565	20200707_rmi049_HuBMAP_PLRPS_Kidney_biorep02_frac03_01_ms2.msalign	10	36	20200707_rmi049_HuBMAP_PLRPS_Kidney_biorep02_frac03_01.mzML
MSV000088565	20200707_rmi049_HuBMAP_PLRPS_Kidney_biorep03_frac01_02_ms2.msalign	10	36	20200707_rmi049_HuBMAP_PLRPS_Kidney_biorep03_frac01_02.mzML
MSV000088565	20200707_rmi049_HuBMAP_PLRPS_Kidney_biorep01_frac05_01_ms2.msalign	10	36	20200707_rmi049_HuBMAP_PLRPS_Kidney_biorep01_frac05_01.mzML
MSV000088565	20200707_rmi049_HuBMAP_PLRPS_Kidney_biorep01_frac05_02_ms2.msalign	10	36	20200707_rmi049_HuBMAP_PLRPS_Kidney_biorep01_frac05_02.mzML
MSV000088565	20200707_rmi049_HuBMAP_PLRPS_Kidney_biorep01_frac03_02_ms2.msalign	10	36	20200707_rmi049_HuBMAP_PLRPS_Kidney_biorep01_frac03_02.mzML
MSV000088565	20200707_rmi049_HuBMAP_PLRPS_Kidney_biorep02_frac01_02_ms2.msalign	10	36	20200707_rmi049_HuBMAP_PLRPS_Kidney_biorep02_frac01_02.mzML
MSV000088565	20200707_rmi049_HuBMAP_PLRPS_Kidney_biorep01_frac02_02_ms2.msalign	10	36	20200707_rmi049_HuBMAP_PLRPS_Kidney_biorep01_frac02_02.mzML
MSV000088565	20200707_rmi049_HuBMAP_PLRPS_Kidney_biorep02_frac01_01_ms2.msalign	10	36	20200707_rmi049_HuBMAP_PLRPS_Kidney_biorep02_frac01_01.mzML
MSV000088565	20200707_rmi049_HuBMAP_PLRPS_Kidney_biorep03_frac01_01_ms2.msalign	10	36	20200707_rmi049_HuBMAP_PLRPS_Kidney_biorep03_frac01_01.mzML
MSV000088565	20200707_rmi049_HuBMAP_PLRPS_Kidney_biorep01_frac02_01_ms2.msalign	10	36	20200707_rmi049_HuBMAP_PLRPS_Kidney_biorep01_frac02_01.mzML
MSV000088565	20200707_rmi049_HuBMAP_PLRPS_Kidney_biorep01_frac01_02_ms2.msalign	10	36	20200707_rmi049_HuBMAP_PLRPS_Kidney_biorep01_frac01_02.mzML
MSV000088565	20200707_rmi049_HuBMAP_PLRPS_Kidney_biorep01_frac03_01_ms2.msalign	10	36	20200707_rmi049_HuBMAP_PLRPS_Kidney_biorep01_frac03_01.mzML
MSV000088565	20200707_rmi049_HuBMAP_PLRPS_Kidney_biorep01_frac01_01_ms2.msalign	10	36	20200707_rmi049_HuBMAP_PLRPS_Kidney_biorep01_frac01_01.mzML
MSV000088565	20201116_bsd0560_HuBMAP_PLRPS_Lung_biorep03_frac03_04_ms2.msalign	10	37	20201116_bsd0560_HuBMAP_PLRPS_Lung_biorep03_frac03_04.mzML
MSV000088565	20201116_bsd0560_HuBMAP_PLRPS_Lung_biorep02_frac03_01_ms2.msalign	10	37	20201116_bsd0560_HuBMAP_PLRPS_Lung_biorep02_frac03_01.mzML
MSV000088565	20201116_bsd0560_HuBMAP_PLRPS_Lung_biorep02_frac04_01_ms2.msalign	10	37	20201116_bsd0560_HuBMAP_PLRPS_Lung_biorep02_frac04_01.mzML
MSV000088565	20201116_bsd0560_HuBMAP_PLRPS_Lung_biorep02_frac03_02_ms2.msalign	10	37	20201116_bsd0560_HuBMAP_PLRPS_Lung_biorep02_frac03_02.mzML
MSV000088565	20201116_bsd0560_HuBMAP_PLRPS_Lung_biorep02_frac04_03_ms2.msalign	10	37	20201116_bsd0560_HuBMAP_PLRPS_Lung_biorep02_frac04_03.mzML
MSV000088565	20201116_bsd0560_HuBMAP_PLRPS_Lung_biorep02_frac04_02_ms2.msalign	10	37	20201116_bsd0560_HuBMAP_PLRPS_Lung_biorep02_frac04_02.mzML
MSV000088565	20201116_bsd0560_HuBMAP_PLRPS_Lung_biorep02_frac03_03_ms2.msalign	10	37	20201116_bsd0560_HuBMAP_PLRPS_Lung_biorep02_frac03_03.mzML
MSV000088565	20201116_bsd0560_HuBMAP_PLRPS_Lung_biorep03_frac02_01_ms2.msalign	10	37	20201116_bsd0560_HuBMAP_PLRPS_Lung_biorep03_frac02_01.mzML
MSV000088565	20201116_bsd0560_HuBMAP_PLRPS_Lung_biorep02_frac02_02_ms2.msalign	10	37	20201116_bsd0560_HuBMAP_PLRPS_Lung_biorep02_frac02_02.mzML
MSV000088565	20201116_bsd0560_HuBMAP_PLRPS_Lung_biorep03_frac03_01_ms2.msalign	10	37	20201116_bsd0560_HuBMAP_PLRPS_Lung_biorep03_frac03_01.mzML
MSV000088565	20201116_bsd0560_HuBMAP_PLRPS_Lung_biorep03_frac03_02_ms2.msalign	10	37	20201116_bsd0560_HuBMAP_PLRPS_Lung_biorep03_frac03_02.mzML
MSV000088565	20201116_bsd0560_HuBMAP_PLRPS_Lung_biorep03_frac04_03_ms2.msalign	10	37	20201116_bsd0560_HuBMAP_PLRPS_Lung_biorep03_frac04_03.mzML
MSV000088565	20201116_bsd0560_HuBMAP_PLRPS_Lung_biorep03_frac02_02_ms2.msalign	10	37	20201116_bsd0560_HuBMAP_PLRPS_Lung_biorep03_frac02_02.mzML
MSV000088565	20201116_bsd0560_HuBMAP_PLRPS_Lung_biorep03_frac04_01_ms2.msalign	10	37	20201116_bsd0560_HuBMAP_PLRPS_Lung_biorep03_frac04_01.mzML
MSV000088565	20201116_bsd0560_HuBMAP_PLRPS_Lung_biorep03_frac02_03_ms2.msalign	10	37	20201116_bsd0560_HuBMAP_PLRPS_Lung_biorep03_frac02_03.mzML
MSV000088565	20201116_bsd0560_HuBMAP_PLRPS_Lung_biorep03_frac04_02_ms2.msalign	10	37	20201116_bsd0560_HuBMAP_PLRPS_Lung_biorep03_frac04_02.mzML
MSV000088565	20201116_bsd0560_HuBMAP_PLRPS_Lung_biorep03_frac03_03_ms2.msalign	10	37	20201116_bsd0560_HuBMAP_PLRPS_Lung_biorep03_frac03_03.mzML
MSV000088565	20201116_bsd0560_HuBMAP_PLRPS_Lung_biorep02_frac02_01_ms2.msalign	10	37	20201116_bsd0560_HuBMAP_PLRPS_Lung_biorep02_frac02_01.mzML
MSV000088565	20201116_bsd0560_HuBMAP_PLRPS_Lung_biorep02_frac02_03_ms2.msalign	10	37	20201116_bsd0560_HuBMAP_PLRPS_Lung_biorep02_frac02_03.mzML
MSV000088565	20201116_bsd0560_HuBMAP_PLRPS_Lung_biorep01_frac04_03_ms2.msalign	10	37	20201116_bsd0560_HuBMAP_PLRPS_Lung_biorep01_frac04_03.mzML
MSV000088565	20201116_bsd0560_HuBMAP_PLRPS_Lung_biorep01_frac04_01_ms2.msalign	10	37	20201116_bsd0560_HuBMAP_PLRPS_Lung_biorep01_frac04_01.mzML
MSV000088565	20201116_bsd0560_HuBMAP_PLRPS_Lung_biorep01_frac04_02_ms2.msalign	10	37	20201116_bsd0560_HuBMAP_PLRPS_Lung_biorep01_frac04_02.mzML
MSV000088565	20201116_bsd0560_HuBMAP_PLRPS_Lung_biorep01_frac03_03_ms2.msalign	10	37	20201116_bsd0560_HuBMAP_PLRPS_Lung_biorep01_frac03_03.mzML
MSV000088565	20201116_bsd0560_HuBMAP_PLRPS_Lung_biorep01_frac03_02_ms2.msalign	10	37	20201116_bsd0560_HuBMAP_PLRPS_Lung_biorep01_frac03_02.mzML
MSV000088565	20201116_bsd0560_HuBMAP_PLRPS_Lung_biorep03_frac05_02_ms2.msalign	10	37	20201116_bsd0560_HuBMAP_PLRPS_Lung_biorep03_frac05_02.mzML
MSV000088565	20201116_bsd0560_HuBMAP_PLRPS_Lung_biorep03_frac05_01_ms2.msalign	10	37	20201116_bsd0560_HuBMAP_PLRPS_Lung_biorep03_frac05_01.mzML
MSV000088565	20201116_bsd0560_HuBMAP_PLRPS_Lung_biorep02_frac05_02_ms2.msalign	10	37	20201116_bsd0560_HuBMAP_PLRPS_Lung_biorep02_frac05_02.mzML
MSV000088565	20201116_bsd0560_HuBMAP_PLRPS_Lung_biorep02_frac05_01_ms2.msalign	10	37	20201116_bsd0560_HuBMAP_PLRPS_Lung_biorep02_frac05_01.mzML
MSV000088565	20201116_bsd0560_HuBMAP_PLRPS_Lung_biorep01_frac03_01_ms2.msalign	10	37	20201116_bsd0560_HuBMAP_PLRPS_Lung_biorep01_frac03_01.mzML
MSV000088565	20201116_bsd0560_HuBMAP_PLRPS_Lung_biorep01_frac05_01_ms2.msalign	10	37	20201116_bsd0560_HuBMAP_PLRPS_Lung_biorep01_frac05_01.mzML
MSV000088565	20201116_bsd0560_HuBMAP_PLRPS_Lung_biorep02_frac01_03_ms2.msalign	10	37	20201116_bsd0560_HuBMAP_PLRPS_Lung_biorep02_frac01_03.mzML
MSV000088565	20201116_bsd0560_HuBMAP_PLRPS_Lung_biorep01_frac05_02_ms2.msalign	10	37	20201116_bsd0560_HuBMAP_PLRPS_Lung_biorep01_frac05_02.mzML
MSV000088565	20201116_bsd0560_HuBMAP_PLRPS_Lung_biorep01_frac02_01_ms2.msalign	10	37	20201116_bsd0560_HuBMAP_PLRPS_Lung_biorep01_frac02_01.mzML
MSV000088565	20201116_bsd0560_HuBMAP_PLRPS_Lung_biorep02_frac01_01_ms2.msalign	10	37	20201116_bsd0560_HuBMAP_PLRPS_Lung_biorep02_frac01_01.mzML
MSV000088565	20201116_bsd0560_HuBMAP_PLRPS_Lung_biorep01_frac02_02_ms2.msalign	10	37	20201116_bsd0560_HuBMAP_PLRPS_Lung_biorep01_frac02_02.mzML
MSV000088565	20201116_bsd0560_HuBMAP_PLRPS_Lung_biorep02_frac01_02_ms2.msalign	10	37	20201116_bsd0560_HuBMAP_PLRPS_Lung_biorep02_frac01_02.mzML
MSV000088565	20201116_bsd0560_HuBMAP_PLRPS_Lung_biorep01_frac02_03_ms2.msalign	10	37	20201116_bsd0560_HuBMAP_PLRPS_Lung_biorep01_frac02_03.mzML
MSV000088565	20201116_bsd0560_HuBMAP_PLRPS_Lung_biorep03_frac01_01_ms2.msalign	10	37	20201116_bsd0560_HuBMAP_PLRPS_Lung_biorep03_frac01_01.mzML
MSV000088565	20201116_bsd0560_HuBMAP_PLRPS_Lung_biorep03_frac01_03_ms2.msalign	10	37	20201116_bsd0560_HuBMAP_PLRPS_Lung_biorep03_frac01_03.mzML
MSV000088565	20201116_bsd0560_HuBMAP_PLRPS_Lung_biorep03_frac01_02_ms2.msalign	10	37	20201116_bsd0560_HuBMAP_PLRPS_Lung_biorep03_frac01_02.mzML
MSV000088565	20201116_bsd0560_HuBMAP_PLRPS_Lung_biorep01_frac01_03_ms2.msalign	10	37	20201116_bsd0560_HuBMAP_PLRPS_Lung_biorep01_frac01_03.mzML
MSV000088565	20201116_bsd0560_HuBMAP_PLRPS_Lung_biorep01_frac01_01_ms2.msalign	10	37	20201116_bsd0560_HuBMAP_PLRPS_Lung_biorep01_frac01_01.mzML
MSV000088565	20201116_bsd0560_HuBMAP_PLRPS_Lung_biorep01_frac01_02_ms2.msalign	10	37	20201116_bsd0560_HuBMAP_PLRPS_Lung_biorep01_frac01_02.mzML
MSV000088565	20210325_bsd0560_HuBMAP_PLRPS_Spleen_biorep01_frac03_04_ms2.msalign	10	129	20210325_bsd0560_HuBMAP_PLRPS_Spleen_biorep01_frac03_04.mzML
MSV000088565	20210324_bsd0560_HuBMAP_PLRPS_Spleen_biorep01_frac04_03_ms2.msalign	10	129	20210324_bsd0560_HuBMAP_PLRPS_Spleen_biorep01_frac04_03.mzML
MSV000088565	20210324_bsd0560_HuBMAP_PLRPS_Spleen_biorep01_frac04_02_ms2.msalign	10	129	20210324_bsd0560_HuBMAP_PLRPS_Spleen_biorep01_frac04_02.mzML
MSV000088565	20210324_bsd0560_HuBMAP_PLRPS_Spleen_biorep01_frac04_01_ms2.msalign	10	129	20210324_bsd0560_HuBMAP_PLRPS_Spleen_biorep01_frac04_01.mzML
MSV000088565	20210325_bsd0560_HuBMAP_PLRPS_Spleen_biorep01_frac06_01_ms2.msalign	10	129	20210325_bsd0560_HuBMAP_PLRPS_Spleen_biorep01_frac06_01.mzML
MSV000088565	20210324_bsd0560_HuBMAP_PLRPS_Spleen_biorep01_frac05_04_ms2.msalign	10	129	20210324_bsd0560_HuBMAP_PLRPS_Spleen_biorep01_frac05_04.mzML
MSV000088565	20210324_bsd0560_HuBMAP_PLRPS_Spleen_biorep01_frac05_01_ms2.msalign	10	129	20210324_bsd0560_HuBMAP_PLRPS_Spleen_biorep01_frac05_01.mzML
MSV000088565	20210325_bsd0560_HuBMAP_PLRPS_Spleen_biorep01_frac06_03_ms2.msalign	10	129	20210325_bsd0560_HuBMAP_PLRPS_Spleen_biorep01_frac06_03.mzML
MSV000088565	20210325_bsd0560_HuBMAP_PLRPS_Spleen_biorep01_frac06_02_ms2.msalign	10	129	20210325_bsd0560_HuBMAP_PLRPS_Spleen_biorep01_frac06_02.mzML
MSV000088565	20210324_bsd0560_HuBMAP_PLRPS_Spleen_biorep01_frac05_02_ms2.msalign	10	129	20210324_bsd0560_HuBMAP_PLRPS_Spleen_biorep01_frac05_02.mzML
MSV000088565	20210324_bsd0560_HuBMAP_PLRPS_Spleen_biorep01_frac05_03_ms2.msalign	10	129	20210324_bsd0560_HuBMAP_PLRPS_Spleen_biorep01_frac05_03.mzML
MSV000088565	20210324_bsd0560_HuBMAP_PLRPS_Spleen_biorep01_frac03_03_ms2.msalign	10	129	20210324_bsd0560_HuBMAP_PLRPS_Spleen_biorep01_frac03_03.mzML
MSV000088565	20210324_bsd0560_HuBMAP_PLRPS_Spleen_biorep01_frac03_02_ms2.msalign	10	129	20210324_bsd0560_HuBMAP_PLRPS_Spleen_biorep01_frac03_02.mzML
MSV000088565	20210324_bsd0560_HuBMAP_PLRPS_Spleen_biorep01_frac03_01_ms2.msalign	10	129	20210324_bsd0560_HuBMAP_PLRPS_Spleen_biorep01_frac03_01.mzML
MSV000088565	20210323_bsd0560_HuBMAP_PLRPS_Spleen_biorep01_frac02_03_ms2.msalign	10	129	20210323_bsd0560_HuBMAP_PLRPS_Spleen_biorep01_frac02_03.mzML
MSV000088565	20210323_bsd0560_HuBMAP_PLRPS_Spleen_biorep01_frac01_03_ms2.msalign	10	129	20210323_bsd0560_HuBMAP_PLRPS_Spleen_biorep01_frac01_03.mzML
MSV000088565	20210323_bsd0560_HuBMAP_PLRPS_Spleen_biorep01_frac01_01_ms2.msalign	10	129	20210323_bsd0560_HuBMAP_PLRPS_Spleen_biorep01_frac01_01.mzML
MSV000088565	20210323_bsd0560_HuBMAP_PLRPS_Spleen_biorep01_frac01_02_ms2.msalign	10	129	20210323_bsd0560_HuBMAP_PLRPS_Spleen_biorep01_frac01_02.mzML
MSV000088565	20210323_bsd0560_HuBMAP_PLRPS_Spleen_biorep01_frac02_02_ms2.msalign	10	129	20210323_bsd0560_HuBMAP_PLRPS_Spleen_biorep01_frac02_02.mzML
MSV000088565	20210323_bsd0560_HuBMAP_PLRPS_Spleen_biorep01_frac02_01_ms2.msalign	10	129	20210323_bsd0560_HuBMAP_PLRPS_Spleen_biorep01_frac02_01.mzML
MSV000088565	20210324_kjb9186_HuBMAP_CESI_Spleen_biorep01_frac06_02_ms2.msalign	10	38	20210324_kjb9186_HuBMAP_CESI_Spleen_biorep01_frac06_02.mzML
MSV000088565	20210323_kjb9186_HuBMAP_CESI_Spleen_biorep01_frac05_02_ms2.msalign	10	38	20210323_kjb9186_HuBMAP_CESI_Spleen_biorep01_frac05_02.mzML
MSV000088565	20210323_kjb9186_HuBMAP_CESI_Spleen_biorep01_frac05_01_ms2.msalign	10	38	20210323_kjb9186_HuBMAP_CESI_Spleen_biorep01_frac05_01.mzML
MSV000088565	20210324_kjb9186_HuBMAP_CESI_Spleen_biorep01_frac06_01_ms2.msalign	10	38	20210324_kjb9186_HuBMAP_CESI_Spleen_biorep01_frac06_01.mzML
MSV000088565	20210324_kjb9186_HuBMAP_CESI_Spleen_biorep01_frac06_03_ms2.msalign	10	38	20210324_kjb9186_HuBMAP_CESI_Spleen_biorep01_frac06_03.mzML
MSV000088565	20210323_kjb9186_HuBMAP_CESI_Spleen_biorep01_frac05_03_ms2.msalign	10	38	20210323_kjb9186_HuBMAP_CESI_Spleen_biorep01_frac05_03.mzML
MSV000088565	20210323_kjb9186_HuBMAP_CESI_Spleen_biorep01_frac03_02_ms2.msalign	10	38	20210323_kjb9186_HuBMAP_CESI_Spleen_biorep01_frac03_02.mzML
MSV000088565	20210323_kjb9186_HuBMAP_CESI_Spleen_biorep01_frac03_01_ms2.msalign	10	38	20210323_kjb9186_HuBMAP_CESI_Spleen_biorep01_frac03_01.mzML
MSV000088565	20210323_kjb9186_HuBMAP_CESI_Spleen_biorep01_frac03_03_ms2.msalign	10	38	20210323_kjb9186_HuBMAP_CESI_Spleen_biorep01_frac03_03.mzML
MSV000088565	20210322_kjb9186_HuBMAP_CESI_Spleen_biorep01_frac02_03_ms2.msalign	10	38	20210322_kjb9186_HuBMAP_CESI_Spleen_biorep01_frac02_03.mzML
MSV000088565	20210322_kjb9186_HuBMAP_CESI_Spleen_biorep01_frac02_01_ms2.msalign	10	38	20210322_kjb9186_HuBMAP_CESI_Spleen_biorep01_frac02_01.mzML
MSV000088565	20210322_kjb9186_HuBMAP_CESI_Spleen_biorep01_frac02_02_ms2.msalign	10	38	20210322_kjb9186_HuBMAP_CESI_Spleen_biorep01_frac02_02.mzML
MSV000088565	20210322_kjb9186_HuBMAP_CESI_Spleen_biorep01_frac01_03_ms2.msalign	10	38	20210322_kjb9186_HuBMAP_CESI_Spleen_biorep01_frac01_03.mzML
MSV000088565	20210322_kjb9186_HuBMAP_CESI_Spleen_biorep01_frac01_02_ms2.msalign	10	38	20210322_kjb9186_HuBMAP_CESI_Spleen_biorep01_frac01_02.mzML
MSV000088565	20210322_kjb9186_HuBMAP_CESI_Spleen_biorep01_frac01_01_ms2.msalign	10	38	20210322_kjb9186_HuBMAP_CESI_Spleen_biorep01_frac01_01.mzML
MSV000088565	20210215_kjb9186_HuBMAP_CESI_SmInt_biorep01_frac06_01_ms2.msalign	10	39	20210215_kjb9186_HuBMAP_CESI_SmInt_biorep01_frac06_01.mzML
MSV000088565	20210215_kjb9186_HuBMAP_CESI_SmInt_biorep01_frac02_02_ms2.msalign	10	39	20210215_kjb9186_HuBMAP_CESI_SmInt_biorep01_frac02_02.mzML
MSV000088565	20210215_kjb9186_HuBMAP_CESI_SmInt_biorep01_frac06_02_ms2.msalign	10	39	20210215_kjb9186_HuBMAP_CESI_SmInt_biorep01_frac06_02.mzML
MSV000088565	20210215_kjb9186_HuBMAP_CESI_SmInt_biorep01_frac02_01_ms2.msalign	10	39	20210215_kjb9186_HuBMAP_CESI_SmInt_biorep01_frac02_01.mzML
MSV000088565	20210215_kjb9186_HuBMAP_CESI_SmInt_biorep01_frac02_03_ms2.msalign	10	39	20210215_kjb9186_HuBMAP_CESI_SmInt_biorep01_frac02_03.mzML
MSV000088565	20210215_kjb9186_HuBMAP_CESI_SmInt_biorep01_frac04_03_ms2.msalign	10	39	20210215_kjb9186_HuBMAP_CESI_SmInt_biorep01_frac04_03.mzML
MSV000088565	20210215_kjb9186_HuBMAP_CESI_SmInt_biorep01_frac04_01_ms2.msalign	10	39	20210215_kjb9186_HuBMAP_CESI_SmInt_biorep01_frac04_01.mzML
MSV000088565	20210215_kjb9186_HuBMAP_CESI_SmInt_biorep01_frac05_01_ms2.msalign	10	39	20210215_kjb9186_HuBMAP_CESI_SmInt_biorep01_frac05_01.mzML
MSV000088565	20210215_kjb9186_HuBMAP_CESI_SmInt_biorep01_frac05_02_ms2.msalign	10	39	20210215_kjb9186_HuBMAP_CESI_SmInt_biorep01_frac05_02.mzML
MSV000088565	20210215_kjb9186_HuBMAP_CESI_SmInt_biorep01_frac03_01_ms2.msalign	10	39	20210215_kjb9186_HuBMAP_CESI_SmInt_biorep01_frac03_01.mzML
MSV000088565	20210215_kjb9186_HuBMAP_CESI_SmInt_biorep01_frac04_02_ms2.msalign	10	39	20210215_kjb9186_HuBMAP_CESI_SmInt_biorep01_frac04_02.mzML
MSV000088565	20210215_kjb9186_HuBMAP_CESI_SmInt_biorep01_frac03_02_ms2.msalign	10	39	20210215_kjb9186_HuBMAP_CESI_SmInt_biorep01_frac03_02.mzML
MSV000088565	20210215_kjb9186_HuBMAP_CESI_SmInt_biorep01_frac06_03_ms2.msalign	10	39	20210215_kjb9186_HuBMAP_CESI_SmInt_biorep01_frac06_03.mzML
MSV000088565	20210215_kjb9186_HuBMAP_CESI_SmInt_biorep01_frac03_03_ms2.msalign	10	39	20210215_kjb9186_HuBMAP_CESI_SmInt_biorep01_frac03_03.mzML
MSV000088565	20210215_kjb9186_HuBMAP_CESI_SmInt_biorep01_frac05_03_ms2.msalign	10	39	20210215_kjb9186_HuBMAP_CESI_SmInt_biorep01_frac05_03.mzML
MSV000088565	20210215_kjb9186_HuBMAP_CESI_SmInt_biorep01_frac01_03_ms2.msalign	10	39	20210215_kjb9186_HuBMAP_CESI_SmInt_biorep01_frac01_03.mzML
MSV000088565	20210215_kjb9186_HuBMAP_CESI_SmInt_biorep01_frac01_02_ms2.msalign	10	39	20210215_kjb9186_HuBMAP_CESI_SmInt_biorep01_frac01_02.mzML
MSV000088565	20210215_kjb9186_HuBMAP_CESI_SmInt_biorep01_frac01_01_ms2.msalign	10	39	20210215_kjb9186_HuBMAP_CESI_SmInt_biorep01_frac01_01.mzML
MSV000088565	20210216_bsd0560_HuBMAP_PLRPS_SmInt_biorep01_frac02_02_ms2.msalign	10	40	20210216_bsd0560_HuBMAP_PLRPS_SmInt_biorep01_frac02_02.mzML
MSV000088565	20210216_bsd0560_HuBMAP_PLRPS_SmInt_biorep01_frac02_01_ms2.msalign	10	40	20210216_bsd0560_HuBMAP_PLRPS_SmInt_biorep01_frac02_01.mzML
MSV000088565	20210216_bsd0560_HuBMAP_PLRPS_SmInt_biorep01_frac02_03_ms2.msalign	10	40	20210216_bsd0560_HuBMAP_PLRPS_SmInt_biorep01_frac02_03.mzML
MSV000088565	20210216_bsd0560_HuBMAP_PLRPS_SmInt_biorep01_frac04_01_ms2.msalign	10	40	20210216_bsd0560_HuBMAP_PLRPS_SmInt_biorep01_frac04_01.mzML
MSV000088565	20210216_bsd0560_HuBMAP_PLRPS_SmInt_biorep01_frac04_02_ms2.msalign	10	40	20210216_bsd0560_HuBMAP_PLRPS_SmInt_biorep01_frac04_02.mzML
MSV000088565	20210216_bsd0560_HuBMAP_PLRPS_SmInt_biorep01_frac04_03_ms2.msalign	10	40	20210216_bsd0560_HuBMAP_PLRPS_SmInt_biorep01_frac04_03.mzML
MSV000088565	20210216_bsd0560_HuBMAP_PLRPS_SmInt_biorep01_frac03_03_ms2.msalign	10	40	20210216_bsd0560_HuBMAP_PLRPS_SmInt_biorep01_frac03_03.mzML
MSV000088565	20210216_bsd0560_HuBMAP_PLRPS_SmInt_biorep01_frac03_02_ms2.msalign	10	40	20210216_bsd0560_HuBMAP_PLRPS_SmInt_biorep01_frac03_02.mzML
MSV000088565	20210216_bsd0560_HuBMAP_PLRPS_SmInt_biorep01_frac03_01_ms2.msalign	10	40	20210216_bsd0560_HuBMAP_PLRPS_SmInt_biorep01_frac03_01.mzML
MSV000088565	20210216_bsd0560_HuBMAP_PLRPS_SmInt_biorep01_frac06_02_ms2.msalign	10	40	20210216_bsd0560_HuBMAP_PLRPS_SmInt_biorep01_frac06_02.mzML
MSV000088565	20210216_bsd0560_HuBMAP_PLRPS_SmInt_biorep01_frac06_01_ms2.msalign	10	40	20210216_bsd0560_HuBMAP_PLRPS_SmInt_biorep01_frac06_01.mzML
MSV000088565	20210216_bsd0560_HuBMAP_PLRPS_SmInt_biorep01_frac06_03_ms2.msalign	10	40	20210216_bsd0560_HuBMAP_PLRPS_SmInt_biorep01_frac06_03.mzML
MSV000088565	20210216_bsd0560_HuBMAP_PLRPS_SmInt_biorep01_frac05_01_ms2.msalign	10	40	20210216_bsd0560_HuBMAP_PLRPS_SmInt_biorep01_frac05_01.mzML
MSV000088565	20210216_bsd0560_HuBMAP_PLRPS_SmInt_biorep01_frac05_03_ms2.msalign	10	40	20210216_bsd0560_HuBMAP_PLRPS_SmInt_biorep01_frac05_03.mzML
MSV000088565	20210216_bsd0560_HuBMAP_PLRPS_SmInt_biorep01_frac05_02_ms2.msalign	10	40	20210216_bsd0560_HuBMAP_PLRPS_SmInt_biorep01_frac05_02.mzML
MSV000088565	20210216_bsd0560_HuBMAP_PLRPS_SmInt_biorep01_frac01_01_ms2.msalign	10	40	20210216_bsd0560_HuBMAP_PLRPS_SmInt_biorep01_frac01_01.mzML
MSV000088565	20210216_bsd0560_HuBMAP_PLRPS_SmInt_biorep01_frac01_03_ms2.msalign	10	40	20210216_bsd0560_HuBMAP_PLRPS_SmInt_biorep01_frac01_03.mzML
MSV000088565	20210216_bsd0560_HuBMAP_PLRPS_SmInt_biorep01_frac01_02_ms2.msalign	10	40	20210216_bsd0560_HuBMAP_PLRPS_SmInt_biorep01_frac01_02.mzML
MSV000088565	20210215_kjb9186_HuBMAP_CESI_Heart_biorep01_frac04_01_ms2.msalign	10	41	20210215_kjb9186_HuBMAP_CESI_Heart_biorep01_frac04_01.mzML
MSV000088565	20210215_kjb9186_HuBMAP_CESI_Heart_biorep01_frac02_01_ms2.msalign	10	41	20210215_kjb9186_HuBMAP_CESI_Heart_biorep01_frac02_01.mzML
MSV000088565	20210215_kjb9186_HuBMAP_CESI_Heart_biorep01_frac04_02_ms2.msalign	10	41	20210215_kjb9186_HuBMAP_CESI_Heart_biorep01_frac04_02.mzML
MSV000088565	20210215_kjb9186_HuBMAP_CESI_Heart_biorep01_frac04_03_ms2.msalign	10	41	20210215_kjb9186_HuBMAP_CESI_Heart_biorep01_frac04_03.mzML
MSV000088565	20210215_kjb9186_HuBMAP_CESI_Heart_biorep01_frac05_03_ms2.msalign	10	41	20210215_kjb9186_HuBMAP_CESI_Heart_biorep01_frac05_03.mzML
MSV000088565	20210215_kjb9186_HuBMAP_CESI_Heart_biorep01_frac03_02_ms2.msalign	10	41	20210215_kjb9186_HuBMAP_CESI_Heart_biorep01_frac03_02.mzML
MSV000088565	20210215_kjb9186_HuBMAP_CESI_Heart_biorep01_frac05_01_ms2.msalign	10	41	20210215_kjb9186_HuBMAP_CESI_Heart_biorep01_frac05_01.mzML
MSV000088565	20210215_kjb9186_HuBMAP_CESI_Heart_biorep01_frac05_02_ms2.msalign	10	41	20210215_kjb9186_HuBMAP_CESI_Heart_biorep01_frac05_02.mzML
MSV000088565	20210215_kjb9186_HuBMAP_CESI_Heart_biorep01_frac03_03_ms2.msalign	10	41	20210215_kjb9186_HuBMAP_CESI_Heart_biorep01_frac03_03.mzML
MSV000088565	20210215_kjb9186_HuBMAP_CESI_Heart_biorep01_frac01_01_ms2.msalign	10	41	20210215_kjb9186_HuBMAP_CESI_Heart_biorep01_frac01_01.mzML
MSV000088565	20210215_kjb9186_HuBMAP_CESI_Heart_biorep01_frac02_02_ms2.msalign	10	41	20210215_kjb9186_HuBMAP_CESI_Heart_biorep01_frac02_02.mzML
MSV000088565	20210215_kjb9186_HuBMAP_CESI_Heart_biorep01_frac03_01_ms2.msalign	10	41	20210215_kjb9186_HuBMAP_CESI_Heart_biorep01_frac03_01.mzML
MSV000088565	20210215_kjb9186_HuBMAP_CESI_Heart_biorep01_frac02_03_ms2.msalign	10	41	20210215_kjb9186_HuBMAP_CESI_Heart_biorep01_frac02_03.mzML
MSV000088565	20210215_kjb9186_HuBMAP_CESI_Heart_biorep01_frac06_01_ms2.msalign	10	41	20210215_kjb9186_HuBMAP_CESI_Heart_biorep01_frac06_01.mzML
MSV000088565	20210215_kjb9186_HuBMAP_CESI_Heart_biorep01_frac01_03_ms2.msalign	10	41	20210215_kjb9186_HuBMAP_CESI_Heart_biorep01_frac01_03.mzML
MSV000088565	20210215_kjb9186_HuBMAP_CESI_Heart_biorep01_frac01_02_ms2.msalign	10	41	20210215_kjb9186_HuBMAP_CESI_Heart_biorep01_frac01_02.mzML
MSV000088565	20210325_kjb9186_HuBMAP_CESI_Heart_biorep02_frac03_01_ms2.msalign	10	41	20210325_kjb9186_HuBMAP_CESI_Heart_biorep02_frac03_01.mzML
MSV000088565	20210325_kjb9186_HuBMAP_CESI_Heart_biorep02_frac02_02_ms2.msalign	10	41	20210325_kjb9186_HuBMAP_CESI_Heart_biorep02_frac02_02.mzML
MSV000088565	20210325_kjb9186_HuBMAP_CESI_Heart_biorep02_frac03_02_ms2.msalign	10	41	20210325_kjb9186_HuBMAP_CESI_Heart_biorep02_frac03_02.mzML
MSV000088565	20210325_kjb9186_HuBMAP_CESI_Heart_biorep02_frac04_03_ms2.msalign	10	41	20210325_kjb9186_HuBMAP_CESI_Heart_biorep02_frac04_03.mzML
MSV000088565	20210325_kjb9186_HuBMAP_CESI_Heart_biorep02_frac02_01_ms2.msalign	10	41	20210325_kjb9186_HuBMAP_CESI_Heart_biorep02_frac02_01.mzML
MSV000088565	20210325_kjb9186_HuBMAP_CESI_Heart_biorep02_frac02_03_ms2.msalign	10	41	20210325_kjb9186_HuBMAP_CESI_Heart_biorep02_frac02_03.mzML
MSV000088565	20210325_kjb9186_HuBMAP_CESI_Heart_biorep02_frac04_01_ms2.msalign	10	41	20210325_kjb9186_HuBMAP_CESI_Heart_biorep02_frac04_01.mzML
MSV000088565	20210325_kjb9186_HuBMAP_CESI_Heart_biorep02_frac03_03_ms2.msalign	10	41	20210325_kjb9186_HuBMAP_CESI_Heart_biorep02_frac03_03.mzML
MSV000088565	20210325_kjb9186_HuBMAP_CESI_Heart_biorep02_frac04_02_ms2.msalign	10	41	20210325_kjb9186_HuBMAP_CESI_Heart_biorep02_frac04_02.mzML
MSV000088565	20210324_kjb9186_HuBMAP_CESI_Heart_biorep02_frac06_03_ms2.msalign	10	41	20210324_kjb9186_HuBMAP_CESI_Heart_biorep02_frac06_03.mzML
MSV000088565	20210324_kjb9186_HuBMAP_CESI_Heart_biorep02_frac06_02_ms2.msalign	10	41	20210324_kjb9186_HuBMAP_CESI_Heart_biorep02_frac06_02.mzML
MSV000088565	20210324_kjb9186_HuBMAP_CESI_Heart_biorep02_frac06_01_ms2.msalign	10	41	20210324_kjb9186_HuBMAP_CESI_Heart_biorep02_frac06_01.mzML
MSV000088565	20210215_kjb9186_HuBMAP_CESI_Heart_biorep01_frac06_03_ms2.msalign	10	41	20210215_kjb9186_HuBMAP_CESI_Heart_biorep01_frac06_03.mzML
MSV000088565	20210215_kjb9186_HuBMAP_CESI_Heart_biorep01_frac06_02_ms2.msalign	10	41	20210215_kjb9186_HuBMAP_CESI_Heart_biorep01_frac06_02.mzML
MSV000088565	20210325_kjb9186_HuBMAP_CESI_Heart_biorep02_frac05_02_ms2.msalign	10	41	20210325_kjb9186_HuBMAP_CESI_Heart_biorep02_frac05_02.mzML
MSV000088565	20210325_kjb9186_HuBMAP_CESI_Heart_biorep02_frac05_01_ms2.msalign	10	41	20210325_kjb9186_HuBMAP_CESI_Heart_biorep02_frac05_01.mzML
MSV000088565	20210325_kjb9186_HuBMAP_CESI_Heart_biorep02_frac05_03_ms2.msalign	10	41	20210325_kjb9186_HuBMAP_CESI_Heart_biorep02_frac05_03.mzML
MSV000088565	20210324_kjb9186_HuBMAP_CESI_Heart_biorep02_frac01_02_ms2.msalign	10	41	20210324_kjb9186_HuBMAP_CESI_Heart_biorep02_frac01_02.mzML
MSV000088565	20210324_kjb9186_HuBMAP_CESI_Heart_biorep02_frac01_01_ms2.msalign	10	41	20210324_kjb9186_HuBMAP_CESI_Heart_biorep02_frac01_01.mzML
MSV000088565	20210324_kjb9186_HuBMAP_CESI_Heart_biorep02_frac01_03_ms2.msalign	10	41	20210324_kjb9186_HuBMAP_CESI_Heart_biorep02_frac01_03.mzML
MSV000088565	20210216_bsd0560_HuBMAP_PLRPS_Heart_biorep01_frac04_01_ms2.msalign	10	42	20210216_bsd0560_HuBMAP_PLRPS_Heart_biorep01_frac04_01.mzML
MSV000088565	20210216_bsd0560_HuBMAP_PLRPS_Heart_biorep01_frac04_02_ms2.msalign	10	42	20210216_bsd0560_HuBMAP_PLRPS_Heart_biorep01_frac04_02.mzML
MSV000088565	20210325_bsd0560_HuBMAP_PLRPS_Heart_biorep02_frac06_01_ms2.msalign	10	42	20210325_bsd0560_HuBMAP_PLRPS_Heart_biorep02_frac06_01.mzML
MSV000088565	20210325_bsd0560_HuBMAP_PLRPS_Heart_biorep02_frac06_02_ms2.msalign	10	42	20210325_bsd0560_HuBMAP_PLRPS_Heart_biorep02_frac06_02.mzML
MSV000088565	20210216_bsd0560_HuBMAP_PLRPS_Heart_biorep01_frac04_03_ms2.msalign	10	42	20210216_bsd0560_HuBMAP_PLRPS_Heart_biorep01_frac04_03.mzML
MSV000088565	20210325_bsd0560_HuBMAP_PLRPS_Heart_biorep02_frac06_03_ms2.msalign	10	42	20210325_bsd0560_HuBMAP_PLRPS_Heart_biorep02_frac06_03.mzML
MSV000088565	20210326_bsd0560_HuBMAP_PLRPS_Heart_biorep02_frac04_01_ms2.msalign	10	42	20210326_bsd0560_HuBMAP_PLRPS_Heart_biorep02_frac04_01.mzML
MSV000088565	20210326_bsd0560_HuBMAP_PLRPS_Heart_biorep02_frac03_01_ms2.msalign	10	42	20210326_bsd0560_HuBMAP_PLRPS_Heart_biorep02_frac03_01.mzML
MSV000088565	20210326_bsd0560_HuBMAP_PLRPS_Heart_biorep02_frac02_02_ms2.msalign	10	42	20210326_bsd0560_HuBMAP_PLRPS_Heart_biorep02_frac02_02.mzML
MSV000088565	20210216_bsd0560_HuBMAP_PLRPS_Heart_biorep01_frac05_03_ms2.msalign	10	42	20210216_bsd0560_HuBMAP_PLRPS_Heart_biorep01_frac05_03.mzML
MSV000088565	20210326_bsd0560_HuBMAP_PLRPS_Heart_biorep02_frac02_01_ms2.msalign	10	42	20210326_bsd0560_HuBMAP_PLRPS_Heart_biorep02_frac02_01.mzML
MSV000088565	20210326_bsd0560_HuBMAP_PLRPS_Heart_biorep02_frac04_03_ms2.msalign	10	42	20210326_bsd0560_HuBMAP_PLRPS_Heart_biorep02_frac04_03.mzML
MSV000088565	20210326_bsd0560_HuBMAP_PLRPS_Heart_biorep02_frac04_02_ms2.msalign	10	42	20210326_bsd0560_HuBMAP_PLRPS_Heart_biorep02_frac04_02.mzML
MSV000088565	20210326_bsd0560_HuBMAP_PLRPS_Heart_biorep02_frac02_03_ms2.msalign	10	42	20210326_bsd0560_HuBMAP_PLRPS_Heart_biorep02_frac02_03.mzML
MSV000088565	20210326_bsd0560_HuBMAP_PLRPS_Heart_biorep02_frac03_02_ms2.msalign	10	42	20210326_bsd0560_HuBMAP_PLRPS_Heart_biorep02_frac03_02.mzML
MSV000088565	20210326_bsd0560_HuBMAP_PLRPS_Heart_biorep02_frac03_03_ms2.msalign	10	42	20210326_bsd0560_HuBMAP_PLRPS_Heart_biorep02_frac03_03.mzML
MSV000088565	20210216_bsd0560_HuBMAP_PLRPS_Heart_biorep01_frac05_01_ms2.msalign	10	42	20210216_bsd0560_HuBMAP_PLRPS_Heart_biorep01_frac05_01.mzML
MSV000088565	20210216_bsd0560_HuBMAP_PLRPS_Heart_biorep01_frac05_02_ms2.msalign	10	42	20210216_bsd0560_HuBMAP_PLRPS_Heart_biorep01_frac05_02.mzML
MSV000088565	20210216_bsd0560_HuBMAP_PLRPS_Heart_biorep01_frac03_01_ms2.msalign	10	42	20210216_bsd0560_HuBMAP_PLRPS_Heart_biorep01_frac03_01.mzML
MSV000088565	20210216_bsd0560_HuBMAP_PLRPS_Heart_biorep01_frac03_03_ms2.msalign	10	42	20210216_bsd0560_HuBMAP_PLRPS_Heart_biorep01_frac03_03.mzML
MSV000088565	20210216_bsd0560_HuBMAP_PLRPS_Heart_biorep01_frac03_02_ms2.msalign	10	42	20210216_bsd0560_HuBMAP_PLRPS_Heart_biorep01_frac03_02.mzML
MSV000088565	20210326_bsd0560_HuBMAP_PLRPS_Heart_biorep02_frac05_01_ms2.msalign	10	42	20210326_bsd0560_HuBMAP_PLRPS_Heart_biorep02_frac05_01.mzML
MSV000088565	20210326_bsd0560_HuBMAP_PLRPS_Heart_biorep02_frac05_02_ms2.msalign	10	42	20210326_bsd0560_HuBMAP_PLRPS_Heart_biorep02_frac05_02.mzML
MSV000088565	20210326_bsd0560_HuBMAP_PLRPS_Heart_biorep02_frac05_03_ms2.msalign	10	42	20210326_bsd0560_HuBMAP_PLRPS_Heart_biorep02_frac05_03.mzML
MSV000088565	20210216_bsd0560_HuBMAP_PLRPS_Heart_biorep01_frac02_01_ms2.msalign	10	42	20210216_bsd0560_HuBMAP_PLRPS_Heart_biorep01_frac02_01.mzML
MSV000088565	20210216_bsd0560_HuBMAP_PLRPS_Heart_biorep01_frac01_03_ms2.msalign	10	42	20210216_bsd0560_HuBMAP_PLRPS_Heart_biorep01_frac01_03.mzML
MSV000088565	20210216_bsd0560_HuBMAP_PLRPS_Heart_biorep01_frac02_02_ms2.msalign	10	42	20210216_bsd0560_HuBMAP_PLRPS_Heart_biorep01_frac02_02.mzML
MSV000088565	20210216_bsd0560_HuBMAP_PLRPS_Heart_biorep01_frac02_03_ms2.msalign	10	42	20210216_bsd0560_HuBMAP_PLRPS_Heart_biorep01_frac02_03.mzML
MSV000088565	20210216_bsd0560_HuBMAP_PLRPS_Heart_biorep01_frac01_01_ms2.msalign	10	42	20210216_bsd0560_HuBMAP_PLRPS_Heart_biorep01_frac01_01.mzML
MSV000088565	20210216_bsd0560_HuBMAP_PLRPS_Heart_biorep01_frac01_02_ms2.msalign	10	42	20210216_bsd0560_HuBMAP_PLRPS_Heart_biorep01_frac01_02.mzML
MSV000088565	20210216_bsd0560_HuBMAP_PLRPS_Heart_biorep01_frac06_03_ms2.msalign	10	42	20210216_bsd0560_HuBMAP_PLRPS_Heart_biorep01_frac06_03.mzML
MSV000088565	20210216_bsd0560_HuBMAP_PLRPS_Heart_biorep01_frac06_01_ms2.msalign	10	42	20210216_bsd0560_HuBMAP_PLRPS_Heart_biorep01_frac06_01.mzML
MSV000088565	20210216_bsd0560_HuBMAP_PLRPS_Heart_biorep01_frac06_02_ms2.msalign	10	42	20210216_bsd0560_HuBMAP_PLRPS_Heart_biorep01_frac06_02.mzML
MSV000088565	20210325_bsd0560_HuBMAP_PLRPS_Heart_biorep02_frac01_01_ms2.msalign	10	42	20210325_bsd0560_HuBMAP_PLRPS_Heart_biorep02_frac01_01.mzML
MSV000088565	20210325_bsd0560_HuBMAP_PLRPS_Heart_biorep02_frac01_02_ms2.msalign	10	42	20210325_bsd0560_HuBMAP_PLRPS_Heart_biorep02_frac01_02.mzML
MSV000088565	20210325_bsd0560_HuBMAP_PLRPS_Heart_biorep02_frac01_03_ms2.msalign	10	42	20210325_bsd0560_HuBMAP_PLRPS_Heart_biorep02_frac01_03.mzML
PXD026127	LCA_08112018_CD3_FT_F8_CID_02_ms2.msalign	23	47	LCA_08112018_CD3_FT_F8_CID_02.mzML
PXD026127	LCA_08112018_CD3_FT_F8_CID_01_ms2.msalign	23	47	LCA_08112018_CD3_FT_F8_CID_01.mzML
PXD026127	LCA_08112018_CD3_FT_F7_CID_02_ms2.msalign	23	47	LCA_08112018_CD3_FT_F7_CID_02.mzML
PXD026127	LCA_08092018_CD3_FT_F3_CID_03_ms2.msalign	23	47	LCA_08092018_CD3_FT_F3_CID_03.mzML
PXD026127	LCA_08112018_CD3_FT_F6_CID_02_ms2.msalign	23	47	LCA_08112018_CD3_FT_F6_CID_02.mzML
PXD026127	LCA_08112018_CD3_FT_F7_CID_01_ms2.msalign	23	47	LCA_08112018_CD3_FT_F7_CID_01.mzML
PXD026127	LCA_08242018_CD3_pool_500_1M_F9_CID_01_ms2.msalign	23	47	LCA_08242018_CD3_pool_500_1M_F9_CID_01.mzML
PXD026127	LCA_08112018_CD3_FT_F6_CID_01_ms2.msalign	23	47	LCA_08112018_CD3_FT_F6_CID_01.mzML
PXD026127	LCA_08242018_CD3_pool_500_1M_F9_CID_02_ms2.msalign	23	47	LCA_08242018_CD3_pool_500_1M_F9_CID_02.mzML
PXD026127	LCA_08232018_CD3_pool_FT_200_F9_01_ms2.msalign	23	47	LCA_08232018_CD3_pool_FT_200_F9_01.mzML
PXD026127	LCA_08242018_CD3_500_F8_CID_01_ms2.msalign	23	47	LCA_08242018_CD3_500_F8_CID_01.mzML
PXD026127	LCA_08242018_CD3_500_F8_CID_02_ms2.msalign	23	47	LCA_08242018_CD3_500_F8_CID_02.mzML
PXD026127	LCA_08262018_CD3_FT_F8_CID_03_ms2.msalign	23	47	LCA_08262018_CD3_FT_F8_CID_03.mzML
PXD026127	LCA_08112018_CD3_FT_F5_CID_02_ms2.msalign	23	47	LCA_08112018_CD3_FT_F5_CID_02.mzML
PXD026127	LCA_08222018_CD3_200_F8_CID_01_ms2.msalign	23	47	LCA_08222018_CD3_200_F8_CID_01.mzML
PXD026127	LCA_08232018_CD3_pool_FT_200_F9_02_ms2.msalign	23	47	LCA_08232018_CD3_pool_FT_200_F9_02.mzML
PXD026127	LCA_08222018_CD3_200_F8_CID_02_ms2.msalign	23	47	LCA_08222018_CD3_200_F8_CID_02.mzML
PXD026127	LCA_08242018_CD3_500_F7_CID_02_ms2.msalign	23	47	LCA_08242018_CD3_500_F7_CID_02.mzML
PXD026127	LCA_08242018_CD3_500_F7_CID_01_ms2.msalign	23	47	LCA_08242018_CD3_500_F7_CID_01.mzML
PXD026127	LCA_08262018_CD3_1M_F8_CID_01_ms2.msalign	23	47	LCA_08262018_CD3_1M_F8_CID_01.mzML
PXD026127	LCA_08262018_CD3_1M_F8_CID_02_ms2.msalign	23	47	LCA_08262018_CD3_1M_F8_CID_02.mzML
PXD026127	LCA_08112018_CD3_FT_F5_CID_01_ms2.msalign	23	47	LCA_08112018_CD3_FT_F5_CID_01.mzML
PXD026127	LCA_08222018_CD3_200_F7_CID_02_ms2.msalign	23	47	LCA_08222018_CD3_200_F7_CID_02.mzML
PXD026127	LCA_08262018_CD3_1M_F7_CID_01_ms2.msalign	23	47	LCA_08262018_CD3_1M_F7_CID_01.mzML
PXD026127	LCA_08222018_CD3_200_F7_CID_01_ms2.msalign	23	47	LCA_08222018_CD3_200_F7_CID_01.mzML
PXD026127	LCA_08262018_CD3_1M_F7_CID_02_ms2.msalign	23	47	LCA_08262018_CD3_1M_F7_CID_02.mzML
PXD026127	LCA_08262018_CD3_1M_F5_CID_01_ms2.msalign	23	47	LCA_08262018_CD3_1M_F5_CID_01.mzML
PXD026127	LCA_08262018_CD3_FT_F6_CID_03_ms2.msalign	23	47	LCA_08262018_CD3_FT_F6_CID_03.mzML
PXD026127	LCA_08222018_CD3_200_F5_CID_02_ms2.msalign	23	47	LCA_08222018_CD3_200_F5_CID_02.mzML
PXD026127	LCA_08262018_CD3_1M_F5_CID_02_ms2.msalign	23	47	LCA_08262018_CD3_1M_F5_CID_02.mzML
PXD026127	LCA_08222018_CD3_200_F5_CID_01_ms2.msalign	23	47	LCA_08222018_CD3_200_F5_CID_01.mzML
PXD026127	LCA_08112018_CD3_FT_F4_CID_02_ms2.msalign	23	47	LCA_08112018_CD3_FT_F4_CID_02.mzML
PXD026127	LCA_08262018_CD3_1M_F6_CID_02_ms2.msalign	23	47	LCA_08262018_CD3_1M_F6_CID_02.mzML
PXD026127	LCA_08242018_CD3_500_F5_CID_01_ms2.msalign	23	47	LCA_08242018_CD3_500_F5_CID_01.mzML
PXD026127	LCA_08262018_CD3_1M_F6_CID_01_ms2.msalign	23	47	LCA_08262018_CD3_1M_F6_CID_01.mzML
PXD026127	LCA_08242018_CD3_500_F5_CID_02_ms2.msalign	23	47	LCA_08242018_CD3_500_F5_CID_02.mzML
PXD026127	LCA_08222018_CD3_200_F6_CID_02_ms2.msalign	23	47	LCA_08222018_CD3_200_F6_CID_02.mzML
PXD026127	LCA_08092018_CD3_FT_F3_CID_01_ms2.msalign	23	47	LCA_08092018_CD3_FT_F3_CID_01.mzML
PXD026127	LCA_08222018_CD3_200_F6_CID_01_ms2.msalign	23	47	LCA_08222018_CD3_200_F6_CID_01.mzML
PXD026127	LCA_08112018_rescue_F4_180811171512_ms2.msalign	23	47	LCA_08112018_rescue_F4_180811171512.mzML
PXD026127	LCA_08242018_CD3_500_F6_CID_01_ms2.msalign	23	47	LCA_08242018_CD3_500_F6_CID_01.mzML
PXD026127	LCA_08242018_CD3_500_F6_CID_02_ms2.msalign	23	47	LCA_08242018_CD3_500_F6_CID_02.mzML
PXD026127	LCA_08232018_CD3_500_F4_CID_01_ms2.msalign	23	47	LCA_08232018_CD3_500_F4_CID_01.mzML
PXD026127	LCA_08232018_CD3_500_F4_CID_02_ms2.msalign	23	47	LCA_08232018_CD3_500_F4_CID_02.mzML
PXD026127	LCA_08212018_CD3_200_F4_CID_02_ms2.msalign	23	47	LCA_08212018_CD3_200_F4_CID_02.mzML
PXD026127	LCA_08212018_CD3_200_F4_CID_01_ms2.msalign	23	47	LCA_08212018_CD3_200_F4_CID_01.mzML
PXD026127	LCA_08232018_CD3_500_F3_CID_02_ms2.msalign	23	47	LCA_08232018_CD3_500_F3_CID_02.mzML
PXD026127	LCA_08232018_CD3_500_F3_CID_01_ms2.msalign	23	47	LCA_08232018_CD3_500_F3_CID_01.mzML
PXD026127	LCA_08252018_CD3_1M_F4_CID_02_ms2.msalign	23	47	LCA_08252018_CD3_1M_F4_CID_02.mzML
PXD026127	LCA_08252018_CD3_1M_F4_CID_01_ms2.msalign	23	47	LCA_08252018_CD3_1M_F4_CID_01.mzML
PXD026127	LCA_08092018_CD3_FT_F2_CID_03_ms2.msalign	23	47	LCA_08092018_CD3_FT_F2_CID_03.mzML
PXD026127	LCA_08252018_CD3_1M_F3_CID_01_ms2.msalign	23	47	LCA_08252018_CD3_1M_F3_CID_01.mzML
PXD026127	LCA_08252018_CD3_1M_F3_CID_02_ms2.msalign	23	47	LCA_08252018_CD3_1M_F3_CID_02.mzML
PXD026127	LCA_08212018_CD3_200_F1_CID_rescue_180821165104_ms2.msalign	23	47	LCA_08212018_CD3_200_F1_CID_rescue_180821165104.mzML
PXD026127	LCA_08212018_CD3_200_F3_CID_01_ms2.msalign	23	47	LCA_08212018_CD3_200_F3_CID_01.mzML
PXD026127	LCA_08212018_CD3_200_F3_CID_02_ms2.msalign	23	47	LCA_08212018_CD3_200_F3_CID_02.mzML
PXD026127	LCA_08092018_CD3_FT_F2_CID_01_ms2.msalign	23	47	LCA_08092018_CD3_FT_F2_CID_01.mzML
PXD026127	LCA_08252018_CD3_1M_F1_CID_01_ms2.msalign	23	47	LCA_08252018_CD3_1M_F1_CID_01.mzML
PXD026127	LCA_08252018_CD3_1M_F2_CID_02_ms2.msalign	23	47	LCA_08252018_CD3_1M_F2_CID_02.mzML
PXD026127	LCA_08252018_CD3_1M_F1_CID_02_ms2.msalign	23	47	LCA_08252018_CD3_1M_F1_CID_02.mzML
PXD026127	LCA_08252018_CD3_1M_F2_CID_01_ms2.msalign	23	47	LCA_08252018_CD3_1M_F2_CID_01.mzML
PXD026127	LCA_08232018_CD3_500_F2_CID_02_ms2.msalign	23	47	LCA_08232018_CD3_500_F2_CID_02.mzML
PXD026127	LCA_08232018_CD3_500_F2_CID_01_ms2.msalign	23	47	LCA_08232018_CD3_500_F2_CID_01.mzML
PXD026127	LCA_08092018_CD3_FT_F1_CID_03_ms2.msalign	23	47	LCA_08092018_CD3_FT_F1_CID_03.mzML
PXD026127	LCA_08092018_CD3_FT_F1_CID_01_ms2.msalign	23	47	LCA_08092018_CD3_FT_F1_CID_01.mzML
PXD026127	LCA_08212018_CD3_200_F2_CID_01_ms2.msalign	23	47	LCA_08212018_CD3_200_F2_CID_01.mzML
PXD026127	LCA_08212018_CD3_200_F2_CID_02_ms2.msalign	23	47	LCA_08212018_CD3_200_F2_CID_02.mzML
PXD026127	LCA_08212018_CD3_200_F1_CID_02_ms2.msalign	23	47	LCA_08212018_CD3_200_F1_CID_02.mzML
PXD026127	LCA_08232018_CD3_500_F1_CID_01_ms2.msalign	23	47	LCA_08232018_CD3_500_F1_CID_01.mzML
PXD026127	LCA_08232018_CD3_500_F1_CID_02_ms2.msalign	23	47	LCA_08232018_CD3_500_F1_CID_02.mzML
PXD026127	LCA_08092018_CD8_FT_F3_ETD_02_ms2.msalign	23	48	LCA_08092018_CD8_FT_F3_ETD_02.mzML
PXD026127	LCA_08262018_CD3_FT_F4_ETD_03_ms2.msalign	23	48	LCA_08262018_CD3_FT_F4_ETD_03.mzML
PXD026127	LCA_08092018_CD3_FT_F2_ETD_02_ms2.msalign	23	48	LCA_08092018_CD3_FT_F2_ETD_02.mzML
PXD026127	LCA_08092018_CD3_FT_F1_ETD_02_ms2.msalign	23	48	LCA_08092018_CD3_FT_F1_ETD_02.mzML
PXD026147	LCA_05222018_NRTDP_Allen_CD4B1F7_CID_ms2.msalign	23	49	LCA_05222018_NRTDP_Allen_CD4B1F7_CID.mzML
PXD026147	LCA_05242018_NRTDP_Allen_CD4B2F7_CID_ms2.msalign	23	49	LCA_05242018_NRTDP_Allen_CD4B2F7_CID.mzML
PXD026147	LCA_05172018_NRTDP_Allen_CD4B1F2_CID_ms2.msalign	23	49	LCA_05172018_NRTDP_Allen_CD4B1F2_CID.mzML
PXD026147	LCA_05172018_NRTDP_Allen_CD4B1F4_CID_ms2.msalign	23	49	LCA_05172018_NRTDP_Allen_CD4B1F4_CID.mzML
PXD026147	LCA_05202018_NRTDP_Allen_CD4B1F5_CID_ms2.msalign	23	49	LCA_05202018_NRTDP_Allen_CD4B1F5_CID.mzML
PXD026147	LCA_05222018_NRTDP_Allen_CD4B1F6_CID_ms2.msalign	23	49	LCA_05222018_NRTDP_Allen_CD4B1F6_CID.mzML
PXD026147	LCA_05202018_NRTDP_Allen_CD4B1-2F4_CID_ms2.msalign	23	49	LCA_05202018_NRTDP_Allen_CD4B1-2F4_CID.mzML
PXD026147	LCA_05192018_NRTDP_Allen_CD4B2-2F2_CID_ms2.msalign	23	49	LCA_05192018_NRTDP_Allen_CD4B2-2F2_CID.mzML
PXD026147	LCA_05202018_NRTDP_Allen_CD4B2F6_CID_ms2.msalign	23	49	LCA_05202018_NRTDP_Allen_CD4B2F6_CID.mzML
PXD026147	LCA_05272018_NRTDP_Allen_CD4B1F8_CID_ms2.msalign	23	49	LCA_05272018_NRTDP_Allen_CD4B1F8_CID.mzML
PXD026147	LCA_05192018_NRTDP_Allen_CD4B2F5_CID_ms2.msalign	23	49	LCA_05192018_NRTDP_Allen_CD4B2F5_CID.mzML
PXD026147	LCA_05172018_NRTDP_Allen_CD4B2F2_CID_ms2.msalign	23	49	LCA_05172018_NRTDP_Allen_CD4B2F2_CID.mzML
PXD026147	LCA_05212018_NRTDP_Allen_CD4B1F3_CID_ms2.msalign	23	49	LCA_05212018_NRTDP_Allen_CD4B1F3_CID.mzML
PXD026147	LCA_05202018_NRTDP_Allen_CD4B1-2F2_CID_ms2.msalign	23	49	LCA_05202018_NRTDP_Allen_CD4B1-2F2_CID.mzML
PXD026147	LCA_05222018_NRTDP_Allen_CD4B1F1_CID_ms2.msalign	23	49	LCA_05222018_NRTDP_Allen_CD4B1F1_CID.mzML
PXD026147	LCA_05182018_NRTDP_Allen_CD4B2F4_CID_ms2.msalign	23	49	LCA_05182018_NRTDP_Allen_CD4B2F4_CID.mzML
PXD026147	LCA_05222018_NRTDP_Allen_CD4B2F3_CID_ms2.msalign	23	49	LCA_05222018_NRTDP_Allen_CD4B2F3_CID.mzML
PXD026147	LCA_05182018_NRTDP_Allen_CD4B2F1_CID_ms2.msalign	23	49	LCA_05182018_NRTDP_Allen_CD4B2F1_CID.mzML
PXD026147	LCA_05222018_NRTDP_Allen_CD4B1F7_ETD_ms2.msalign	23	50	LCA_05222018_NRTDP_Allen_CD4B1F7_ETD.mzML
PXD026147	LCA_05242018_NRTDP_Allen_CD4B2F7_ETD_ms2.msalign	23	50	LCA_05242018_NRTDP_Allen_CD4B2F7_ETD.mzML
PXD026147	LCA_05202018_NRTDP_Allen_CD4B1F5_ETD_ms2.msalign	23	50	LCA_05202018_NRTDP_Allen_CD4B1F5_ETD.mzML
PXD026147	LCA_05222018_NRTDP_Allen_CD4B1F6_ETD_ms2.msalign	23	50	LCA_05222018_NRTDP_Allen_CD4B1F6_ETD.mzML
PXD026147	LCA_05172018_NRTDP_Allen_CD4B1F4_ETD_ms2.msalign	23	50	LCA_05172018_NRTDP_Allen_CD4B1F4_ETD.mzML
PXD026147	LCA_05192018_NRTDP_Allen_CD4B2F5_ETD_ms2.msalign	23	50	LCA_05192018_NRTDP_Allen_CD4B2F5_ETD.mzML
PXD026147	LCA_05202018_NRTDP_Allen_CD4B2F6_ETD_ms2.msalign	23	50	LCA_05202018_NRTDP_Allen_CD4B2F6_ETD.mzML
PXD026147	LCA_05202018_NRTDP_Allen_CD4B1-2F4_ETD_ms2.msalign	23	50	LCA_05202018_NRTDP_Allen_CD4B1-2F4_ETD.mzML
PXD026147	LCA_05172018_NRTDP_Allen_CD4B1F2_ETD_ms2.msalign	23	50	LCA_05172018_NRTDP_Allen_CD4B1F2_ETD.mzML
PXD026147	LCA_05212018_NRTDP_Allen_CD4B1F3_ETD_ms2.msalign	23	50	LCA_05212018_NRTDP_Allen_CD4B1F3_ETD.mzML
PXD026147	LCA_05182018_NRTDP_Allen_CD4B2F4_ETD_ms2.msalign	23	50	LCA_05182018_NRTDP_Allen_CD4B2F4_ETD.mzML
PXD026147	LCA_05222018_NRTDP_Allen_CD4B2F3_ETD_ms2.msalign	23	50	LCA_05222018_NRTDP_Allen_CD4B2F3_ETD.mzML
PXD026147	LCA_05192018_NRTDP_Allen_CD4B2-2F2_ETD_ms2.msalign	23	50	LCA_05192018_NRTDP_Allen_CD4B2-2F2_ETD.mzML
PXD026147	LCA_05172018_NRTDP_Allen_CD4B2F2_ETD_ms2.msalign	23	50	LCA_05172018_NRTDP_Allen_CD4B2F2_ETD.mzML
PXD026147	LCA_05202018_NRTDP_Allen_CD4B1-2F2_ETD_ms2.msalign	23	50	LCA_05202018_NRTDP_Allen_CD4B1-2F2_ETD.mzML
PXD026147	LCA_05222018_NRTDP_Allen_CD4B1F1_ETD_ms2.msalign	23	50	LCA_05222018_NRTDP_Allen_CD4B1F1_ETD.mzML
PXD026147	LCA_05182018_NRTDP_Allen_CD4B2F1_ETD_ms2.msalign	23	50	LCA_05182018_NRTDP_Allen_CD4B2F1_ETD.mzML
PXD026148	LCA_05262018_NRTDP_Allen_CD8B1F8_CID_ms2.msalign	23	51	LCA_05262018_NRTDP_Allen_CD8B1F8_CID.mzML
PXD026148	LCA_05232018_NRTDP_Allen_CD8B2F7_CID_ms2.msalign	23	51	LCA_05232018_NRTDP_Allen_CD8B2F7_CID.mzML
PXD026148	LCA_05232018_NRTDP_Allen_CD8B1F7_CID_ms2.msalign	23	51	LCA_05232018_NRTDP_Allen_CD8B1F7_CID.mzML
PXD026148	LCA_05202018_NRTDP_Allen_CD8B1F5_CID_ms2.msalign	23	51	LCA_05202018_NRTDP_Allen_CD8B1F5_CID.mzML
PXD026148	LCA_05182018_NRTDP_Allen_CD8B1F6_CID_ms2.msalign	23	51	LCA_05182018_NRTDP_Allen_CD8B1F6_CID.mzML
PXD026148	LCA_05192018_NRTDP_Allen_CD8B2F2_CID_ms2.msalign	23	51	LCA_05192018_NRTDP_Allen_CD8B2F2_CID.mzML
PXD026148	LCA_05212018_NRTDP_Allen_CD8B1F4_CID_ms2.msalign	23	51	LCA_05212018_NRTDP_Allen_CD8B1F4_CID.mzML
PXD026148	LCA_05172018_NRTDP_Allen_CD8B2F1_CID_ms2.msalign	23	51	LCA_05172018_NRTDP_Allen_CD8B2F1_CID.mzML
PXD026148	LCA_05222018_NRTDP_Allen_CD8B2F5_CID_ms2.msalign	23	51	LCA_05222018_NRTDP_Allen_CD8B2F5_CID.mzML
PXD026148	LCA_05212018_NRTDP_Allen_CD8B2F6_CID_ms2.msalign	23	51	LCA_05212018_NRTDP_Allen_CD8B2F6_CID.mzML
PXD026148	LCA_05212018_NRTDP_Allen_CD8B1F3_CID_ms2.msalign	23	51	LCA_05212018_NRTDP_Allen_CD8B1F3_CID.mzML
PXD026148	LCA_05192018_NRTDP_Allen_CD8B2F4_CID_ms2.msalign	23	51	LCA_05192018_NRTDP_Allen_CD8B2F4_CID.mzML
PXD026148	LCA_05192018_NRTDP_Allen_CD8B2-2F1_CID_ms2.msalign	23	51	LCA_05192018_NRTDP_Allen_CD8B2-2F1_CID.mzML
PXD026148	LCA_05192018_NRTDP_Allen_CD8B2F3_CID_ms2.msalign	23	51	LCA_05192018_NRTDP_Allen_CD8B2F3_CID.mzML
PXD026148	LCA_05202018_NRTDP_Allen_CD8B1F2_CID_ms2.msalign	23	51	LCA_05202018_NRTDP_Allen_CD8B1F2_CID.mzML
PXD026148	LCA_05182018_NRTDP_Allen_CD8B1F1_CID_ms2.msalign	23	51	LCA_05182018_NRTDP_Allen_CD8B1F1_CID.mzML
PXD026148	LCA_05262018_NRTDP_Allen_CD8B1F8_ETD_ms2.msalign	23	52	LCA_05262018_NRTDP_Allen_CD8B1F8_ETD.mzML
PXD026148	LCA_05232018_NRTDP_Allen_CD8B2F7_ETD_ms2.msalign	23	52	LCA_05232018_NRTDP_Allen_CD8B2F7_ETD.mzML
PXD026148	LCA_05232018_NRTDP_Allen_CD8B1F7_ETD_ms2.msalign	23	52	LCA_05232018_NRTDP_Allen_CD8B1F7_ETD.mzML
PXD026148	LCA_05202018_NRTDP_Allen_CD8B1F5_ETD_ms2.msalign	23	52	LCA_05202018_NRTDP_Allen_CD8B1F5_ETD.mzML
PXD026148	LCA_05182018_NRTDP_Allen_CD8B1F6_ETD_ms2.msalign	23	52	LCA_05182018_NRTDP_Allen_CD8B1F6_ETD.mzML
PXD026148	LCA_05222018_NRTDP_Allen_CD8B2F5_ETD_ms2.msalign	23	52	LCA_05222018_NRTDP_Allen_CD8B2F5_ETD.mzML
PXD026148	LCA_05212018_NRTDP_Allen_CD8B2F6_ETD_ms2.msalign	23	52	LCA_05212018_NRTDP_Allen_CD8B2F6_ETD.mzML
PXD026148	LCA_05212018_NRTDP_Allen_CD8B1F4_ETD_ms2.msalign	23	52	LCA_05212018_NRTDP_Allen_CD8B1F4_ETD.mzML
PXD026148	LCA_05212018_NRTDP_Allen_CD8B1F3_ETD_ms2.msalign	23	52	LCA_05212018_NRTDP_Allen_CD8B1F3_ETD.mzML
PXD026148	LCA_05192018_NRTDP_Allen_CD8B2F4_ETD_ms2.msalign	23	52	LCA_05192018_NRTDP_Allen_CD8B2F4_ETD.mzML
PXD026148	LCA_05192018_NRTDP_Allen_CD8B2F3_ETD_ms2.msalign	23	52	LCA_05192018_NRTDP_Allen_CD8B2F3_ETD.mzML
PXD026148	LCA_05172018_NRTDP_Allen_CD8B2F1_ETD_ms2.msalign	23	52	LCA_05172018_NRTDP_Allen_CD8B2F1_ETD.mzML
PXD026148	LCA_05192018_NRTDP_Allen_CD8B2F2_ETD_ms2.msalign	23	52	LCA_05192018_NRTDP_Allen_CD8B2F2_ETD.mzML
PXD026148	LCA_05192018_NRTDP_Allen_CD8B2-2F1_ETD_ms2.msalign	23	52	LCA_05192018_NRTDP_Allen_CD8B2-2F1_ETD.mzML
PXD026148	LCA_05202018_NRTDP_Allen_CD8B1F2_ETD_ms2.msalign	23	52	LCA_05202018_NRTDP_Allen_CD8B1F2_ETD.mzML
PXD026148	LCA_05182018_NRTDP_Allen_CD8B1F1_ETD_ms2.msalign	23	52	LCA_05182018_NRTDP_Allen_CD8B1F1_ETD.mzML
PXD026152	LCA_11112018_APA_DS45_F8A_02_3E6_ms2.msalign	23	53	LCA_11112018_APA_DS45_F8A_02_3E6.mzML
PXD026152	LCA_11112018_APA_DS45_F8A_01_3E6_ms2.msalign	23	53	LCA_11112018_APA_DS45_F8A_01_3E6.mzML
PXD026152	LCA_11102018_APA_DS45_F8A_02_1E6_8uSMS1_2uSMS2_ms2.msalign	23	53	LCA_11102018_APA_DS45_F8A_02_1E6_8uSMS1_2uSMS2.mzML
PXD026152	LCA_11102018_APA_DS45_F8A_01_1E6_6uSMS1_2uSMS2_ms2.msalign	23	53	LCA_11102018_APA_DS45_F8A_01_1E6_6uSMS1_2uSMS2.mzML
PXD026152	LCA_11102018_APA_DS45_F7A_02_ms2.msalign	23	53	LCA_11102018_APA_DS45_F7A_02.mzML
PXD026152	LCA_11092018_APA_DS45_F7A_01_ms2.msalign	23	53	LCA_11092018_APA_DS45_F7A_01.mzML
PXD026152	LCA_11092018_APA_DS45_F5A_01_ms2.msalign	23	53	LCA_11092018_APA_DS45_F5A_01.mzML
PXD026152	LCA_11092018_APA_DS45_F5A_02_ms2.msalign	23	53	LCA_11092018_APA_DS45_F5A_02.mzML
PXD026152	LCA_11092018_APA_DS45_F6A_01_ms2.msalign	23	53	LCA_11092018_APA_DS45_F6A_01.mzML
PXD026152	LCA_11092018_APA_DS45_F6A_02_ms2.msalign	23	53	LCA_11092018_APA_DS45_F6A_02.mzML
PXD026153	LCA_11102018_APA_DS46_F6A_02_8uSMS1_2uSMS2_ms2.msalign	23	54	LCA_11102018_APA_DS46_F6A_02_8uSMS1_2uSMS2.mzML
PXD026153	LCA_11172018_APA_DS46_F8_02_ms2.msalign	23	54	LCA_11172018_APA_DS46_F8_02.mzML
PXD026153	LCA_11172018_APA_DS46_F8_01_ms2.msalign	23	54	LCA_11172018_APA_DS46_F8_01.mzML
PXD026153	LCA_11172018_APA_DS46_F7_01_ms2.msalign	23	54	LCA_11172018_APA_DS46_F7_01.mzML
PXD026153	LCA_11172018_APA_DS46_F7_02_ms2.msalign	23	54	LCA_11172018_APA_DS46_F7_02.mzML
PXD026153	LCA_11102018_APA_DS46_F5A_01_ms2.msalign	23	54	LCA_11102018_APA_DS46_F5A_01.mzML
PXD026153	LCA_11102018_APA_DS46_F5A_02_ms2.msalign	23	54	LCA_11102018_APA_DS46_F5A_02.mzML
PXD026153	LCA_11102018_APA_DS46_F6A_01_4uSMS1_ms2.msalign	23	54	LCA_11102018_APA_DS46_F6A_01_4uSMS1.mzML
PXD026153	DSB_20181116_APA_DS46_F4_01_ms2.msalign	23	54	DSB_20181116_APA_DS46_F4_01.mzML
PXD026153	DSB_20181116_APA_DS46_F4_02_ms2.msalign	23	54	DSB_20181116_APA_DS46_F4_02.mzML
PXD026153	DSB_20181116_APA_DS46_F3_01_ms2.msalign	23	54	DSB_20181116_APA_DS46_F3_01.mzML
PXD026153	DSB_20181116_APA_DS46_F3_02_ms2.msalign	23	54	DSB_20181116_APA_DS46_F3_02.mzML
PXD026153	DSB_20181116_APA_DS46_F2_01_ms2.msalign	23	54	DSB_20181116_APA_DS46_F2_01.mzML
PXD026153	DSB_20181116_APA_DS46_F2_02_ms2.msalign	23	54	DSB_20181116_APA_DS46_F2_02.mzML
PXD026153	DSB_20181116_APA_DS46_F1_02_ms2.msalign	23	54	DSB_20181116_APA_DS46_F1_02.mzML
PXD026153	DSB_20181116_APA_DS46_F1_01_ms2.msalign	23	54	DSB_20181116_APA_DS46_F1_01.mzML
PXD026154	LCA_11142018_APA_DS47_mono_F8p3_02_8uSMS1_2uSMS2_ms2.msalign	23	55	LCA_11142018_APA_DS47_mono_F8p3_02_8uSMS1_2uSMS2.mzML
PXD026154	LCA_11142018_APA_DS47_mono_F8p3_01_8uSMS1_2uSMS2_ms2.msalign	23	55	LCA_11142018_APA_DS47_mono_F8p3_01_8uSMS1_2uSMS2.mzML
PXD026154	LCA_11142018_APA_DS47_mono_F7p3_02_8uSMS1_2uSMS2_ms2.msalign	23	55	LCA_11142018_APA_DS47_mono_F7p3_02_8uSMS1_2uSMS2.mzML
PXD026154	LCA_11142018_APA_DS47_mono_F7p3_01_8uSMS1_2uSMS2_ms2.msalign	23	55	LCA_11142018_APA_DS47_mono_F7p3_01_8uSMS1_2uSMS2.mzML
PXD026154	LCA_11102018_APA_DS47_F6A_02_3E6_8uSMS1_2uSMS2_ms2.msalign	23	55	LCA_11102018_APA_DS47_F6A_02_3E6_8uSMS1_2uSMS2.mzML
PXD026154	LCA_11102018_APA_DS47_F6A_02_1E6_2uSMS2_ms2.msalign	23	55	LCA_11102018_APA_DS47_F6A_02_1E6_2uSMS2.mzML
PXD026154	LCA_11102018_APA_DS47_F5A_01_3E6_ms2.msalign	23	55	LCA_11102018_APA_DS47_F5A_01_3E6.mzML
PXD026154	LCA_11102018_APA_DS47_F5A_02_3E6_ms2.msalign	23	55	LCA_11102018_APA_DS47_F5A_02_3E6.mzML
PXD026154	LCA_11102018_APA_DS47_F6A_01_3E6_4uSMS1_ms2.msalign	23	55	LCA_11102018_APA_DS47_F6A_01_3E6_4uSMS1.mzML
PXD026154	DSB_20181115_APA_DS47_mono_F4_02_ms2.msalign	23	55	DSB_20181115_APA_DS47_mono_F4_02.mzML
PXD026154	DSB_20181115_APA_DS47_mono_F4_01_ms2.msalign	23	55	DSB_20181115_APA_DS47_mono_F4_01.mzML
PXD026154	DSB_20181115_APA_DS47_mono_F3_01_ms2.msalign	23	55	DSB_20181115_APA_DS47_mono_F3_01.mzML
PXD026154	DSB_20181115_APA_DS47_mono_F3_02_ms2.msalign	23	55	DSB_20181115_APA_DS47_mono_F3_02.mzML
PXD026154	LCA_11102018_APA_DS47_F5A_02_1E6_ms2.msalign	23	55	LCA_11102018_APA_DS47_F5A_02_1E6.mzML
PXD026154	LCA_11102018_APA_DS47_F5A_01_1E6_ms2.msalign	23	55	LCA_11102018_APA_DS47_F5A_01_1E6.mzML
PXD026154	LCA_11102018_APA_DS47_F6A_01_1E6_ms2.msalign	23	55	LCA_11102018_APA_DS47_F6A_01_1E6.mzML
PXD026154	DSB_20181115_APA_DS47_mono_F2_02_ms2.msalign	23	55	DSB_20181115_APA_DS47_mono_F2_02.mzML
PXD026154	DSB_20181115_APA_DS47_mono_F2_01_ms2.msalign	23	55	DSB_20181115_APA_DS47_mono_F2_01.mzML
PXD026154	DSB_20181115_APA_DS47_mono_F1_01_ms2.msalign	23	55	DSB_20181115_APA_DS47_mono_F1_01.mzML
PXD026154	DSB_20181115_APA_DS47_mono_F1_02_ms2.msalign	23	55	DSB_20181115_APA_DS47_mono_F1_02.mzML
PXD026155	LCA_11142018_APA_DS48_CD34_C1F8_01_8uSMS1_2uSMS2_ms2.msalign	23	56	LCA_11142018_APA_DS48_CD34_C1F8_01_8uSMS1_2uSMS2.mzML
PXD026155	LCA_11132018_APA_DS48_CD34_C1F6_02_8uSMS1_2uSMS2_ms2.msalign	23	56	LCA_11132018_APA_DS48_CD34_C1F6_02_8uSMS1_2uSMS2.mzML
PXD026155	LCA_11142018_APA_DS48_CD34_C1F7_02_8uSMS1_2uSMS2_ms2.msalign	23	56	LCA_11142018_APA_DS48_CD34_C1F7_02_8uSMS1_2uSMS2.mzML
PXD026155	LCA_11142018_APA_DS48_CD34_C1F7_01_8uSMS1_2uSMS2_ms2.msalign	23	56	LCA_11142018_APA_DS48_CD34_C1F7_01_8uSMS1_2uSMS2.mzML
PXD026155	LCA_11142018_APA_DS48_CD34_C1F8_02_8uSMS1_2uSMS2_ms2.msalign	23	56	LCA_11142018_APA_DS48_CD34_C1F8_02_8uSMS1_2uSMS2.mzML
PXD026155	LCA_11132018_APA_DS48_CD34_C1F5_01_ms2.msalign	23	56	LCA_11132018_APA_DS48_CD34_C1F5_01.mzML
PXD026155	LCA_11132018_APA_DS48_CD34_C1F5_02_ms2.msalign	23	56	LCA_11132018_APA_DS48_CD34_C1F5_02.mzML
PXD026155	LCA_11132018_APA_DS48_CD34_C1F6_01_4uSMS1_ms2.msalign	23	56	LCA_11132018_APA_DS48_CD34_C1F6_01_4uSMS1.mzML
PXD026155	LCA_11122018_APA_DS48_CD34_C1F4_3E6_02_ms2.msalign	23	56	LCA_11122018_APA_DS48_CD34_C1F4_3E6_02.mzML
PXD026155	LCA_11122018_APA_DS48_CD34_C1F3_3E6_02_ms2.msalign	23	56	LCA_11122018_APA_DS48_CD34_C1F3_3E6_02.mzML
PXD026155	LCA_11132018_APA_DS48_CD34_C1F4_3E6_LONGGradient_ms2.msalign	23	56	LCA_11132018_APA_DS48_CD34_C1F4_3E6_LONGGradient.mzML
PXD026155	LCA_11122018_APA_DS48_CD34_C1F4_1p5E6_01_ms2.msalign	23	56	LCA_11122018_APA_DS48_CD34_C1F4_1p5E6_01.mzML
PXD026155	LCA_11122018_APA_DS48_CD34_C1F2_1p5E6_01_ms2.msalign	23	56	LCA_11122018_APA_DS48_CD34_C1F2_1p5E6_01.mzML
PXD026155	LCA_11122018_APA_DS48_CD34_C1F2_1p5E6_02_ms2.msalign	23	56	LCA_11122018_APA_DS48_CD34_C1F2_1p5E6_02.mzML
PXD026155	LCA_11122018_APA_DS48_CD34_C1F3_1p5E6_01_ms2.msalign	23	56	LCA_11122018_APA_DS48_CD34_C1F3_1p5E6_01.mzML
PXD026155	LCA_11122018_APA_DS48_CD34_C1F1_1p5E6_01_ms2.msalign	23	56	LCA_11122018_APA_DS48_CD34_C1F1_1p5E6_01.mzML
PXD026155	LCA_11122018_APA_DS48_CD34_C1F1_1p5E6_02_ms2.msalign	23	56	LCA_11122018_APA_DS48_CD34_C1F1_1p5E6_02.mzML
PXD026155	LCA_11132018_APA_DS48_CD34_C1F3_2E6_LONGGradient_ms2.msalign	23	56	LCA_11132018_APA_DS48_CD34_C1F3_2E6_LONGGradient.mzML
PXD026155	LCA_11132018_APA_DS48_CD34_C1F2_1p5E6_LONGGradient_ms2.msalign	23	56	LCA_11132018_APA_DS48_CD34_C1F2_1p5E6_LONGGradient.mzML
PXD026155	LCA_11132018_APA_DS48_CD34_C1F1_1p5E6_LONGGradient_ms2.msalign	23	56	LCA_11132018_APA_DS48_CD34_C1F1_1p5E6_LONGGradient.mzML
PXD026167	RM_20190810_CD19pos_F8_02_ms2.msalign	23	57	RM_20190810_CD19pos_F8_02.mzML
PXD026167	RM_20190810_CD19pos_F7_02_ms2.msalign	23	57	RM_20190810_CD19pos_F7_02.mzML
PXD026167	RM_20190808_CD19pos_F5_newGrad_03_ms2.msalign	23	57	RM_20190808_CD19pos_F5_newGrad_03.mzML
PXD026167	RM_20190808_CD19pos_F6_newGrad_03_ms2.msalign	23	57	RM_20190808_CD19pos_F6_newGrad_03.mzML
PXD026167	RM_20190807_CD19pos_F5_02_ms2.msalign	23	57	RM_20190807_CD19pos_F5_02.mzML
PXD026167	RM_20190807_CD19pos_F5_01_ms2.msalign	23	57	RM_20190807_CD19pos_F5_01.mzML
PXD026167	RM_20190810_CD19pos_F8_01_ms2.msalign	23	57	RM_20190810_CD19pos_F8_01.mzML
PXD026167	RM_20190807_CD19pos_F6_01_ms2.msalign	23	57	RM_20190807_CD19pos_F6_01.mzML
PXD026167	RM_20190807_CD19pos_F6_02_ms2.msalign	23	57	RM_20190807_CD19pos_F6_02.mzML
PXD026167	RM_20190810_CD19pos_F7_01_ms2.msalign	23	57	RM_20190810_CD19pos_F7_01.mzML
PXD026167	DSB_RM_20191130_Nuc_Bpos_CD19_F7_02_ms2.msalign	23	57	DSB_RM_20191130_Nuc_Bpos_CD19_F7_02.mzML
PXD026167	DSB_RM_20191130_Nuc_Bpos_CD19_F7_01_ms2.msalign	23	57	DSB_RM_20191130_Nuc_Bpos_CD19_F7_01.mzML
PXD026167	DSB_RM_20191130_Nuc_Bpos_CD19_F6_01_ms2.msalign	23	57	DSB_RM_20191130_Nuc_Bpos_CD19_F6_01.mzML
PXD026167	DSB_RM_20191130_Nuc_Bpos_CD19_F6_02_ms2.msalign	23	57	DSB_RM_20191130_Nuc_Bpos_CD19_F6_02.mzML
PXD026167	DSB_RM_20191130_Nuc_Bpos_CD19_F9_02_ms2.msalign	23	57	DSB_RM_20191130_Nuc_Bpos_CD19_F9_02.mzML
PXD026167	RM_20190728_Bcells_CD19pos_F3_02_ms2.msalign	23	57	RM_20190728_Bcells_CD19pos_F3_02.mzML
PXD026167	RM_20190728_Bcells_CD19pos_F3_01_ms2.msalign	23	57	RM_20190728_Bcells_CD19pos_F3_01.mzML
PXD026167	RM_20190728_Bcells_CD19pos_F3_03_ms2.msalign	23	57	RM_20190728_Bcells_CD19pos_F3_03.mzML
PXD026167	DSB_RM_20191130_Nuc_Bpos_CD19_F5_01_ms2.msalign	23	57	DSB_RM_20191130_Nuc_Bpos_CD19_F5_01.mzML
PXD026167	RM_20190728_Bcells_CD19pos_F2_01_ms2.msalign	23	57	RM_20190728_Bcells_CD19pos_F2_01.mzML
PXD026167	DSB_RM_20191130_Nuc_Bpos_CD19_F5_02_ms2.msalign	23	57	DSB_RM_20191130_Nuc_Bpos_CD19_F5_02.mzML
PXD026167	RM_20190728_Bcells_CD19pos_F2_03_ms2.msalign	23	57	RM_20190728_Bcells_CD19pos_F2_03.mzML
PXD026167	DSB_RM_20191130_Nuc_Bpos_CD19_F4_02_ms2.msalign	23	57	DSB_RM_20191130_Nuc_Bpos_CD19_F4_02.mzML
PXD026167	RM_20190728_Bcells_CD19pos_F2_02_ms2.msalign	23	57	RM_20190728_Bcells_CD19pos_F2_02.mzML
PXD026167	DSB_RM_20191130_Nuc_Bpos_CD19_F9_01_ms2.msalign	23	57	DSB_RM_20191130_Nuc_Bpos_CD19_F9_01.mzML
PXD026167	RM_20190728_Bcells_CD19pos_F4_01_ms2.msalign	23	57	RM_20190728_Bcells_CD19pos_F4_01.mzML
PXD026167	RM_20190728_Bcells_CD19pos_F1_01_ms2.msalign	23	57	RM_20190728_Bcells_CD19pos_F1_01.mzML
PXD026167	RM_20190728_Bcells_CD19pos_F4_02_ms2.msalign	23	57	RM_20190728_Bcells_CD19pos_F4_02.mzML
PXD026167	DSB_RM_20191130_Nuc_Bpos_CD19_F4_01_ms2.msalign	23	57	DSB_RM_20191130_Nuc_Bpos_CD19_F4_01.mzML
PXD026167	LCA_RM_20191129_Nuc_Bpos_CD19_F2_02_ms2.msalign	23	57	LCA_RM_20191129_Nuc_Bpos_CD19_F2_02.mzML
PXD026167	RM_20190728_Bcells_CD19pos_F1_02_ms2.msalign	23	57	RM_20190728_Bcells_CD19pos_F1_02.mzML
PXD026167	DSB_RM_20191130_Nuc_Bpos_CD19_F8_02_ms2.msalign	23	57	DSB_RM_20191130_Nuc_Bpos_CD19_F8_02.mzML
PXD026167	LCA_RM_20191129_Nuc_Bpos_CD19_F3_02_ms2.msalign	23	57	LCA_RM_20191129_Nuc_Bpos_CD19_F3_02.mzML
PXD026167	RM_20190728_Bcells_CD19pos_F1_03_ms2.msalign	23	57	RM_20190728_Bcells_CD19pos_F1_03.mzML
PXD026167	LCA_RM_20191129_Nuc_Bpos_CD19_F3_01_ms2.msalign	23	57	LCA_RM_20191129_Nuc_Bpos_CD19_F3_01.mzML
PXD026167	LCA_RM_20191129_Nuc_Bpos_CD19_F2_01_ms2.msalign	23	57	LCA_RM_20191129_Nuc_Bpos_CD19_F2_01.mzML
PXD026167	DSB_RM_20191130_Nuc_Bpos_CD19_F8_01_ms2.msalign	23	57	DSB_RM_20191130_Nuc_Bpos_CD19_F8_01.mzML
PXD026167	LCA_RM_20191129_Nuc_Bpos_CD19_F1_01_ms2.msalign	23	57	LCA_RM_20191129_Nuc_Bpos_CD19_F1_01.mzML
PXD026167	LCA_RM_20191129_Nuc_Bpos_CD19_F1_02_ms2.msalign	23	57	LCA_RM_20191129_Nuc_Bpos_CD19_F1_02.mzML
PXD026168	LCA_RM_20191008_Nuc_CD4_F7_02_ms2.msalign	23	58	LCA_RM_20191008_Nuc_CD4_F7_02.mzML
PXD026168	LCA_RM_20191008_Nuc_CD4_F7_01_ms2.msalign	23	58	LCA_RM_20191008_Nuc_CD4_F7_01.mzML
PXD026168	LCA_RM_20191008_Nuc_CD4_F8_01_ms2.msalign	23	58	LCA_RM_20191008_Nuc_CD4_F8_01.mzML
PXD026168	LCA_RM_20191008_Nuc_CD4_F9_01_ms2.msalign	23	58	LCA_RM_20191008_Nuc_CD4_F9_01.mzML
PXD026168	LCA_RM_20191008_Nuc_CD4_F8_02_ms2.msalign	23	58	LCA_RM_20191008_Nuc_CD4_F8_02.mzML
PXD026168	LCA_RM_20191008_Nuc_CD4_F9_02_ms2.msalign	23	58	LCA_RM_20191008_Nuc_CD4_F9_02.mzML
PXD026168	RM_20190809_CD4_F8_02_ms2.msalign	23	58	RM_20190809_CD4_F8_02.mzML
PXD026168	RM_20190809_CD4_F7_02_ms2.msalign	23	58	RM_20190809_CD4_F7_02.mzML
PXD026168	RM_20190806_CD4_F5_02_ms2.msalign	23	58	RM_20190806_CD4_F5_02.mzML
PXD026168	LCA_RM_20191008_Nuc_CD4_F6_02_ms2.msalign	23	58	LCA_RM_20191008_Nuc_CD4_F6_02.mzML
PXD026168	LCA_RM_20191008_Nuc_CD4_F5_02_ms2.msalign	23	58	LCA_RM_20191008_Nuc_CD4_F5_02.mzML
PXD026168	LCA_RM_20191008_Nuc_CD4_F6_01_ms2.msalign	23	58	LCA_RM_20191008_Nuc_CD4_F6_01.mzML
PXD026168	LCA_RM_20191008_Nuc_CD4_F5_01_ms2.msalign	23	58	LCA_RM_20191008_Nuc_CD4_F5_01.mzML
PXD026168	RM_20190809_CD4_F8_01_ms2.msalign	23	58	RM_20190809_CD4_F8_01.mzML
PXD026168	RM_20190809_CD4_F7_01_ms2.msalign	23	58	RM_20190809_CD4_F7_01.mzML
PXD026168	RM_20190806_CD4_F5_01_ms2.msalign	23	58	RM_20190806_CD4_F5_01.mzML
PXD026168	RM_20190806_CD4_F6_01_ms2.msalign	23	58	RM_20190806_CD4_F6_01.mzML
PXD026168	RM_20190806_CD4_F6_02_ms2.msalign	23	58	RM_20190806_CD4_F6_02.mzML
PXD026168	LCA_RM_20191007_Nuc_CD4_F1_01_ms2.msalign	23	58	LCA_RM_20191007_Nuc_CD4_F1_01.mzML
PXD026168	LCA_RM_20191007_Nuc_CD4_F2_01_ms2.msalign	23	58	LCA_RM_20191007_Nuc_CD4_F2_01.mzML
PXD026168	LCA_RM_20191007_Nuc_CD4_F1_02_ms2.msalign	23	58	LCA_RM_20191007_Nuc_CD4_F1_02.mzML
PXD026168	LCA_RM_20191007_Nuc_CD4_F2_02_ms2.msalign	23	58	LCA_RM_20191007_Nuc_CD4_F2_02.mzML
PXD026168	LCA_RM_20191007_Nuc_CD4_F4_01_ms2.msalign	23	58	LCA_RM_20191007_Nuc_CD4_F4_01.mzML
PXD026168	LCA_RM_20191007_Nuc_CD4_F4_02_ms2.msalign	23	58	LCA_RM_20191007_Nuc_CD4_F4_02.mzML
PXD026168	LCA_RM_20191007_Nuc_CD4_F3_01_ms2.msalign	23	58	LCA_RM_20191007_Nuc_CD4_F3_01.mzML
PXD026168	LCA_RM_20191007_Nuc_CD4_F3_02_ms2.msalign	23	58	LCA_RM_20191007_Nuc_CD4_F3_02.mzML
PXD026168	RM_20190729_Tcells_CD4pos_F2_03_ms2.msalign	23	58	RM_20190729_Tcells_CD4pos_F2_03.mzML
PXD026168	RM_20190729_Tcells_CD4pos_F2_01_ms2.msalign	23	58	RM_20190729_Tcells_CD4pos_F2_01.mzML
PXD026168	RM_20190729_Tcells_CD4pos_F2_02_ms2.msalign	23	58	RM_20190729_Tcells_CD4pos_F2_02.mzML
PXD026168	RM_20190730_Tcells_CD4pos_F3_02_ms2.msalign	23	58	RM_20190730_Tcells_CD4pos_F3_02.mzML
PXD026168	RM_20190730_Tcells_CD4pos_F3_01_ms2.msalign	23	58	RM_20190730_Tcells_CD4pos_F3_01.mzML
PXD026168	RM_20190730_Tcells_CD4pos_F4_02_ms2.msalign	23	58	RM_20190730_Tcells_CD4pos_F4_02.mzML
PXD026168	RM_20190730_Tcells_CD4pos_F4_01_ms2.msalign	23	58	RM_20190730_Tcells_CD4pos_F4_01.mzML
PXD026168	RM_20190729_Tcells_CD4pos_F1_01_ms2.msalign	23	58	RM_20190729_Tcells_CD4pos_F1_01.mzML
PXD026168	RM_20190729_Tcells_CD4pos_F1_02_ms2.msalign	23	58	RM_20190729_Tcells_CD4pos_F1_02.mzML
PXD026168	RM_20190729_Tcells_CD4pos_F1_03_ms2.msalign	23	58	RM_20190729_Tcells_CD4pos_F1_03.mzML
PXD026169	DSB_RM_20191013_Nuc_CD8_F7_01_ms2.msalign	23	59	DSB_RM_20191013_Nuc_CD8_F7_01.mzML
PXD026169	DSB_RM_20191013_Nuc_CD8_F7_02_ms2.msalign	23	59	DSB_RM_20191013_Nuc_CD8_F7_02.mzML
PXD026169	DSB_RM_20191013_Nuc_CD8_F9_01_ms2.msalign	23	59	DSB_RM_20191013_Nuc_CD8_F9_01.mzML
PXD026169	DSB_RM_20191013_Nuc_CD8_F9_02_ms2.msalign	23	59	DSB_RM_20191013_Nuc_CD8_F9_02.mzML
PXD026169	DSB_RM_20191013_Nuc_CD8_F8_01_ms2.msalign	23	59	DSB_RM_20191013_Nuc_CD8_F8_01.mzML
PXD026169	DSB_RM_20191013_Nuc_CD8_F8_02_ms2.msalign	23	59	DSB_RM_20191013_Nuc_CD8_F8_02.mzML
PXD026169	RM_20190809_CD8_F7_02_ms2.msalign	23	59	RM_20190809_CD8_F7_02.mzML
PXD026169	RM_20190809_CD8_F8_02_ms2.msalign	23	59	RM_20190809_CD8_F8_02.mzML
PXD026169	DSB_RM_20191013_Nuc_CD8_F6_02_ms2.msalign	23	59	DSB_RM_20191013_Nuc_CD8_F6_02.mzML
PXD026169	LCA_RM_20191012_Nuc_CD8_F5_01_ms2.msalign	23	59	LCA_RM_20191012_Nuc_CD8_F5_01.mzML
PXD026169	LCA_RM_20191012_Nuc_CD8_F5_02_ms2.msalign	23	59	LCA_RM_20191012_Nuc_CD8_F5_02.mzML
PXD026169	DSB_RM_20191013_Nuc_CD8_F6_01_ms2.msalign	23	59	DSB_RM_20191013_Nuc_CD8_F6_01.mzML
PXD026169	RM_20190809_CD8_F7_01_ms2.msalign	23	59	RM_20190809_CD8_F7_01.mzML
PXD026169	RM_20190809_CD8_F8_01_ms2.msalign	23	59	RM_20190809_CD8_F8_01.mzML
PXD026169	RM_20190806_CD8_F5_02_ms2.msalign	23	59	RM_20190806_CD8_F5_02.mzML
PXD026169	RM_20190806_CD8_F5_01_ms2.msalign	23	59	RM_20190806_CD8_F5_01.mzML
PXD026169	RM_20190806_CD8_F6_01_ms2.msalign	23	59	RM_20190806_CD8_F6_01.mzML
PXD026169	RM_20190806_CD8_F6_02_ms2.msalign	23	59	RM_20190806_CD8_F6_02.mzML
PXD026169	RM_20190731_Tcells_CD8pos_F4_02_ms2.msalign	23	59	RM_20190731_Tcells_CD8pos_F4_02.mzML
PXD026169	RM_20190731_Tcells_CD8pos_F4_01_ms2.msalign	23	59	RM_20190731_Tcells_CD8pos_F4_01.mzML
PXD026169	DSB_RM_20191011_Nuc_CD8_F2_01_ms2.msalign	23	59	DSB_RM_20191011_Nuc_CD8_F2_01.mzML
PXD026169	DSB_RM_20191011_Nuc_CD8_F2_02_ms2.msalign	23	59	DSB_RM_20191011_Nuc_CD8_F2_02.mzML
PXD026169	DSB_RM_20191011_Nuc_CD8_F3_01_ms2.msalign	23	59	DSB_RM_20191011_Nuc_CD8_F3_01.mzML
PXD026169	DSB_RM_20191011_Nuc_CD8_F3_02_ms2.msalign	23	59	DSB_RM_20191011_Nuc_CD8_F3_02.mzML
PXD026169	RM_20190731_Tcells_CD8pos_F3_02_ms2.msalign	23	59	RM_20190731_Tcells_CD8pos_F3_02.mzML
PXD026169	DSB_RM_20191011_Nuc_CD8_F4_02_ms2.msalign	23	59	DSB_RM_20191011_Nuc_CD8_F4_02.mzML
PXD026169	RM_20190731_Tcells_CD8pos_F3_01_ms2.msalign	23	59	RM_20190731_Tcells_CD8pos_F3_01.mzML
PXD026169	DSB_RM_20191011_Nuc_CD8_F4_01_ms2.msalign	23	59	DSB_RM_20191011_Nuc_CD8_F4_01.mzML
PXD026169	DSB_RM_20191011_Nuc_CD8_F1_02_ms2.msalign	23	59	DSB_RM_20191011_Nuc_CD8_F1_02.mzML
PXD026169	RM_20190730_Tcells_CD8pos_F2_03_ms2.msalign	23	59	RM_20190730_Tcells_CD8pos_F2_03.mzML
PXD026169	RM_20190730_Tcells_CD8pos_F2_01_ms2.msalign	23	59	RM_20190730_Tcells_CD8pos_F2_01.mzML
PXD026169	DSB_RM_20191011_Nuc_CD8_F1_01_ms2.msalign	23	59	DSB_RM_20191011_Nuc_CD8_F1_01.mzML
PXD026169	RM_20190730_Tcells_CD8pos_F2_02_ms2.msalign	23	59	RM_20190730_Tcells_CD8pos_F2_02.mzML
PXD026169	RM_20190730_Tcells_CD8pos_F1_01_ms2.msalign	23	59	RM_20190730_Tcells_CD8pos_F1_01.mzML
PXD026169	RM_20190730_Tcells_CD8pos_F1_02_ms2.msalign	23	59	RM_20190730_Tcells_CD8pos_F1_02.mzML
PXD026169	RM_20190730_Tcells_CD8pos_F1_03_ms2.msalign	23	59	RM_20190730_Tcells_CD8pos_F1_03.mzML
PXD026170	DSB_RM_20191010_Nuc_CD3_F7_01_ms2.msalign	23	60	DSB_RM_20191010_Nuc_CD3_F7_01.mzML
PXD026170	DSB_RM_20191010_Nuc_CD3_F7_02_ms2.msalign	23	60	DSB_RM_20191010_Nuc_CD3_F7_02.mzML
PXD026170	DSB_RM_20191010_Nuc_CD3_F9_02_ms2.msalign	23	60	DSB_RM_20191010_Nuc_CD3_F9_02.mzML
PXD026170	DSB_RM_20191010_Nuc_CD3_F9_01_ms2.msalign	23	60	DSB_RM_20191010_Nuc_CD3_F9_01.mzML
PXD026170	DSB_RM_20191010_Nuc_CD3_F8_02_ms2.msalign	23	60	DSB_RM_20191010_Nuc_CD3_F8_02.mzML
PXD026170	DSB_RM_20191010_Nuc_CD3_F8_01_ms2.msalign	23	60	DSB_RM_20191010_Nuc_CD3_F8_01.mzML
PXD026170	DSB_RM_20191010_Nuc_CD3_F5_01_ms2.msalign	23	60	DSB_RM_20191010_Nuc_CD3_F5_01.mzML
PXD026170	DSB_RM_20191010_Nuc_CD3_F6_01_ms2.msalign	23	60	DSB_RM_20191010_Nuc_CD3_F6_01.mzML
PXD026170	DSB_RM_20191010_Nuc_CD3_F6_02_ms2.msalign	23	60	DSB_RM_20191010_Nuc_CD3_F6_02.mzML
PXD026170	DSB_RM_20191010_Nuc_CD3_F5_02_ms2.msalign	23	60	DSB_RM_20191010_Nuc_CD3_F5_02.mzML
PXD026170	RM_20190805_TCells_CD3pos_F7_02_ms2.msalign	23	60	RM_20190805_TCells_CD3pos_F7_02.mzML
PXD026170	RM_20190805_TCells_CD3pos_F7_01_ms2.msalign	23	60	RM_20190805_TCells_CD3pos_F7_01.mzML
PXD026170	RM_20190805_TCells_CD3pos_F8_01_ms2.msalign	23	60	RM_20190805_TCells_CD3pos_F8_01.mzML
PXD026170	RM_20190805_TCells_CD3pos_F6_02_ms2.msalign	23	60	RM_20190805_TCells_CD3pos_F6_02.mzML
PXD026170	RM_20190805_TCells_CD3pos_F8_02_ms2.msalign	23	60	RM_20190805_TCells_CD3pos_F8_02.mzML
PXD026170	RM_20190805_TCells_CD3pos_F6_01_ms2.msalign	23	60	RM_20190805_TCells_CD3pos_F6_01.mzML
PXD026170	RM_20190805_TCells_CD3pos_F5_02_ms2.msalign	23	60	RM_20190805_TCells_CD3pos_F5_02.mzML
PXD026170	RM_20190805_TCells_CD3pos_F5_01_ms2.msalign	23	60	RM_20190805_TCells_CD3pos_F5_01.mzML
PXD026170	LCA_RM_20191009_Nuc_CD3_F1_01_ms2.msalign	23	60	LCA_RM_20191009_Nuc_CD3_F1_01.mzML
PXD026170	LCA_RM_20191009_Nuc_CD3_F1_02_ms2.msalign	23	60	LCA_RM_20191009_Nuc_CD3_F1_02.mzML
PXD026170	LCA_RM_20191009_Nuc_CD3_F4_02_ms2.msalign	23	60	LCA_RM_20191009_Nuc_CD3_F4_02.mzML
PXD026170	LCA_RM_20191009_Nuc_CD3_F4_01_ms2.msalign	23	60	LCA_RM_20191009_Nuc_CD3_F4_01.mzML
PXD026170	LCA_RM_20191009_Nuc_CD3_F3_02_ms2.msalign	23	60	LCA_RM_20191009_Nuc_CD3_F3_02.mzML
PXD026170	LCA_RM_20191009_Nuc_CD3_F3_01_ms2.msalign	23	60	LCA_RM_20191009_Nuc_CD3_F3_01.mzML
PXD026170	LCA_RM_20191009_Nuc_CD3_F2_01_ms2.msalign	23	60	LCA_RM_20191009_Nuc_CD3_F2_01.mzML
PXD026170	LCA_RM_20191009_Nuc_CD3_F2_02_ms2.msalign	23	60	LCA_RM_20191009_Nuc_CD3_F2_02.mzML
PXD026170	RM_20190802_TCells_CD3pos_F3_01_ms2.msalign	23	60	RM_20190802_TCells_CD3pos_F3_01.mzML
PXD026170	RM_20190802_TCells_CD3pos_F3_02_ms2.msalign	23	60	RM_20190802_TCells_CD3pos_F3_02.mzML
PXD026170	RM_20190802_TCells_CD3pos_F4_02_ms2.msalign	23	60	RM_20190802_TCells_CD3pos_F4_02.mzML
PXD026170	RM_20190802_TCells_CD3pos_F4_01_ms2.msalign	23	60	RM_20190802_TCells_CD3pos_F4_01.mzML
PXD026170	RM_20190802_TCells_CD3pos_F2_01_ms2.msalign	23	60	RM_20190802_TCells_CD3pos_F2_01.mzML
PXD026170	RM_20190802_TCells_CD3pos_F2_03_ms2.msalign	23	60	RM_20190802_TCells_CD3pos_F2_03.mzML
PXD026170	RM_20190802_TCells_CD3pos_F2_02_ms2.msalign	23	60	RM_20190802_TCells_CD3pos_F2_02.mzML
PXD026170	RM_20190802_TCells_CD3pos_F1_01_ms2.msalign	23	60	RM_20190802_TCells_CD3pos_F1_01.mzML
PXD026170	RM_20190802_TCells_CD3pos_F1_03_ms2.msalign	23	60	RM_20190802_TCells_CD3pos_F1_03.mzML
PXD026170	RM_20190802_TCells_CD3pos_F1_02_ms2.msalign	23	60	RM_20190802_TCells_CD3pos_F1_02.mzML
PXD026171	RM_20190810_NK_F7_02_ms2.msalign	23	61	RM_20190810_NK_F7_02.mzML
PXD026171	RM_20190810_NK_F8_02_ms2.msalign	23	61	RM_20190810_NK_F8_02.mzML
PXD026171	RM_20190808_NK_F6_newGrad_03_ms2.msalign	23	61	RM_20190808_NK_F6_newGrad_03.mzML
PXD026171	RM_20190808_NK_F5_newGrad_03_ms2.msalign	23	61	RM_20190808_NK_F5_newGrad_03.mzML
PXD026171	RM_20190807_NK_F6_02_ms2.msalign	23	61	RM_20190807_NK_F6_02.mzML
PXD026171	RM_20190810_NK_F7_01_ms2.msalign	23	61	RM_20190810_NK_F7_01.mzML
PXD026171	RM_20190807_NK_F5_01_ms2.msalign	23	61	RM_20190807_NK_F5_01.mzML
PXD026171	RM_20190807_NK_F5_02_ms2.msalign	23	61	RM_20190807_NK_F5_02.mzML
PXD026171	RM_20190810_NK_F8_01_ms2.msalign	23	61	RM_20190810_NK_F8_01.mzML
PXD026171	RM_20190807_NK_F6_01_ms2.msalign	23	61	RM_20190807_NK_F6_01.mzML
PXD026171	LCA_RM_20191127_Nuc_NK_F7_01_ms2.msalign	23	61	LCA_RM_20191127_Nuc_NK_F7_01.mzML
PXD026171	RM_20190731_NK_F1_03_ms2.msalign	23	61	RM_20190731_NK_F1_03.mzML
PXD026171	LCA_RM_20191127_Nuc_NK_F6_01_ms2.msalign	23	61	LCA_RM_20191127_Nuc_NK_F6_01.mzML
PXD026171	LCA_RM_20191127_Nuc_NK_F7_02_ms2.msalign	23	61	LCA_RM_20191127_Nuc_NK_F7_02.mzML
PXD026171	LCA_RM_20191129_Nuc_NK_F9_01_ms2.msalign	23	61	LCA_RM_20191129_Nuc_NK_F9_01.mzML
PXD026171	LCA_RM_20191127_Nuc_NK_F4_02_ms2.msalign	23	61	LCA_RM_20191127_Nuc_NK_F4_02.mzML
PXD026171	LCA_RM_20191127_Nuc_NK_F6_02_ms2.msalign	23	61	LCA_RM_20191127_Nuc_NK_F6_02.mzML
PXD026171	LCA_RM_20191129_Nuc_NK_F8_02_ms2.msalign	23	61	LCA_RM_20191129_Nuc_NK_F8_02.mzML
PXD026171	LCA_RM_20191129_Nuc_NK_F9_02_ms2.msalign	23	61	LCA_RM_20191129_Nuc_NK_F9_02.mzML
PXD026171	LCA_RM_20191127_Nuc_NK_F5_01_ms2.msalign	23	61	LCA_RM_20191127_Nuc_NK_F5_01.mzML
PXD026171	RM_20190801_NK_F3_02_ms2.msalign	23	61	RM_20190801_NK_F3_02.mzML
PXD026171	LCA_RM_20191127_Nuc_NK_F4_01_ms2.msalign	23	61	LCA_RM_20191127_Nuc_NK_F4_01.mzML
PXD026171	LCA_RM_20191127_Nuc_NK_F5_02_ms2.msalign	23	61	LCA_RM_20191127_Nuc_NK_F5_02.mzML
PXD026171	RM_20190731_NK_F1_02_ms2.msalign	23	61	RM_20190731_NK_F1_02.mzML
PXD026171	LCA_RM_20191127_Nuc_NK_F3_02_ms2.msalign	23	61	LCA_RM_20191127_Nuc_NK_F3_02.mzML
PXD026171	RM_20190731_NK_F1_01_ms2.msalign	23	61	RM_20190731_NK_F1_01.mzML
PXD026171	LCA_RM_20191127_Nuc_NK_F3_01_ms2.msalign	23	61	LCA_RM_20191127_Nuc_NK_F3_01.mzML
PXD026171	RM_20190801_NK_F4_02_ms2.msalign	23	61	RM_20190801_NK_F4_02.mzML
PXD026171	LCA_RM_20191129_Nuc_NK_F8_01_ms2.msalign	23	61	LCA_RM_20191129_Nuc_NK_F8_01.mzML
PXD026171	RM_20190801_NK_F3_01_ms2.msalign	23	61	RM_20190801_NK_F3_01.mzML
PXD026171	RM_20190801_NK_F2_01_ms2.msalign	23	61	RM_20190801_NK_F2_01.mzML
PXD026171	RM_20190801_NK_F4_01_ms2.msalign	23	61	RM_20190801_NK_F4_01.mzML
PXD026171	LCA_RM_20191127_Nuc_NK_F2_02_ms2.msalign	23	61	LCA_RM_20191127_Nuc_NK_F2_02.mzML
PXD026171	RM_20190801_NK_F2_03_ms2.msalign	23	61	RM_20190801_NK_F2_03.mzML
PXD026171	RM_20190801_NK_F2_02_ms2.msalign	23	61	RM_20190801_NK_F2_02.mzML
PXD026171	LCA_RM_20191127_Nuc_NK_F2_01_ms2.msalign	23	61	LCA_RM_20191127_Nuc_NK_F2_01.mzML
PXD026171	LCA_RM_20191127_Nuc_NK_F1_01_ms2.msalign	23	61	LCA_RM_20191127_Nuc_NK_F1_01.mzML
PXD026171	LCA_RM_20191127_Nuc_NK_F1_02_ms2.msalign	23	61	LCA_RM_20191127_Nuc_NK_F1_02.mzML
PXD026171	RM_20190801_NK_F1_04_ms2.msalign	23	61	RM_20190801_NK_F1_04.mzML
PXD026172	RM_20190810_CD19neg_F7_02_ms2.msalign	23	62	RM_20190810_CD19neg_F7_02.mzML
PXD026172	RM_20190810_CD19neg_F8_02_ms2.msalign	23	62	RM_20190810_CD19neg_F8_02.mzML
PXD026172	RM_20190806_CD19neg_F5_02_ms2.msalign	23	62	RM_20190806_CD19neg_F5_02.mzML
PXD026172	RM_20190806_CD19neg_F5_01_ms2.msalign	23	62	RM_20190806_CD19neg_F5_01.mzML
PXD026172	RM_20190806_CD19neg_F6_02_ms2.msalign	23	62	RM_20190806_CD19neg_F6_02.mzML
PXD026172	RM_20190806_CD19neg_F6_01_ms2.msalign	23	62	RM_20190806_CD19neg_F6_01.mzML
PXD026172	RM_20190810_CD19neg_F7_01_ms2.msalign	23	62	RM_20190810_CD19neg_F7_01.mzML
PXD026172	RM_20190810_CD19neg_F8_01_ms2.msalign	23	62	RM_20190810_CD19neg_F8_01.mzML
PXD026172	RM_20190803_TCells_CD19neg_F2_01_ms2.msalign	23	62	RM_20190803_TCells_CD19neg_F2_01.mzML
PXD026172	RM_20190803_TCells_CD19neg_F2_02_ms2.msalign	23	62	RM_20190803_TCells_CD19neg_F2_02.mzML
PXD026172	RM_20190803_TCells_CD19neg_F3_02_ms2.msalign	23	62	RM_20190803_TCells_CD19neg_F3_02.mzML
PXD026172	RM_20190803_TCells_CD19neg_F4_02_ms2.msalign	23	62	RM_20190803_TCells_CD19neg_F4_02.mzML
PXD026172	RM_20190803_TCells_CD19neg_F4_01_ms2.msalign	23	62	RM_20190803_TCells_CD19neg_F4_01.mzML
PXD026172	RM_20190803_TCells_CD19neg_F2_03_ms2.msalign	23	62	RM_20190803_TCells_CD19neg_F2_03.mzML
PXD026172	RM_20190803_TCells_CD19neg_F3_01_ms2.msalign	23	62	RM_20190803_TCells_CD19neg_F3_01.mzML
PXD026172	RM_20190803_TCells_CD19neg_F1_03_ms2.msalign	23	62	RM_20190803_TCells_CD19neg_F1_03.mzML
PXD026172	RM_20190803_TCells_CD19neg_F1_01_ms2.msalign	23	62	RM_20190803_TCells_CD19neg_F1_01.mzML
PXD026172	RM_20190803_TCells_CD19neg_F1_02_ms2.msalign	23	62	RM_20190803_TCells_CD19neg_F1_02.mzML
PXD026173	RM_20190808_CD19CD20_F5F6_newGrad_03_ms2.msalign	23	63	RM_20190808_CD19CD20_F5F6_newGrad_03.mzML
PXD026173	RM_20190811_CD19CD20_F7F8_04_ms2.msalign	23	63	RM_20190811_CD19CD20_F7F8_04.mzML
PXD026173	RM_20190811_CD19CD20_F7F8_03_ms2.msalign	23	63	RM_20190811_CD19CD20_F7F8_03.mzML
PXD026173	RM_20190808_CD19CD20_F5F6_02_ms2.msalign	23	63	RM_20190808_CD19CD20_F5F6_02.mzML
PXD026173	RM_20190811_CD19CD20_F7F8_01_ms2.msalign	23	63	RM_20190811_CD19CD20_F7F8_01.mzML
PXD026173	RM_20190811_CD19CD20_F7F8_02_ms2.msalign	23	63	RM_20190811_CD19CD20_F7F8_02.mzML
PXD026173	RM_20190808_CD19CD20_F5F6_01_ms2.msalign	23	63	RM_20190808_CD19CD20_F5F6_01.mzML
PXD026173	RM_20190804_TCells_CD19CD20_F3F4_03_ms2.msalign	23	63	RM_20190804_TCells_CD19CD20_F3F4_03.mzML
PXD026173	RM_20190804_TCells_CD19CD20_F3F4_02_ms2.msalign	23	63	RM_20190804_TCells_CD19CD20_F3F4_02.mzML
PXD026173	RM_20190804_TCells_CD19CD20_F3F4_01_ms2.msalign	23	63	RM_20190804_TCells_CD19CD20_F3F4_01.mzML
PXD026173	RM_20190804_TCells_CD19CD20_F1F2_01_ms2.msalign	23	63	RM_20190804_TCells_CD19CD20_F1F2_01.mzML
PXD026173	RM_20190804_TCells_CD19CD20_F1F2_03_ms2.msalign	23	63	RM_20190804_TCells_CD19CD20_F1F2_03.mzML
PXD026173	RM_20190804_TCells_CD19CD20_F1F2_02_ms2.msalign	23	63	RM_20190804_TCells_CD19CD20_F1F2_02.mzML
PXD026174	LCA_RM_20190928_cyto_neutrophil_F6_01_ms2.msalign	23	64	LCA_RM_20190928_cyto_neutrophil_F6_01.mzML
PXD026174	LCA_RM_20190928_cyto_neutrophil_F5_01_ms2.msalign	23	64	LCA_RM_20190928_cyto_neutrophil_F5_01.mzML
PXD026174	LCA_RM_20190928_cyto_neutrophil_F6_02_ms2.msalign	23	64	LCA_RM_20190928_cyto_neutrophil_F6_02.mzML
PXD026174	LCA_RM_20190928_cyto_neutrophil_F5_02_ms2.msalign	23	64	LCA_RM_20190928_cyto_neutrophil_F5_02.mzML
PXD026174	LCA_RM_20190928_cyto_neutrophil_F4_01_ms2.msalign	23	64	LCA_RM_20190928_cyto_neutrophil_F4_01.mzML
PXD026174	LCA_RM_20190928_cyto_neutrophil_F4_02_ms2.msalign	23	64	LCA_RM_20190928_cyto_neutrophil_F4_02.mzML
PXD026174	LCA_RM_20190928_cyto_neutrophil_F3_02_ms2.msalign	23	64	LCA_RM_20190928_cyto_neutrophil_F3_02.mzML
PXD026174	LCA_RM_20190928_cyto_neutrophil_F3_01_ms2.msalign	23	64	LCA_RM_20190928_cyto_neutrophil_F3_01.mzML
PXD026174	DSB_RM_20190927_cyto_neutrophil_F2_01_ms2.msalign	23	64	DSB_RM_20190927_cyto_neutrophil_F2_01.mzML
PXD026174	DSB_RM_20190927_cyto_neutrophil_F2_02_ms2.msalign	23	64	DSB_RM_20190927_cyto_neutrophil_F2_02.mzML
PXD026174	DSB_RM_20190927_cyto_neutrophil_F1_01_ms2.msalign	23	64	DSB_RM_20190927_cyto_neutrophil_F1_01.mzML
PXD026174	DSB_RM_20190927_cyto_neutrophil_F1_02_ms2.msalign	23	64	DSB_RM_20190927_cyto_neutrophil_F1_02.mzML
PXD026175	LCA_RM_20191002_cyto_eosinophil_F6_02_ms2.msalign	23	65	LCA_RM_20191002_cyto_eosinophil_F6_02.mzML
PXD026175	LCA_RM_20191002_cyto_eosinophil_F5_02_ms2.msalign	23	65	LCA_RM_20191002_cyto_eosinophil_F5_02.mzML
PXD026175	LCA_RM_20191002_cyto_eosinophil_F6_01_ms2.msalign	23	65	LCA_RM_20191002_cyto_eosinophil_F6_01.mzML
PXD026175	RM_20190929_cyto_eosinophil_F2_02_ms2.msalign	23	65	RM_20190929_cyto_eosinophil_F2_02.mzML
PXD026175	RM_20190929_cyto_eosinophil_F2_01_ms2.msalign	23	65	RM_20190929_cyto_eosinophil_F2_01.mzML
PXD026175	RM_20190929_cyto_eosinophil_F4_01_ms2.msalign	23	65	RM_20190929_cyto_eosinophil_F4_01.mzML
PXD026175	RM_20190929_cyto_eosinophil_F3_02_ms2.msalign	23	65	RM_20190929_cyto_eosinophil_F3_02.mzML
PXD026175	RM_20190929_cyto_eosinophil_F4_02_ms2.msalign	23	65	RM_20190929_cyto_eosinophil_F4_02.mzML
PXD026175	RM_20190929_cyto_eosinophil_F3_01_ms2.msalign	23	65	RM_20190929_cyto_eosinophil_F3_01.mzML
PXD026175	LCA_RM_20191002_cyto_eosinophil_F5_01_ms2.msalign	23	65	LCA_RM_20191002_cyto_eosinophil_F5_01.mzML
PXD026175	RM_20190929_cyto_eosinophil_F1_02_ms2.msalign	23	65	RM_20190929_cyto_eosinophil_F1_02.mzML
PXD026175	RM_20190929_cyto_eosinophil_F1_01_ms2.msalign	23	65	RM_20190929_cyto_eosinophil_F1_01.mzML
PXD026178	LCA_RM_20191006_Platelets_F9A_02_ms2.msalign	23	66	LCA_RM_20191006_Platelets_F9A_02.mzML
PXD026178	LCA_RM_20191006_Platelets_F9A_01_ms2.msalign	23	66	LCA_RM_20191006_Platelets_F9A_01.mzML
PXD026178	LCA_RM_20191006_Platelets_F8A_02_ms2.msalign	23	66	LCA_RM_20191006_Platelets_F8A_02.mzML
PXD026178	LCA_RM_20191006_Platelets_F8A_01_ms2.msalign	23	66	LCA_RM_20191006_Platelets_F8A_01.mzML
PXD026178	LCA_RM_20191006_Platelets_F7A_02_ms2.msalign	23	66	LCA_RM_20191006_Platelets_F7A_02.mzML
PXD026178	LCA_RM_20191006_Platelets_F7A_01_ms2.msalign	23	66	LCA_RM_20191006_Platelets_F7A_01.mzML
PXD026178	LCA_RM_20191006_Platelets_F6A_01_ms2.msalign	23	66	LCA_RM_20191006_Platelets_F6A_01.mzML
PXD026178	LCA_RM_20191006_Platelets_F6A_02_ms2.msalign	23	66	LCA_RM_20191006_Platelets_F6A_02.mzML
PXD026178	LCA_RM_20191006_Platelets_F5AB_02_ms2.msalign	23	66	LCA_RM_20191006_Platelets_F5AB_02.mzML
PXD026178	LCA_RM_20191006_Platelets_F5AB_01_ms2.msalign	23	66	LCA_RM_20191006_Platelets_F5AB_01.mzML
PXD026178	LCA_RM_20191005_Platelets_F3AB_02_ms2.msalign	23	66	LCA_RM_20191005_Platelets_F3AB_02.mzML
PXD026178	LCA_RM_20191005_Platelets_F3AB_01_ms2.msalign	23	66	LCA_RM_20191005_Platelets_F3AB_01.mzML
PXD026178	LCA_RM_20191005_Platelets_F2AB_01_ms2.msalign	23	66	LCA_RM_20191005_Platelets_F2AB_01.mzML
PXD026178	LCA_RM_20191005_Platelets_F4AB_01_ms2.msalign	23	66	LCA_RM_20191005_Platelets_F4AB_01.mzML
PXD026178	LCA_RM_20191005_Platelets_F4AB_02_ms2.msalign	23	66	LCA_RM_20191005_Platelets_F4AB_02.mzML
PXD026178	LCA_RM_20191005_Platelets_F2AB_02_ms2.msalign	23	66	LCA_RM_20191005_Platelets_F2AB_02.mzML
PXD026178	LCA_RM_20191005_Platelets_F1AB_02_ms2.msalign	23	66	LCA_RM_20191005_Platelets_F1AB_02.mzML
PXD026178	LCA_RM_20191005_Platelets_F1AB_01_ms2.msalign	23	66	LCA_RM_20191005_Platelets_F1AB_01.mzML
PXD026136	20150927_BM_sort_2E6_CD19_pool_techrep02_ms2.msalign	23	67	20150927_BM_sort_2E6_CD19_pool_techrep02.mzML
PXD026136	20150927_BM_sort_2E6_CD19_pool_techrep04_ms2.msalign	23	67	20150927_BM_sort_2E6_CD19_pool_techrep04.mzML
PXD026136	20150927_BM_sort_2E6_CD19_pool_techrep03_ms2.msalign	23	67	20150927_BM_sort_2E6_CD19_pool_techrep03.mzML
PXD026136	20150927_BM_sort_2E6_CD19_pool_techrep01_ms2.msalign	23	67	20150927_BM_sort_2E6_CD19_pool_techrep01.mzML
PXD026137	20150927_BM_sort_2E6_CD19_highCD10_techrep01_ms2.msalign	23	68	20150927_BM_sort_2E6_CD19_highCD10_techrep01.mzML
PXD026137	20150927_BM_sort_2E6_CD19_highCD10_techrep03_ms2.msalign	23	68	20150927_BM_sort_2E6_CD19_highCD10_techrep03.mzML
PXD026137	20150927_BM_sort_2E6_CD19_highCD10_techrep04_ms2.msalign	23	68	20150927_BM_sort_2E6_CD19_highCD10_techrep04.mzML
PXD026137	20150927_BM_sort_2E6_CD19_highCD10_techrep02_ms2.msalign	23	68	20150927_BM_sort_2E6_CD19_highCD10_techrep02.mzML
PXD026138	20150927_BM_sort_2E6_CD19_midCD10_techrep03_ms2.msalign	23	69	20150927_BM_sort_2E6_CD19_midCD10_techrep03.mzML
PXD026138	20150927_BM_sort_2E6_CD19_midCD10_techrep04_ms2.msalign	23	69	20150927_BM_sort_2E6_CD19_midCD10_techrep04.mzML
PXD026138	20150927_BM_sort_2E6_CD19_midCD10_techrep01_ms2.msalign	23	69	20150927_BM_sort_2E6_CD19_midCD10_techrep01.mzML
PXD026138	20150927_BM_sort_2E6_CD19_midCD10_techrep02_ms2.msalign	23	69	20150927_BM_sort_2E6_CD19_midCD10_techrep02.mzML
PXD026139	20150927_BM_sort_2E6_CD19_dimCD10_techrep04_ms2.msalign	23	70	20150927_BM_sort_2E6_CD19_dimCD10_techrep04.mzML
PXD026139	20150927_BM_sort_2E6_CD19_dimCD10_techrep01_ms2.msalign	23	70	20150927_BM_sort_2E6_CD19_dimCD10_techrep01.mzML
PXD026139	20150927_BM_sort_2E6_CD19_dimCD10_techrep03_ms2.msalign	23	70	20150927_BM_sort_2E6_CD19_dimCD10_techrep03.mzML
PXD026139	20150927_BM_sort_2E6_CD19_dimCD10_techrep02_ms2.msalign	23	70	20150927_BM_sort_2E6_CD19_dimCD10_techrep02.mzML
PXD026140	20141110_RP-4H_5E6Bcells_10pctGF_120min_top2DD_HCD_GF06_inj01_ms2.msalign	23	71	20141110_RP-4H_5E6Bcells_10pctGF_120min_top2DD_HCD_GF06_inj01.mzML
PXD026140	20141110_RP-4H_5E6Bcells_10pctGF_120min_top2DD_HCD_GF01_inj01_ms2.msalign	23	71	20141110_RP-4H_5E6Bcells_10pctGF_120min_top2DD_HCD_GF01_inj01.mzML
PXD026140	20141110_RP-4H_5E6Bcells_10pctGF_120min_top2DD_HCD_GF05_inj01_ms2.msalign	23	71	20141110_RP-4H_5E6Bcells_10pctGF_120min_top2DD_HCD_GF05_inj01.mzML
PXD026140	20141110_RP-4H_5E6Bcells_10pctGF_120min_top2DD_HCD_GF02_inj01_ms2.msalign	23	71	20141110_RP-4H_5E6Bcells_10pctGF_120min_top2DD_HCD_GF02_inj01.mzML
PXD026140	20141016_RP-4H_15E5Bcells_120min_top2DD_HCD_01_ms2.msalign	23	71	20141016_RP-4H_15E5Bcells_120min_top2DD_HCD_01.mzML
PXD026140	20141110_RP-4H_5E6Bcells_10pctGF_120min_top2DD_HCD_GF04_inj01_ms2.msalign	23	71	20141110_RP-4H_5E6Bcells_10pctGF_120min_top2DD_HCD_GF04_inj01.mzML
PXD026140	20141110_RP-4H_5E6Bcells_10pctGF_120min_top2DD_HCD_GF03_inj01_ms2.msalign	23	71	20141110_RP-4H_5E6Bcells_10pctGF_120min_top2DD_HCD_GF03_inj01.mzML
PXD026140	20141016_RP-4H_15E5Bcells_120min_top2DD_HCD_02_ms2.msalign	23	71	20141016_RP-4H_15E5Bcells_120min_top2DD_HCD_02.mzML
PXD026140	20141016_RP-4H_15E5Bcells_180min_top2DD_HCD_ms2.msalign	23	71	20141016_RP-4H_15E5Bcells_180min_top2DD_HCD.mzML
PXD026141	20150930_TDQ_BC_Memory_techrep_03_ms2.msalign	23	72	20150930_TDQ_BC_Memory_techrep_03.mzML
PXD026141	20150930_TDQ_BC_Memory_techrep_04_ms2.msalign	23	72	20150930_TDQ_BC_Memory_techrep_04.mzML
PXD026141	20150930_TDQ_BC_Memory_techrep_01_ms2.msalign	23	72	20150930_TDQ_BC_Memory_techrep_01.mzML
PXD026141	20150930_TDQ_BC_Memory_techrep_02_ms2.msalign	23	72	20150930_TDQ_BC_Memory_techrep_02.mzML
PXD026141	20150930_TDQ_BC_Memory_techrep_05_ms2.msalign	23	72	20150930_TDQ_BC_Memory_techrep_05.mzML
PXD026142	20150930_TDQ_BC_Naive_techrep_05_ms2.msalign	23	73	20150930_TDQ_BC_Naive_techrep_05.mzML
PXD026142	20150930_TDQ_BC_Naive_techrep_01_ms2.msalign	23	73	20150930_TDQ_BC_Naive_techrep_01.mzML
PXD026142	20150930_TDQ_BC_Naive_techrep_03_ms2.msalign	23	73	20150930_TDQ_BC_Naive_techrep_03.mzML
PXD026142	20150930_TDQ_BC_Naive_techrep_02_ms2.msalign	23	73	20150930_TDQ_BC_Naive_techrep_02.mzML
PXD026142	20150930_TDQ_BC_Naive_techrep_04_ms2.msalign	23	73	20150930_TDQ_BC_Naive_techrep_04.mzML
PXD026123	20180813_rmi049_75idPLRPS_APA_RBC_PM_F8_b_ms2.msalign	23	74	20180813_rmi049_75idPLRPS_APA_RBC_PM_F8_b.mzML
PXD026123	20180813_rmi049_75idPLRPS_APA_RBC_PM_F8_a_ms2.msalign	23	74	20180813_rmi049_75idPLRPS_APA_RBC_PM_F8_a.mzML
PXD026123	20180813_rmi049_75idPLRPS_APA_RBC_PM_F7_c_ms2.msalign	23	74	20180813_rmi049_75idPLRPS_APA_RBC_PM_F7_c.mzML
PXD026123	20180813_rmi049_75idPLRPS_APA_RBC_PM_F7_b_ms2.msalign	23	74	20180813_rmi049_75idPLRPS_APA_RBC_PM_F7_b.mzML
PXD026123	20180813_rmi049_75idPLRPS_APA_RBC_PM_F7_a_ms2.msalign	23	74	20180813_rmi049_75idPLRPS_APA_RBC_PM_F7_a.mzML
PXD026123	20180813_rmi049_75idPLRPS_APA_RBC_PM_F6_a_ms2.msalign	23	74	20180813_rmi049_75idPLRPS_APA_RBC_PM_F6_a.mzML
PXD026123	20180813_rmi049_75idPLRPS_APA_RBC_PM_F6_c_ms2.msalign	23	74	20180813_rmi049_75idPLRPS_APA_RBC_PM_F6_c.mzML
PXD026123	20180813_rmi049_75idPLRPS_APA_RBC_PM_F6_b_ms2.msalign	23	74	20180813_rmi049_75idPLRPS_APA_RBC_PM_F6_b.mzML
PXD026123	20180813_rmi049_75idPLRPS_APA_RBC_PM_F2_a_ms2.msalign	23	74	20180813_rmi049_75idPLRPS_APA_RBC_PM_F2_a.mzML
PXD026123	20180813_rmi049_75idPLRPS_APA_RBC_PM_F1_a_ms2.msalign	23	74	20180813_rmi049_75idPLRPS_APA_RBC_PM_F1_a.mzML
PXD026123	20180813_rmi049_75idPLRPS_APA_RBC_PM_F2_c_ms2.msalign	23	74	20180813_rmi049_75idPLRPS_APA_RBC_PM_F2_c.mzML
PXD026123	20180813_rmi049_75idPLRPS_APA_RBC_PM_F2_b_ms2.msalign	23	74	20180813_rmi049_75idPLRPS_APA_RBC_PM_F2_b.mzML
PXD026123	20180813_rmi049_75idPLRPS_APA_RBC_PM_F1_b_ms2.msalign	23	74	20180813_rmi049_75idPLRPS_APA_RBC_PM_F1_b.mzML
PXD026123	20180813_rmi049_75idPLRPS_APA_RBC_PM_F5_a_ms2.msalign	23	74	20180813_rmi049_75idPLRPS_APA_RBC_PM_F5_a.mzML
PXD026123	20180813_rmi049_75idPLRPS_APA_RBC_PM_F1_c_ms2.msalign	23	74	20180813_rmi049_75idPLRPS_APA_RBC_PM_F1_c.mzML
PXD026123	20180813_rmi049_75idPLRPS_APA_RBC_PM_F5_b_ms2.msalign	23	74	20180813_rmi049_75idPLRPS_APA_RBC_PM_F5_b.mzML
PXD026123	20180813_rmi049_75idPLRPS_APA_RBC_PM_F5_c_ms2.msalign	23	74	20180813_rmi049_75idPLRPS_APA_RBC_PM_F5_c.mzML
PXD026123	20180813_rmi049_75idPLRPS_APA_RBC_PM_F3_a_ms2.msalign	23	74	20180813_rmi049_75idPLRPS_APA_RBC_PM_F3_a.mzML
PXD026123	20180813_rmi049_75idPLRPS_APA_RBC_PM_F3_b_ms2.msalign	23	74	20180813_rmi049_75idPLRPS_APA_RBC_PM_F3_b.mzML
PXD026123	20180813_rmi049_75idPLRPS_APA_RBC_PM_F3_c_ms2.msalign	23	74	20180813_rmi049_75idPLRPS_APA_RBC_PM_F3_c.mzML
PXD026123	20180813_rmi049_75idPLRPS_APA_RBC_PM_F4_b_ms2.msalign	23	74	20180813_rmi049_75idPLRPS_APA_RBC_PM_F4_b.mzML
PXD026123	20180813_rmi049_75idPLRPS_APA_RBC_PM_F4_a_ms2.msalign	23	74	20180813_rmi049_75idPLRPS_APA_RBC_PM_F4_a.mzML
PXD026123	20180813_rmi049_75idPLRPS_APA_RBC_PM_F4_c_ms2.msalign	23	74	20180813_rmi049_75idPLRPS_APA_RBC_PM_F4_c.mzML
PXD026126	20180615_rmi049_75idPLRPS_APA_PBMC_100_F1_b_ms2.msalign	23	75	20180615_rmi049_75idPLRPS_APA_PBMC_100_F1_b.mzML
PXD026126	20180615_rmi049_75idPLRPS_APA_PBMC_700_F6_b_ms2.msalign	23	75	20180615_rmi049_75idPLRPS_APA_PBMC_700_F6_b.mzML
PXD026126	20180615_rmi049_75idPLRPS_APA_PBMC_700_F6_c_ms2.msalign	23	75	20180615_rmi049_75idPLRPS_APA_PBMC_700_F6_c.mzML
PXD026126	20180615_rmi049_75idPLRPS_APA_PBMC_700_F6_a_ms2.msalign	23	75	20180615_rmi049_75idPLRPS_APA_PBMC_700_F6_a.mzML
PXD026126	20180615_rmi049_75idPLRPS_APA_PBMC_100_F6_a_ms2.msalign	23	75	20180615_rmi049_75idPLRPS_APA_PBMC_100_F6_a.mzML
PXD026126	20180615_rmi049_75idPLRPS_APA_PBMC_100_F6_c_ms2.msalign	23	75	20180615_rmi049_75idPLRPS_APA_PBMC_100_F6_c.mzML
PXD026126	20180615_rmi049_75idPLRPS_APA_PBMC_100_F6_b_ms2.msalign	23	75	20180615_rmi049_75idPLRPS_APA_PBMC_100_F6_b.mzML
PXD026126	20180615_rmi049_75idPLRPS_APA_PBMC_400_F6_b_ms2.msalign	23	75	20180615_rmi049_75idPLRPS_APA_PBMC_400_F6_b.mzML
PXD026126	20180615_rmi049_75idPLRPS_APA_PBMC_400_F6_a_ms2.msalign	23	75	20180615_rmi049_75idPLRPS_APA_PBMC_400_F6_a.mzML
PXD026126	20180615_rmi049_75idPLRPS_APA_PBMC_700_F5_b_ms2.msalign	23	75	20180615_rmi049_75idPLRPS_APA_PBMC_700_F5_b.mzML
PXD026126	20180615_rmi049_75idPLRPS_APA_PBMC_700_F5_a_ms2.msalign	23	75	20180615_rmi049_75idPLRPS_APA_PBMC_700_F5_a.mzML
PXD026126	20180615_rmi049_75idPLRPS_APA_PBMC_400_F6_c_ms2.msalign	23	75	20180615_rmi049_75idPLRPS_APA_PBMC_400_F6_c.mzML
PXD026126	20180615_rmi049_75idPLRPS_APA_PBMC_100_F5_b_ms2.msalign	23	75	20180615_rmi049_75idPLRPS_APA_PBMC_100_F5_b.mzML
PXD026126	20180615_rmi049_75idPLRPS_APA_PBMC_400_F5_b_ms2.msalign	23	75	20180615_rmi049_75idPLRPS_APA_PBMC_400_F5_b.mzML
PXD026126	20180615_rmi049_75idPLRPS_APA_PBMC_400_F5_a_ms2.msalign	23	75	20180615_rmi049_75idPLRPS_APA_PBMC_400_F5_a.mzML
PXD026126	20180615_rmi049_75idPLRPS_APA_PBMC_700_F5_c_ms2.msalign	23	75	20180615_rmi049_75idPLRPS_APA_PBMC_700_F5_c.mzML
PXD026126	20180615_rmi049_75idPLRPS_APA_PBMC_400_F5_c_ms2.msalign	23	75	20180615_rmi049_75idPLRPS_APA_PBMC_400_F5_c.mzML
PXD026126	20180615_rmi049_75idPLRPS_APA_PBMC_100_F5_a_ms2.msalign	23	75	20180615_rmi049_75idPLRPS_APA_PBMC_100_F5_a.mzML
PXD026126	20180615_rmi049_75idPLRPS_APA_PBMC_100_F5_c_ms2.msalign	23	75	20180615_rmi049_75idPLRPS_APA_PBMC_100_F5_c.mzML
PXD026126	20180615_rmi049_75idPLRPS_APA_PBMC_200_F3_b_ms2.msalign	23	75	20180615_rmi049_75idPLRPS_APA_PBMC_200_F3_b.mzML
PXD026126	20180615_rmi049_75idPLRPS_APA_PBMC_200_F3_a_ms2.msalign	23	75	20180615_rmi049_75idPLRPS_APA_PBMC_200_F3_a.mzML
PXD026126	20180615_rmi049_75idPLRPS_APA_PBMC_100_F4_c_ms2.msalign	23	75	20180615_rmi049_75idPLRPS_APA_PBMC_100_F4_c.mzML
PXD026126	20180615_rmi049_75idPLRPS_APA_PBMC_700_F4_a_ms2.msalign	23	75	20180615_rmi049_75idPLRPS_APA_PBMC_700_F4_a.mzML
PXD026126	20180615_rmi049_75idPLRPS_APA_PBMC_100_F4_a_ms2.msalign	23	75	20180615_rmi049_75idPLRPS_APA_PBMC_100_F4_a.mzML
PXD026126	20180615_rmi049_75idPLRPS_APA_PBMC_200_F3_c_ms2.msalign	23	75	20180615_rmi049_75idPLRPS_APA_PBMC_200_F3_c.mzML
PXD026126	20180615_rmi049_75idPLRPS_APA_PBMC_FT_F6_a_ms2.msalign	23	75	20180615_rmi049_75idPLRPS_APA_PBMC_FT_F6_a.mzML
PXD026126	20180615_rmi049_75idPLRPS_APA_PBMC_700_F4_b_ms2.msalign	23	75	20180615_rmi049_75idPLRPS_APA_PBMC_700_F4_b.mzML
PXD026126	20180615_rmi049_75idPLRPS_APA_PBMC_100_F4_b_ms2.msalign	23	75	20180615_rmi049_75idPLRPS_APA_PBMC_100_F4_b.mzML
PXD026126	20180615_rmi049_75idPLRPS_APA_PBMC_700_F4_c_ms2.msalign	23	75	20180615_rmi049_75idPLRPS_APA_PBMC_700_F4_c.mzML
PXD026126	20180615_rmi049_75idPLRPS_APA_PBMC_FT_F5_a_ms2.msalign	23	75	20180615_rmi049_75idPLRPS_APA_PBMC_FT_F5_a.mzML
PXD026126	20180615_rmi049_75idPLRPS_APA_PBMC_FT_F6_b_ms2.msalign	23	75	20180615_rmi049_75idPLRPS_APA_PBMC_FT_F6_b.mzML
PXD026126	20180615_rmi049_75idPLRPS_APA_PBMC_FT_F6_c_ms2.msalign	23	75	20180615_rmi049_75idPLRPS_APA_PBMC_FT_F6_c.mzML
PXD026126	20180615_rmi049_75idPLRPS_APA_PBMC_FT_F5_b_ms2.msalign	23	75	20180615_rmi049_75idPLRPS_APA_PBMC_FT_F5_b.mzML
PXD026126	20180615_rmi049_75idPLRPS_APA_PBMC_FT_F5_c_ms2.msalign	23	75	20180615_rmi049_75idPLRPS_APA_PBMC_FT_F5_c.mzML
PXD026126	20180615_rmi049_75idPLRPS_APA_PBMC_400_F4_a_ms2.msalign	23	75	20180615_rmi049_75idPLRPS_APA_PBMC_400_F4_a.mzML
PXD026126	20180615_rmi049_75idPLRPS_APA_PBMC_400_F4_b_ms2.msalign	23	75	20180615_rmi049_75idPLRPS_APA_PBMC_400_F4_b.mzML
PXD026126	20180615_rmi049_75idPLRPS_APA_PBMC_400_F4_c_ms2.msalign	23	75	20180615_rmi049_75idPLRPS_APA_PBMC_400_F4_c.mzML
PXD026126	20180615_rmi049_75idPLRPS_APA_PBMC_200_F2_a_ms2.msalign	23	75	20180615_rmi049_75idPLRPS_APA_PBMC_200_F2_a.mzML
PXD026126	20180615_rmi049_75idPLRPS_APA_PBMC_200_F2_b_ms2.msalign	23	75	20180615_rmi049_75idPLRPS_APA_PBMC_200_F2_b.mzML
PXD026126	20180615_rmi049_75idPLRPS_APA_PBMC_FT_F4_a_ms2.msalign	23	75	20180615_rmi049_75idPLRPS_APA_PBMC_FT_F4_a.mzML
PXD026126	20180615_rmi049_75idPLRPS_APA_PBMC_FT_F4_c_ms2.msalign	23	75	20180615_rmi049_75idPLRPS_APA_PBMC_FT_F4_c.mzML
PXD026126	20180615_rmi049_75idPLRPS_APA_PBMC_700_F3_a_ms2.msalign	23	75	20180615_rmi049_75idPLRPS_APA_PBMC_700_F3_a.mzML
PXD026126	20180615_rmi049_75idPLRPS_APA_PBMC_700_F3_c_ms2.msalign	23	75	20180615_rmi049_75idPLRPS_APA_PBMC_700_F3_c.mzML
PXD026126	20180615_rmi049_75idPLRPS_APA_PBMC_200_F2_c_ms2.msalign	23	75	20180615_rmi049_75idPLRPS_APA_PBMC_200_F2_c.mzML
PXD026126	20180615_rmi049_75idPLRPS_APA_PBMC_700_F3_b_ms2.msalign	23	75	20180615_rmi049_75idPLRPS_APA_PBMC_700_F3_b.mzML
PXD026126	20180615_rmi049_75idPLRPS_APA_PBMC_FT_F4_b_ms2.msalign	23	75	20180615_rmi049_75idPLRPS_APA_PBMC_FT_F4_b.mzML
PXD026126	20180615_rmi049_75idPLRPS_APA_PBMC_400_F3_b_ms2.msalign	23	75	20180615_rmi049_75idPLRPS_APA_PBMC_400_F3_b.mzML
PXD026126	20180615_rmi049_75idPLRPS_APA_PBMC_400_F3_a_ms2.msalign	23	75	20180615_rmi049_75idPLRPS_APA_PBMC_400_F3_a.mzML
PXD026126	20180615_rmi049_75idPLRPS_APA_PBMC_400_F3_c_ms2.msalign	23	75	20180615_rmi049_75idPLRPS_APA_PBMC_400_F3_c.mzML
PXD026126	20180615_rmi049_75idPLRPS_APA_PBMC_100_F3_a_ms2.msalign	23	75	20180615_rmi049_75idPLRPS_APA_PBMC_100_F3_a.mzML
PXD026126	20180615_rmi049_75idPLRPS_APA_PBMC_100_F3_b_ms2.msalign	23	75	20180615_rmi049_75idPLRPS_APA_PBMC_100_F3_b.mzML
PXD026126	20180615_rmi049_75idPLRPS_APA_PBMC_100_F3_c_ms2.msalign	23	75	20180615_rmi049_75idPLRPS_APA_PBMC_100_F3_c.mzML
PXD026126	20180615_rmi049_75idPLRPS_APA_PBMC_FT_F3_a_ms2.msalign	23	75	20180615_rmi049_75idPLRPS_APA_PBMC_FT_F3_a.mzML
PXD026126	20180615_rmi049_75idPLRPS_APA_PBMC_200_F1_a_ms2.msalign	23	75	20180615_rmi049_75idPLRPS_APA_PBMC_200_F1_a.mzML
PXD026126	20180615_rmi049_75idPLRPS_APA_PBMC_200_F1_d_ms2.msalign	23	75	20180615_rmi049_75idPLRPS_APA_PBMC_200_F1_d.mzML
PXD026126	20180615_rmi049_75idPLRPS_APA_PBMC_200_F1_c_ms2.msalign	23	75	20180615_rmi049_75idPLRPS_APA_PBMC_200_F1_c.mzML
PXD026126	20180615_rmi049_75idPLRPS_APA_PBMC_FT_F3_b_ms2.msalign	23	75	20180615_rmi049_75idPLRPS_APA_PBMC_FT_F3_b.mzML
PXD026126	20180615_rmi049_75idPLRPS_APA_PBMC_FT_F3_c_ms2.msalign	23	75	20180615_rmi049_75idPLRPS_APA_PBMC_FT_F3_c.mzML
PXD026126	20180615_rmi049_75idPLRPS_APA_PBMC_FT_F2_a_ms2.msalign	23	75	20180615_rmi049_75idPLRPS_APA_PBMC_FT_F2_a.mzML
PXD026126	20180615_rmi049_75idPLRPS_APA_PBMC_400_F2_b_ms2.msalign	23	75	20180615_rmi049_75idPLRPS_APA_PBMC_400_F2_b.mzML
PXD026126	20180615_rmi049_75idPLRPS_APA_PBMC_700_F2_a_ms2.msalign	23	75	20180615_rmi049_75idPLRPS_APA_PBMC_700_F2_a.mzML
PXD026126	20180615_rmi049_75idPLRPS_APA_PBMC_FT_F2_b_ms2.msalign	23	75	20180615_rmi049_75idPLRPS_APA_PBMC_FT_F2_b.mzML
PXD026126	20180615_rmi049_75idPLRPS_APA_PBMC_700_F2_b_ms2.msalign	23	75	20180615_rmi049_75idPLRPS_APA_PBMC_700_F2_b.mzML
PXD026126	20180615_rmi049_75idPLRPS_APA_PBMC_400_F2_a_ms2.msalign	23	75	20180615_rmi049_75idPLRPS_APA_PBMC_400_F2_a.mzML
PXD026126	20180615_rmi049_75idPLRPS_APA_PBMC_700_F2_c_ms2.msalign	23	75	20180615_rmi049_75idPLRPS_APA_PBMC_700_F2_c.mzML
PXD026126	20180615_rmi049_75idPLRPS_APA_PBMC_FT_F2_c_ms2.msalign	23	75	20180615_rmi049_75idPLRPS_APA_PBMC_FT_F2_c.mzML
PXD026126	20180615_rmi049_75idPLRPS_APA_PBMC_400_F2_c_ms2.msalign	23	75	20180615_rmi049_75idPLRPS_APA_PBMC_400_F2_c.mzML
PXD026126	20180615_rmi049_75idPLRPS_APA_PBMC_FT_F1_a_ms2.msalign	23	75	20180615_rmi049_75idPLRPS_APA_PBMC_FT_F1_a.mzML
PXD026126	20180615_rmi049_75idPLRPS_APA_PBMC_FT_F1_c_ms2.msalign	23	75	20180615_rmi049_75idPLRPS_APA_PBMC_FT_F1_c.mzML
PXD026126	20180615_rmi049_75idPLRPS_APA_PBMC_400_F1_d_ms2.msalign	23	75	20180615_rmi049_75idPLRPS_APA_PBMC_400_F1_d.mzML
PXD026126	20180615_rmi049_75idPLRPS_APA_PBMC_FT_F1_b_ms2.msalign	23	75	20180615_rmi049_75idPLRPS_APA_PBMC_FT_F1_b.mzML
PXD026126	20180615_rmi049_75idPLRPS_APA_PBMC_700_F1_d_ms2.msalign	23	75	20180615_rmi049_75idPLRPS_APA_PBMC_700_F1_d.mzML
PXD026126	20180615_rmi049_75idPLRPS_APA_PBMC_700_F1_c_ms2.msalign	23	75	20180615_rmi049_75idPLRPS_APA_PBMC_700_F1_c.mzML
PXD026126	20180615_rmi049_75idPLRPS_APA_PBMC_400_F1_c_ms2.msalign	23	75	20180615_rmi049_75idPLRPS_APA_PBMC_400_F1_c.mzML
PXD026126	20180615_rmi049_75idPLRPS_APA_PBMC_700_F1_a_ms2.msalign	23	75	20180615_rmi049_75idPLRPS_APA_PBMC_700_F1_a.mzML
PXD026126	20180615_rmi049_75idPLRPS_APA_PBMC_400_F1_a_ms2.msalign	23	75	20180615_rmi049_75idPLRPS_APA_PBMC_400_F1_a.mzML
PXD026126	20180615_rmi049_75idPLRPS_APA_PBMC_100_F2_a_ms2.msalign	23	75	20180615_rmi049_75idPLRPS_APA_PBMC_100_F2_a.mzML
PXD026126	20180615_rmi049_75idPLRPS_APA_PBMC_100_F2_c_ms2.msalign	23	75	20180615_rmi049_75idPLRPS_APA_PBMC_100_F2_c.mzML
PXD026126	20180615_rmi049_75idPLRPS_APA_PBMC_100_F2_b_ms2.msalign	23	75	20180615_rmi049_75idPLRPS_APA_PBMC_100_F2_b.mzML
PXD026126	20180615_rmi049_75idPLRPS_APA_PBMC_100_F1_c_ms2.msalign	23	75	20180615_rmi049_75idPLRPS_APA_PBMC_100_F1_c.mzML
PXD026126	20180615_rmi049_75idPLRPS_APA_PBMC_100_F1_d_ms2.msalign	23	75	20180615_rmi049_75idPLRPS_APA_PBMC_100_F1_d.mzML
PXD026126	20180615_rmi049_75idPLRPS_APA_PBMC_100_F1_a_ms2.msalign	23	75	20180615_rmi049_75idPLRPS_APA_PBMC_100_F1_a.mzML
PXD026128	081018_RVG262_PGAFF_RP4H_Neutros_GelFREE_8pF1_FAIMS_CV_-120_010_-120_ms2.msalign	23	76	081018_RVG262_PGAFF_RP4H_Neutros_GelFREE_8pF1_FAIMS_CV_-120_010.mzML
PXD026128	081018_RVG262_PGAFF_RP4H_Neutros_GelFREE_8pF1_FAIMS_CV_-110_013_-110_ms2.msalign	23	76	081018_RVG262_PGAFF_RP4H_Neutros_GelFREE_8pF1_FAIMS_CV_-110_013.mzML
PXD026128	081018_RVG262_PGAFF_RP4H_Neutros_GelFREE_8pF1_FAIMS_CV_-100_015_-100_ms2.msalign	23	76	081018_RVG262_PGAFF_RP4H_Neutros_GelFREE_8pF1_FAIMS_CV_-100_015.mzML
PXD026128	081018_RVG262_PGAFF_RP4H_Neutros_GelFREE_8pF1_FAIMS_CV_60_008_60_ms2.msalign	23	76	081018_RVG262_PGAFF_RP4H_Neutros_GelFREE_8pF1_FAIMS_CV_60_008.mzML
PXD026128	081018_RVG262_PGAFF_RP4H_Neutros_GelFREE_8pF1_FAIMS_CV_-90_017_-90_ms2.msalign	23	76	081018_RVG262_PGAFF_RP4H_Neutros_GelFREE_8pF1_FAIMS_CV_-90_017.mzML
PXD026128	081018_RVG262_PGAFF_RP4H_Neutros_GelFREE_8pF1_FAIMS_CV_50_012_50_ms2.msalign	23	76	081018_RVG262_PGAFF_RP4H_Neutros_GelFREE_8pF1_FAIMS_CV_50_012.mzML
PXD026128	081018_RVG262_PGAFF_RP4H_Neutros_GelFREE_8pF1_FAIMS_CV_-80_011_-80_ms2.msalign	23	76	081018_RVG262_PGAFF_RP4H_Neutros_GelFREE_8pF1_FAIMS_CV_-80_011.mzML
PXD026128	081018_RVG262_PGAFF_RP4H_Neutros_GelFREE_8pF1_FAIMS_CV_40_006_40_ms2.msalign	23	76	081018_RVG262_PGAFF_RP4H_Neutros_GelFREE_8pF1_FAIMS_CV_40_006.mzML
PXD026128	081018_RVG262_PGAFF_RP4H_Neutros_GelFREE_8pF1_FAIMS_CV_30_014_30_ms2.msalign	23	76	081018_RVG262_PGAFF_RP4H_Neutros_GelFREE_8pF1_FAIMS_CV_30_014.mzML
PXD026128	081018_RVG262_PGAFF_RP4H_Neutros_GelFREE_8pF1_FAIMS_CV_20_004_20_ms2.msalign	23	76	081018_RVG262_PGAFF_RP4H_Neutros_GelFREE_8pF1_FAIMS_CV_20_004.mzML
PXD026128	081018_RVG262_PGAFF_RP4H_Neutros_GelFREE_8pF1FAIMS_CV_10_016_10_ms2.msalign	23	76	081018_RVG262_PGAFF_RP4H_Neutros_GelFREE_8pF1FAIMS_CV_10_016.mzML
PXD026128	081018_RVG262_PGAFF_RP4H_Neutros_GelFREE_8pF1_FAIMS_CV_-70_021_-70_ms2.msalign	23	76	081018_RVG262_PGAFF_RP4H_Neutros_GelFREE_8pF1_FAIMS_CV_-70_021.mzML
PXD026128	081018_RVG262_PGAFF_RP4H_Neutros_GelFREE_8pF1_FAIMS_CV_0_003_0_ms2.msalign	23	76	081018_RVG262_PGAFF_RP4H_Neutros_GelFREE_8pF1_FAIMS_CV_0_003.mzML
PXD026128	081018_RVG262_PGAFF_RP4H_Neutros_GelFREE_8pF1_FAIMS_CV_-10_018_-10_ms2.msalign	23	76	081018_RVG262_PGAFF_RP4H_Neutros_GelFREE_8pF1_FAIMS_CV_-10_018.mzML
PXD026128	081018_RVG262_PGAFF_RP4H_Neutros_GelFREE_8pF1_FAIMS_CV_-60_009_-60_ms2.msalign	23	76	081018_RVG262_PGAFF_RP4H_Neutros_GelFREE_8pF1_FAIMS_CV_-60_009.mzML
PXD026128	081018_RVG262_PGAFF_RP4H_Neutros_GelFREE_8pF1_FAIMS_CV_-50_019_-50_ms2.msalign	23	76	081018_RVG262_PGAFF_RP4H_Neutros_GelFREE_8pF1_FAIMS_CV_-50_019.mzML
PXD026128	081018_RVG262_PGAFF_RP4H_Neutros_GelFREE_8pF1_FAIMS_CV_-20_005_-20_ms2.msalign	23	76	081018_RVG262_PGAFF_RP4H_Neutros_GelFREE_8pF1_FAIMS_CV_-20_005.mzML
PXD026128	081018_RVG262_PGAFF_RP4H_Neutros_GelFREE_8pF1_FAIMS_CV_-40_007_-40_ms2.msalign	23	76	081018_RVG262_PGAFF_RP4H_Neutros_GelFREE_8pF1_FAIMS_CV_-40_007.mzML
PXD026128	081018_RVG262_PGAFF_RP4H_Neutros_GelFREE_8pF1_FAIMS_CV_-30_020_-30_ms2.msalign	23	76	081018_RVG262_PGAFF_RP4H_Neutros_GelFREE_8pF1_FAIMS_CV_-30_020.mzML
PXD026129	LCA_11172018_APA_NK_C8_02_ms2.msalign	23	77	LCA_11172018_APA_NK_C8_02.mzML
PXD026129	LCA_11172018_APA_NK_C7_02_ms2.msalign	23	77	LCA_11172018_APA_NK_C7_02.mzML
PXD026129	LCA_11172018_APA_NK_C8_01_ms2.msalign	23	77	LCA_11172018_APA_NK_C8_01.mzML
PXD026129	LCA_11172018_APA_NK_C7_01_ms2.msalign	23	77	LCA_11172018_APA_NK_C7_01.mzML
PXD026129	20180817_rmi049_75idPLRPS_APA_NK_Cyto_F1_b_ms2.msalign	23	77	20180817_rmi049_75idPLRPS_APA_NK_Cyto_F1_b.mzML
PXD026129	20180817_rmi049_75idPLRPS_APA_NK_Cyto_F1_c_ms2.msalign	23	77	20180817_rmi049_75idPLRPS_APA_NK_Cyto_F1_c.mzML
PXD026129	20180817_rmi049_75idPLRPS_APA_NK_Cyto_F2_c_ms2.msalign	23	77	20180817_rmi049_75idPLRPS_APA_NK_Cyto_F2_c.mzML
PXD026129	20180817_rmi049_75idPLRPS_APA_NK_Cyto_F2_b_ms2.msalign	23	77	20180817_rmi049_75idPLRPS_APA_NK_Cyto_F2_b.mzML
PXD026129	20180817_rmi049_75idPLRPS_APA_NK_Cyto_F2_a_ms2.msalign	23	77	20180817_rmi049_75idPLRPS_APA_NK_Cyto_F2_a.mzML
PXD026129	20180817_rmi049_75idPLRPS_APA_NK_Cyto_F1_a_20180818060053_ms2.msalign	23	77	20180817_rmi049_75idPLRPS_APA_NK_Cyto_F1_a_20180818060053.mzML
PXD026129	20180821_rmi049_75idPLRPS_APA_NK_Nucl_F3_c_ms2.msalign	23	77	20180821_rmi049_75idPLRPS_APA_NK_Nucl_F3_c.mzML
PXD026129	20180821_rmi049_75idPLRPS_APA_NK_Nucl_F3_b_ms2.msalign	23	77	20180821_rmi049_75idPLRPS_APA_NK_Nucl_F3_b.mzML
PXD026129	20180817_rmi049_75idPLRPS_APA_NK_Cyto_F3_a_ms2.msalign	23	77	20180817_rmi049_75idPLRPS_APA_NK_Cyto_F3_a.mzML
PXD026129	20180817_rmi049_75idPLRPS_APA_NK_Cyto_F3_b_ms2.msalign	23	77	20180817_rmi049_75idPLRPS_APA_NK_Cyto_F3_b.mzML
PXD026129	20180821_rmi049_75idPLRPS_APA_NK_Nucl_F3_a_ms2.msalign	23	77	20180821_rmi049_75idPLRPS_APA_NK_Nucl_F3_a.mzML
PXD026129	20180817_rmi049_75idPLRPS_APA_NK_Cyto_F3_c_ms2.msalign	23	77	20180817_rmi049_75idPLRPS_APA_NK_Cyto_F3_c.mzML
PXD026129	20180821_rmi049_75idPLRPS_APA_NK_Nucl_F4_c_ms2.msalign	23	77	20180821_rmi049_75idPLRPS_APA_NK_Nucl_F4_c.mzML
PXD026129	20180821_rmi049_75idPLRPS_APA_NK_Nucl_F4_b_ms2.msalign	23	77	20180821_rmi049_75idPLRPS_APA_NK_Nucl_F4_b.mzML
PXD026129	20180821_rmi049_75idPLRPS_APA_NK_Nucl_F4_a_ms2.msalign	23	77	20180821_rmi049_75idPLRPS_APA_NK_Nucl_F4_a.mzML
PXD026129	20180817_rmi049_75idPLRPS_APA_NK_Cyto_F4_a_ms2.msalign	23	77	20180817_rmi049_75idPLRPS_APA_NK_Cyto_F4_a.mzML
PXD026129	20180821_rmi049_75idPLRPS_APA_NK_Nucl_F2_a_ms2.msalign	23	77	20180821_rmi049_75idPLRPS_APA_NK_Nucl_F2_a.mzML
PXD026129	20180821_rmi049_75idPLRPS_APA_NK_Nucl_F2_b_ms2.msalign	23	77	20180821_rmi049_75idPLRPS_APA_NK_Nucl_F2_b.mzML
PXD026129	20180821_rmi049_75idPLRPS_APA_NK_Nucl_F2_c_ms2.msalign	23	77	20180821_rmi049_75idPLRPS_APA_NK_Nucl_F2_c.mzML
PXD026129	20180817_rmi049_75idPLRPS_APA_NK_Cyto_F4_c_ms2.msalign	23	77	20180817_rmi049_75idPLRPS_APA_NK_Cyto_F4_c.mzML
PXD026129	20180817_rmi049_75idPLRPS_APA_NK_Cyto_F4_b_ms2.msalign	23	77	20180817_rmi049_75idPLRPS_APA_NK_Cyto_F4_b.mzML
PXD026129	20180821_rmi049_75idPLRPS_APA_NK_Nucl_F1_a_ms2.msalign	23	77	20180821_rmi049_75idPLRPS_APA_NK_Nucl_F1_a.mzML
PXD026129	20180821_rmi049_75idPLRPS_APA_NK_Nucl_F1_b_ms2.msalign	23	77	20180821_rmi049_75idPLRPS_APA_NK_Nucl_F1_b.mzML
PXD026129	20180821_rmi049_75idPLRPS_APA_NK_Nucl_F1_c_ms2.msalign	23	77	20180821_rmi049_75idPLRPS_APA_NK_Nucl_F1_c.mzML
PXD026130	20180927_rmi049_75idPLRPS_APA_Macrophage_Nuc_F4_b_ms2.msalign	23	78	20180927_rmi049_75idPLRPS_APA_Macrophage_Nuc_F4_b.mzML
PXD026130	20180927_rmi049_75idPLRPS_APA_Macrophage_Nuc_F4_a_ms2.msalign	23	78	20180927_rmi049_75idPLRPS_APA_Macrophage_Nuc_F4_a.mzML
PXD026130	20180927_rmi049_75idPLRPS_APA_Macrophage_Nuc_F4_c_ms2.msalign	23	78	20180927_rmi049_75idPLRPS_APA_Macrophage_Nuc_F4_c.mzML
PXD026130	20180927_rmi049_75idPLRPS_APA_Macrophage_Nuc_F3_b_ms2.msalign	23	78	20180927_rmi049_75idPLRPS_APA_Macrophage_Nuc_F3_b.mzML
PXD026130	20180927_rmi049_75idPLRPS_APA_Macrophage_Nuc_F3_c_ms2.msalign	23	78	20180927_rmi049_75idPLRPS_APA_Macrophage_Nuc_F3_c.mzML
PXD026130	20180927_rmi049_75idPLRPS_APA_Macrophage_Nuc_F3_a_ms2.msalign	23	78	20180927_rmi049_75idPLRPS_APA_Macrophage_Nuc_F3_a.mzML
PXD026130	20180927_rmi049_75idPLRPS_APA_Macrophage_Nuc_F2_c_ms2.msalign	23	78	20180927_rmi049_75idPLRPS_APA_Macrophage_Nuc_F2_c.mzML
PXD026130	20180927_rmi049_75idPLRPS_APA_Macrophage_Nuc_F2_a_ms2.msalign	23	78	20180927_rmi049_75idPLRPS_APA_Macrophage_Nuc_F2_a.mzML
PXD026130	20180927_rmi049_75idPLRPS_APA_Macrophage_Nuc_F2_b_ms2.msalign	23	78	20180927_rmi049_75idPLRPS_APA_Macrophage_Nuc_F2_b.mzML
PXD026130	20180927_rmi049_75idPLRPS_APA_Macrophage_Nuc_F1_c_ms2.msalign	23	78	20180927_rmi049_75idPLRPS_APA_Macrophage_Nuc_F1_c.mzML
PXD026130	20180927_rmi049_75idPLRPS_APA_Macrophage_Nuc_F1_b_ms2.msalign	23	78	20180927_rmi049_75idPLRPS_APA_Macrophage_Nuc_F1_b.mzML
PXD026130	20180927_rmi049_75idPLRPS_APA_Macrophage_Nuc_F1_a_ms2.msalign	23	78	20180927_rmi049_75idPLRPS_APA_Macrophage_Nuc_F1_a.mzML
PXD026130	20180920_rmi049_75idPLRPS_APA_Macrophage_Cyto_F4_c_ms2.msalign	23	78	20180920_rmi049_75idPLRPS_APA_Macrophage_Cyto_F4_c.mzML
PXD026130	20180920_rmi049_75idPLRPS_APA_Macrophage_Cyto_F4_b_ms2.msalign	23	78	20180920_rmi049_75idPLRPS_APA_Macrophage_Cyto_F4_b.mzML
PXD026130	20180920_rmi049_75idPLRPS_APA_Macrophage_Cyto_F4_a_ms2.msalign	23	78	20180920_rmi049_75idPLRPS_APA_Macrophage_Cyto_F4_a.mzML
PXD026130	20180920_rmi049_75idPLRPS_APA_Macrophage_Cyto_F3_a_ms2.msalign	23	78	20180920_rmi049_75idPLRPS_APA_Macrophage_Cyto_F3_a.mzML
PXD026130	20180920_rmi049_75idPLRPS_APA_Macrophage_Cyto_F3_b_ms2.msalign	23	78	20180920_rmi049_75idPLRPS_APA_Macrophage_Cyto_F3_b.mzML
PXD026130	20180920_rmi049_75idPLRPS_APA_Macrophage_Cyto_F1_a_ms2.msalign	23	78	20180920_rmi049_75idPLRPS_APA_Macrophage_Cyto_F1_a.mzML
PXD026130	20180920_rmi049_75idPLRPS_APA_Macrophage_Cyto_F1_c_ms2.msalign	23	78	20180920_rmi049_75idPLRPS_APA_Macrophage_Cyto_F1_c.mzML
PXD026130	20180920_rmi049_75idPLRPS_APA_Macrophage_Cyto_F1_b_ms2.msalign	23	78	20180920_rmi049_75idPLRPS_APA_Macrophage_Cyto_F1_b.mzML
PXD026130	20180920_rmi049_75idPLRPS_APA_Macrophage_Cyto_F3_c_ms2.msalign	23	78	20180920_rmi049_75idPLRPS_APA_Macrophage_Cyto_F3_c.mzML
PXD026130	20180920_rmi049_75idPLRPS_APA_Macrophage_Cyto_F2_a_ms2.msalign	23	78	20180920_rmi049_75idPLRPS_APA_Macrophage_Cyto_F2_a.mzML
PXD026130	20180920_rmi049_75idPLRPS_APA_Macrophage_Cyto_F2_b_ms2.msalign	23	78	20180920_rmi049_75idPLRPS_APA_Macrophage_Cyto_F2_b.mzML
PXD026130	20180920_rmi049_75idPLRPS_APA_Macrophage_Cyto_F2_c_ms2.msalign	23	78	20180920_rmi049_75idPLRPS_APA_Macrophage_Cyto_F2_c.mzML
PXD026131	20180929_rmi049_75idPLRPS_APA_DC_Nuc_F3_c_ms2.msalign	23	79	20180929_rmi049_75idPLRPS_APA_DC_Nuc_F3_c.mzML
PXD026131	20180929_rmi049_75idPLRPS_APA_DC_Nuc_F3_b_ms2.msalign	23	79	20180929_rmi049_75idPLRPS_APA_DC_Nuc_F3_b.mzML
PXD026131	20180929_rmi049_75idPLRPS_APA_DC_Nuc_F3_a_ms2.msalign	23	79	20180929_rmi049_75idPLRPS_APA_DC_Nuc_F3_a.mzML
PXD026131	20180929_rmi049_75idPLRPS_APA_DC_Nuc_F4_a_ms2.msalign	23	79	20180929_rmi049_75idPLRPS_APA_DC_Nuc_F4_a.mzML
PXD026131	20180929_rmi049_75idPLRPS_APA_DC_Nuc_F4_b_ms2.msalign	23	79	20180929_rmi049_75idPLRPS_APA_DC_Nuc_F4_b.mzML
PXD026131	20180923_rmi049_75idPLRPS_APA_DC_Cyto_F4_c_ms2.msalign	23	79	20180923_rmi049_75idPLRPS_APA_DC_Cyto_F4_c.mzML
PXD026131	20180929_rmi049_75idPLRPS_APA_DC_Nuc_F4_c_ms2.msalign	23	79	20180929_rmi049_75idPLRPS_APA_DC_Nuc_F4_c.mzML
PXD026131	20180923_rmi049_75idPLRPS_APA_DC_Cyto_F4_b_ms2.msalign	23	79	20180923_rmi049_75idPLRPS_APA_DC_Cyto_F4_b.mzML
PXD026131	20180923_rmi049_75idPLRPS_APA_DC_Cyto_F4_a_ms2.msalign	23	79	20180923_rmi049_75idPLRPS_APA_DC_Cyto_F4_a.mzML
PXD026131	20180923_rmi049_75idPLRPS_APA_DC_Cyto_F3_b_ms2.msalign	23	79	20180923_rmi049_75idPLRPS_APA_DC_Cyto_F3_b.mzML
PXD026131	20180923_rmi049_75idPLRPS_APA_DC_Cyto_F3_a_ms2.msalign	23	79	20180923_rmi049_75idPLRPS_APA_DC_Cyto_F3_a.mzML
PXD026131	20180923_rmi049_75idPLRPS_APA_DC_Cyto_F3_c_ms2.msalign	23	79	20180923_rmi049_75idPLRPS_APA_DC_Cyto_F3_c.mzML
PXD026131	20181002_rmi049_75idPLRPS_APA_DC_Nuc_F2_a_ms2.msalign	23	79	20181002_rmi049_75idPLRPS_APA_DC_Nuc_F2_a.mzML
PXD026131	20181002_rmi049_75idPLRPS_APA_DC_Nuc_F2_b_ms2.msalign	23	79	20181002_rmi049_75idPLRPS_APA_DC_Nuc_F2_b.mzML
PXD026131	20181002_rmi049_75idPLRPS_APA_DC_Nuc_F2_c_ms2.msalign	23	79	20181002_rmi049_75idPLRPS_APA_DC_Nuc_F2_c.mzML
PXD026131	20181002_rmi049_75idPLRPS_APA_DC_Nuc_F1_c_ms2.msalign	23	79	20181002_rmi049_75idPLRPS_APA_DC_Nuc_F1_c.mzML
PXD026131	20181002_rmi049_75idPLRPS_APA_DC_Nuc_F1_a_ms2.msalign	23	79	20181002_rmi049_75idPLRPS_APA_DC_Nuc_F1_a.mzML
PXD026131	20181002_rmi049_75idPLRPS_APA_DC_Nuc_F1_b_ms2.msalign	23	79	20181002_rmi049_75idPLRPS_APA_DC_Nuc_F1_b.mzML
PXD026131	20180923_rmi049_75idPLRPS_APA_DC_Cyto_F2_a_ms2.msalign	23	79	20180923_rmi049_75idPLRPS_APA_DC_Cyto_F2_a.mzML
PXD026131	20180923_rmi049_75idPLRPS_APA_DC_Cyto_F2_b_ms2.msalign	23	79	20180923_rmi049_75idPLRPS_APA_DC_Cyto_F2_b.mzML
PXD026131	20180923_rmi049_75idPLRPS_APA_DC_Cyto_F2_c_ms2.msalign	23	79	20180923_rmi049_75idPLRPS_APA_DC_Cyto_F2_c.mzML
PXD026131	20180923_rmi049_75idPLRPS_APA_DC_Cyto_F1_c_ms2.msalign	23	79	20180923_rmi049_75idPLRPS_APA_DC_Cyto_F1_c.mzML
PXD026131	20180923_rmi049_75idPLRPS_APA_DC_Cyto_F1_b_ms2.msalign	23	79	20180923_rmi049_75idPLRPS_APA_DC_Cyto_F1_b.mzML
PXD026131	20180923_rmi049_75idPLRPS_APA_DC_Cyto_F1_a_ms2.msalign	23	79	20180923_rmi049_75idPLRPS_APA_DC_Cyto_F1_a.mzML
PXD026132	LCA_11182018_APA_DS10_Eos_F8p2_01_ms2.msalign	23	80	LCA_11182018_APA_DS10_Eos_F8p2_01.mzML
PXD026132	LCA_11182018_APA_DS10_Eos_F8p2_02_ms2.msalign	23	80	LCA_11182018_APA_DS10_Eos_F8p2_02.mzML
PXD026132	LCA_11182018_APA_DS10_Eos_F7p2_02_ms2.msalign	23	80	LCA_11182018_APA_DS10_Eos_F7p2_02.mzML
PXD026132	LCA_11182018_APA_DS10_Eos_F7p2_01_ms2.msalign	23	80	LCA_11182018_APA_DS10_Eos_F7p2_01.mzML
PXD026132	20180925_rmi049_75idPLRPS_APA_EOS_Cyto_F4_a_ms2.msalign	23	80	20180925_rmi049_75idPLRPS_APA_EOS_Cyto_F4_a.mzML
PXD026132	20180925_rmi049_75idPLRPS_APA_EOS_Cyto_F4_c_ms2.msalign	23	80	20180925_rmi049_75idPLRPS_APA_EOS_Cyto_F4_c.mzML
PXD026132	20180925_rmi049_75idPLRPS_APA_EOS_Cyto_F4_b_ms2.msalign	23	80	20180925_rmi049_75idPLRPS_APA_EOS_Cyto_F4_b.mzML
PXD026132	20180930_rmi049_75idPLRPS_APA_EOS_Nuc_F2_a_ms2.msalign	23	80	20180930_rmi049_75idPLRPS_APA_EOS_Nuc_F2_a.mzML
PXD026132	20180930_rmi049_75idPLRPS_APA_EOS_Nuc_F4_b_ms2.msalign	23	80	20180930_rmi049_75idPLRPS_APA_EOS_Nuc_F4_b.mzML
PXD026132	20180930_rmi049_75idPLRPS_APA_EOS_Nuc_F4_a_ms2.msalign	23	80	20180930_rmi049_75idPLRPS_APA_EOS_Nuc_F4_a.mzML
PXD026132	20180930_rmi049_75idPLRPS_APA_EOS_Nuc_F4_c_ms2.msalign	23	80	20180930_rmi049_75idPLRPS_APA_EOS_Nuc_F4_c.mzML
PXD026132	20180925_rmi049_75idPLRPS_APA_EOS_Cyto_F2_c_ms2.msalign	23	80	20180925_rmi049_75idPLRPS_APA_EOS_Cyto_F2_c.mzML
PXD026132	20180925_rmi049_75idPLRPS_APA_EOS_Cyto_F2_b_ms2.msalign	23	80	20180925_rmi049_75idPLRPS_APA_EOS_Cyto_F2_b.mzML
PXD026132	20180925_rmi049_75idPLRPS_APA_EOS_Cyto_F2_a_ms2.msalign	23	80	20180925_rmi049_75idPLRPS_APA_EOS_Cyto_F2_a.mzML
PXD026132	20180925_rmi049_75idPLRPS_APA_EOS_Cyto_F3_a_ms2.msalign	23	80	20180925_rmi049_75idPLRPS_APA_EOS_Cyto_F3_a.mzML
PXD026132	20180930_rmi049_75idPLRPS_APA_EOS_Nuc_F2_b_ms2.msalign	23	80	20180930_rmi049_75idPLRPS_APA_EOS_Nuc_F2_b.mzML
PXD026132	20180930_rmi049_75idPLRPS_APA_EOS_Nuc_F1_c_ms2.msalign	23	80	20180930_rmi049_75idPLRPS_APA_EOS_Nuc_F1_c.mzML
PXD026132	20180925_rmi049_75idPLRPS_APA_EOS_Cyto_F3_b_ms2.msalign	23	80	20180925_rmi049_75idPLRPS_APA_EOS_Cyto_F3_b.mzML
PXD026132	20180925_rmi049_75idPLRPS_APA_EOS_Cyto_F3_c_ms2.msalign	23	80	20180925_rmi049_75idPLRPS_APA_EOS_Cyto_F3_c.mzML
PXD026132	20180930_rmi049_75idPLRPS_APA_EOS_Nuc_F3_a_ms2.msalign	23	80	20180930_rmi049_75idPLRPS_APA_EOS_Nuc_F3_a.mzML
PXD026132	20180930_rmi049_75idPLRPS_APA_EOS_Nuc_F1_b_ms2.msalign	23	80	20180930_rmi049_75idPLRPS_APA_EOS_Nuc_F1_b.mzML
PXD026132	20180930_rmi049_75idPLRPS_APA_EOS_Nuc_F3_c_ms2.msalign	23	80	20180930_rmi049_75idPLRPS_APA_EOS_Nuc_F3_c.mzML
PXD026132	20180930_rmi049_75idPLRPS_APA_EOS_Nuc_F3_b_ms2.msalign	23	80	20180930_rmi049_75idPLRPS_APA_EOS_Nuc_F3_b.mzML
PXD026132	20180930_rmi049_75idPLRPS_APA_EOS_Nuc_F2_c_ms2.msalign	23	80	20180930_rmi049_75idPLRPS_APA_EOS_Nuc_F2_c.mzML
PXD026132	20180930_rmi049_75idPLRPS_APA_EOS_Nuc_F1_a_ms2.msalign	23	80	20180930_rmi049_75idPLRPS_APA_EOS_Nuc_F1_a.mzML
PXD026132	20180925_rmi049_75idPLRPS_APA_EOS_Cyto_F1_c_ms2.msalign	23	80	20180925_rmi049_75idPLRPS_APA_EOS_Cyto_F1_c.mzML
PXD026132	20180925_rmi049_75idPLRPS_APA_EOS_Cyto_F1_a_ms2.msalign	23	80	20180925_rmi049_75idPLRPS_APA_EOS_Cyto_F1_a.mzML
PXD026132	20180925_rmi049_75idPLRPS_APA_EOS_Cyto_F1_b_ms2.msalign	23	80	20180925_rmi049_75idPLRPS_APA_EOS_Cyto_F1_b.mzML
PXD026133	081418_RVG262_PGAFF_RP4H_Neutros_200_FAIMS_CV_-20-10-0_051_0_ms2.msalign	23	81	081418_RVG262_PGAFF_RP4H_Neutros_200_FAIMS_CV_-20-10-0_051.mzML
PXD026133	081418_RVG262_PGAFF_RP4H_Neutros_FT_FAIMS_CV_-20-10-0_047_-10_ms2.msalign	23	81	081418_RVG262_PGAFF_RP4H_Neutros_FT_FAIMS_CV_-20-10-0_047.mzML
PXD026133	081418_RVG262_PGAFF_RP4H_Neutros_FT_FAIMS_CV_-20-10-0_047_0_ms2.msalign	23	81	081418_RVG262_PGAFF_RP4H_Neutros_FT_FAIMS_CV_-20-10-0_047.mzML
PXD026133	081418_RVG262_PGAFF_RP4H_Neutros_200_FAIMS_CV_-20-10-0_051_-10_ms2.msalign	23	81	081418_RVG262_PGAFF_RP4H_Neutros_200_FAIMS_CV_-20-10-0_051.mzML
PXD026133	081418_RVG262_PGAFF_RP4H_Neutros_FT_FAIMS_CV_-50-40-30_046_-30_ms2.msalign	23	81	081418_RVG262_PGAFF_RP4H_Neutros_FT_FAIMS_CV_-50-40-30_046.mzML
PXD026133	081418_RVG262_PGAFF_RP4H_Neutros_200_FAIMS_CV_-20-10-0_051_-20_ms2.msalign	23	81	081418_RVG262_PGAFF_RP4H_Neutros_200_FAIMS_CV_-20-10-0_051.mzML
PXD026133	081418_RVG262_PGAFF_RP4H_Neutros_FT_FAIMS_CV_-20-10-0_047_-20_ms2.msalign	23	81	081418_RVG262_PGAFF_RP4H_Neutros_FT_FAIMS_CV_-20-10-0_047.mzML
PXD026133	081418_RVG262_PGAFF_RP4H_Neutros_500_FAIMS_CV_-20-10-0_055_0_ms2.msalign	23	81	081418_RVG262_PGAFF_RP4H_Neutros_500_FAIMS_CV_-20-10-0_055.mzML
PXD026133	081418_RVG262_PGAFF_RP4H_Neutros_500_FAIMS_CV_-20-10-0_055_-20_ms2.msalign	23	81	081418_RVG262_PGAFF_RP4H_Neutros_500_FAIMS_CV_-20-10-0_055.mzML
PXD026133	081418_RVG262_PGAFF_RP4H_Neutros_200_FAIMS_CV_-50-40-30_050_-30_ms2.msalign	23	81	081418_RVG262_PGAFF_RP4H_Neutros_200_FAIMS_CV_-50-40-30_050.mzML
PXD026133	081418_RVG262_PGAFF_RP4H_Neutros_500_FAIMS_CV_-20-10-0_055_-10_ms2.msalign	23	81	081418_RVG262_PGAFF_RP4H_Neutros_500_FAIMS_CV_-20-10-0_055.mzML
PXD026133	081418_RVG262_PGAFF_RP4H_Neutros_FT_FAIMS_CV_-50-40-30_046_-50_ms2.msalign	23	81	081418_RVG262_PGAFF_RP4H_Neutros_FT_FAIMS_CV_-50-40-30_046.mzML
PXD026133	081418_RVG262_PGAFF_RP4H_Neutros_1000_FAIMS_CV_-20-10-0_061_-10_ms2.msalign	23	81	081418_RVG262_PGAFF_RP4H_Neutros_1000_FAIMS_CV_-20-10-0_061.mzML
PXD026133	081418_RVG262_PGAFF_RP4H_Neutros_FT_FAIMS_CV_-50-40-30_046_-40_ms2.msalign	23	81	081418_RVG262_PGAFF_RP4H_Neutros_FT_FAIMS_CV_-50-40-30_046.mzML
PXD026133	081418_RVG262_PGAFF_RP4H_Neutros_1000_FAIMS_CV_-50-40-30_060_-30_ms2.msalign	23	81	081418_RVG262_PGAFF_RP4H_Neutros_1000_FAIMS_CV_-50-40-30_060.mzML
PXD026133	081418_RVG262_PGAFF_RP4H_Neutros_1000_FAIMS_CV_-20-10-0_061_0_ms2.msalign	23	81	081418_RVG262_PGAFF_RP4H_Neutros_1000_FAIMS_CV_-20-10-0_061.mzML
PXD026133	081418_RVG262_PGAFF_RP4H_Neutros_FT_FAIMS_CV_-120_031_-120_ms2.msalign	23	81	081418_RVG262_PGAFF_RP4H_Neutros_FT_FAIMS_CV_-120_031.mzML
PXD026133	081418_RVG262_PGAFF_RP4H_Neutros_1000_FAIMS_CV_-20-10-0_061_-20_ms2.msalign	23	81	081418_RVG262_PGAFF_RP4H_Neutros_1000_FAIMS_CV_-20-10-0_061.mzML
PXD026133	081418_RVG262_PGAFF_RP4H_Neutros_1000_FAIMS_CV_-50-40-30_060_-40_ms2.msalign	23	81	081418_RVG262_PGAFF_RP4H_Neutros_1000_FAIMS_CV_-50-40-30_060.mzML
PXD026133	081418_RVG262_PGAFF_RP4H_Neutros_200_FAIMS_CV_-50-40-30_050_-40_ms2.msalign	23	81	081418_RVG262_PGAFF_RP4H_Neutros_200_FAIMS_CV_-50-40-30_050.mzML
PXD026133	081418_RVG262_PGAFF_RP4H_Neutros_1000_FAIMS_CV_-50-40-30_060_-50_ms2.msalign	23	81	081418_RVG262_PGAFF_RP4H_Neutros_1000_FAIMS_CV_-50-40-30_060.mzML
PXD026133	081418_RVG262_PGAFF_RP4H_Neutros_500__FAIMS_CV_-50-40-30_054_-30_ms2.msalign	23	81	081418_RVG262_PGAFF_RP4H_Neutros_500__FAIMS_CV_-50-40-30_054.mzML
PXD026133	081418_RVG262_PGAFF_RP4H_Neutros_FT_FAIMS_CV_-110_034_-110_ms2.msalign	23	81	081418_RVG262_PGAFF_RP4H_Neutros_FT_FAIMS_CV_-110_034.mzML
PXD026133	081418_RVG262_PGAFF_RP4H_Neutros_500__FAIMS_CV_-50-40-30_054_-50_ms2.msalign	23	81	081418_RVG262_PGAFF_RP4H_Neutros_500__FAIMS_CV_-50-40-30_054.mzML
PXD026133	081418_RVG262_PGAFF_RP4H_Neutros_200_FAIMS_CV_-50-40-30_050_-50_ms2.msalign	23	81	081418_RVG262_PGAFF_RP4H_Neutros_200_FAIMS_CV_-50-40-30_050.mzML
PXD026133	081418_RVG262_PGAFF_RP4H_Neutros_500__FAIMS_CV_-50-40-30_054_-40_ms2.msalign	23	81	081418_RVG262_PGAFF_RP4H_Neutros_500__FAIMS_CV_-50-40-30_054.mzML
PXD026133	081418_RVG262_PGAFF_RP4H_Neutros_FT_FAIMS_CV_-100_036_-100_ms2.msalign	23	81	081418_RVG262_PGAFF_RP4H_Neutros_FT_FAIMS_CV_-100_036.mzML
PXD026133	081418_RVG262_PGAFF_RP4H_Neutros_FT_FAIMS_CV_-90_038_-90_ms2.msalign	23	81	081418_RVG262_PGAFF_RP4H_Neutros_FT_FAIMS_CV_-90_038.mzML
PXD026133	081418_RVG262_PGAFF_RP4H_Neutros_FT_FAIMS_CV_-80_032_-80_ms2.msalign	23	81	081418_RVG262_PGAFF_RP4H_Neutros_FT_FAIMS_CV_-80_032.mzML
PXD026133	081418_RVG262_PGAFF_RP4H_Neutros_FT_FAIMS_CV_60_029_60_ms2.msalign	23	81	081418_RVG262_PGAFF_RP4H_Neutros_FT_FAIMS_CV_60_029.mzML
PXD026133	081418_RVG262_PGAFF_RP4H_Neutros_1000_FAIMS_CV__10_20_30_120K_60K_064_30_ms2.msalign	23	81	081418_RVG262_PGAFF_RP4H_Neutros_1000_FAIMS_CV__10_20_30_120K_60K_064.mzML
PXD026133	081418_RVG262_PGAFF_RP4H_Neutros_FT_FAIMS_CV_50_033_50_ms2.msalign	23	81	081418_RVG262_PGAFF_RP4H_Neutros_FT_FAIMS_CV_50_033.mzML
PXD026133	081418_RVG262_PGAFF_RP4H_Neutros_500_FAIMS_CV__10_20_30_120K_60K_058_30_ms2.msalign	23	81	081418_RVG262_PGAFF_RP4H_Neutros_500_FAIMS_CV__10_20_30_120K_60K_058.mzML
PXD026133	081418_RVG262_PGAFF_RP4H_Neutros_FT_FAIMS_CV_40_027_40_ms2.msalign	23	81	081418_RVG262_PGAFF_RP4H_Neutros_FT_FAIMS_CV_40_027.mzML
PXD026133	081418_RVG262_PGAFF_RP4H_Neutros_FT_FAIMS_CV__10_20_30_120K_60K_067_30_ms2.msalign	23	81	081418_RVG262_PGAFF_RP4H_Neutros_FT_FAIMS_CV__10_20_30_120K_60K_067.mzML
PXD026133	081418_RVG262_PGAFF_RP4H_Neutros_FT_FAIMS_CV_20_025_20_ms2.msalign	23	81	081418_RVG262_PGAFF_RP4H_Neutros_FT_FAIMS_CV_20_025.mzML
PXD026133	081418_RVG262_PGAFF_RP4H_Neutros_FT_FAIMS_CV_0_024_0_ms2.msalign	23	81	081418_RVG262_PGAFF_RP4H_Neutros_FT_FAIMS_CV_0_024.mzML
PXD026133	081418_RVG262_PGAFF_RP4H_Neutros_FT_FAIMS_CV_-70_042_-70_ms2.msalign	23	81	081418_RVG262_PGAFF_RP4H_Neutros_FT_FAIMS_CV_-70_042.mzML
PXD026133	081418_RVG262_PGAFF_RP4H_Neutros_1000_FAIMS_CV__10_20_30_120K_60K_064_20_ms2.msalign	23	81	081418_RVG262_PGAFF_RP4H_Neutros_1000_FAIMS_CV__10_20_30_120K_60K_064.mzML
PXD026133	081418_RVG262_PGAFF_RP4H_Neutros_1000_FAIMS_CV__10_20_30_60K_60K_063_30_ms2.msalign	23	81	081418_RVG262_PGAFF_RP4H_Neutros_1000_FAIMS_CV__10_20_30_60K_60K_063.mzML
PXD026133	081418_RVG262_PGAFF_RP4H_Neutros_200_FAIMS_CV_10_20_30_60K_60K_069_30_ms2.msalign	23	81	081418_RVG262_PGAFF_RP4H_Neutros_200_FAIMS_CV_10_20_30_60K_60K_069.mzML
PXD026133	081418_RVG262_PGAFF_RP4H_Neutros_FT_FAIMS_CV_30_035_30_ms2.msalign	23	81	081418_RVG262_PGAFF_RP4H_Neutros_FT_FAIMS_CV_30_035.mzML
PXD026133	081418_RVG262_PGAFF_RP4H_Neutros_FT_FAIMS_CV_10_037_10_ms2.msalign	23	81	081418_RVG262_PGAFF_RP4H_Neutros_FT_FAIMS_CV_10_037.mzML
PXD026133	081418_RVG262_PGAFF_RP4H_Neutros_FT_FAIMS_CV__10_20_30_120K_60K_067_20_ms2.msalign	23	81	081418_RVG262_PGAFF_RP4H_Neutros_FT_FAIMS_CV__10_20_30_120K_60K_067.mzML
PXD026133	081418_RVG262_PGAFF_RP4H_Neutros_500_FAIMS_CV__10_20_30_120K_60K_058_20_ms2.msalign	23	81	081418_RVG262_PGAFF_RP4H_Neutros_500_FAIMS_CV__10_20_30_120K_60K_058.mzML
PXD026133	081418_RVG262_PGAFF_RP4H_Neutros_FT_FAIMS_CV__10_20_30_60K_60K_066_30_ms2.msalign	23	81	081418_RVG262_PGAFF_RP4H_Neutros_FT_FAIMS_CV__10_20_30_60K_60K_066.mzML
PXD026133	081418_RVG262_PGAFF_RP4H_Neutros_200_FAIMS_CV_10_20_30_60K_60K_069_20_ms2.msalign	23	81	081418_RVG262_PGAFF_RP4H_Neutros_200_FAIMS_CV_10_20_30_60K_60K_069.mzML
PXD026133	081418_RVG262_PGAFF_RP4H_Neutros_FT_FAIMS_CV_-60_030_-60_ms2.msalign	23	81	081418_RVG262_PGAFF_RP4H_Neutros_FT_FAIMS_CV_-60_030.mzML
PXD026133	081418_RVG262_PGAFF_RP4H_Neutros_FT_FAIMS_CV__10_20_30_60K_60K_066_20_ms2.msalign	23	81	081418_RVG262_PGAFF_RP4H_Neutros_FT_FAIMS_CV__10_20_30_60K_60K_066.mzML
PXD026133	081418_RVG262_PGAFF_RP4H_Neutros_500_FAIMS_CV__10_20_30_60K_60K_057_30_ms2.msalign	23	81	081418_RVG262_PGAFF_RP4H_Neutros_500_FAIMS_CV__10_20_30_60K_60K_057.mzML
PXD026133	081418_RVG262_PGAFF_RP4H_Neutros_FT_FAIMS_CV__10_20_30_120K_60K_067_10_ms2.msalign	23	81	081418_RVG262_PGAFF_RP4H_Neutros_FT_FAIMS_CV__10_20_30_120K_60K_067.mzML
PXD026133	081418_RVG262_PGAFF_RP4H_Neutros_500_FAIMS_CV__10_20_30_120K_60K_058_10_ms2.msalign	23	81	081418_RVG262_PGAFF_RP4H_Neutros_500_FAIMS_CV__10_20_30_120K_60K_058.mzML
PXD026133	081418_RVG262_PGAFF_RP4H_Neutros_1000_FAIMS_CV__10_20_30_60K_60K_063_20_ms2.msalign	23	81	081418_RVG262_PGAFF_RP4H_Neutros_1000_FAIMS_CV__10_20_30_60K_60K_063.mzML
PXD026133	081418_RVG262_PGAFF_RP4H_Neutros_1000_FAIMS_CV__10_20_30_120K_60K_064_10_ms2.msalign	23	81	081418_RVG262_PGAFF_RP4H_Neutros_1000_FAIMS_CV__10_20_30_120K_60K_064.mzML
PXD026133	081418_RVG262_PGAFF_RP4H_Neutros_500_FAIMS_CV__10_20_30_60K_60K_057_20_ms2.msalign	23	81	081418_RVG262_PGAFF_RP4H_Neutros_500_FAIMS_CV__10_20_30_60K_60K_057.mzML
PXD026133	081418_RVG262_PGAFF_RP4H_Neutros_FT_FAIMS_CV_-40_028_-40_ms2.msalign	23	81	081418_RVG262_PGAFF_RP4H_Neutros_FT_FAIMS_CV_-40_028.mzML
PXD026133	081418_RVG262_PGAFF_RP4H_Neutros_500_FAIMS_CV__10_20_30_60K_60K_057_10_ms2.msalign	23	81	081418_RVG262_PGAFF_RP4H_Neutros_500_FAIMS_CV__10_20_30_60K_60K_057.mzML
PXD026133	081418_RVG262_PGAFF_RP4H_Neutros_200_FAIMS_CV_10_20_30_60K_60K_069_10_ms2.msalign	23	81	081418_RVG262_PGAFF_RP4H_Neutros_200_FAIMS_CV_10_20_30_60K_60K_069.mzML
PXD026133	081418_RVG262_PGAFF_RP4H_Neutros_1000_FAIMS_CV__10_20_30_60K_30K_062_30_ms2.msalign	23	81	081418_RVG262_PGAFF_RP4H_Neutros_1000_FAIMS_CV__10_20_30_60K_30K_062.mzML
PXD026133	081418_RVG262_PGAFF_RP4H_Neutros_FT_FAIMS_CV__10_20_30_60K_60K_066_10_ms2.msalign	23	81	081418_RVG262_PGAFF_RP4H_Neutros_FT_FAIMS_CV__10_20_30_60K_60K_066.mzML
PXD026133	081418_RVG262_PGAFF_RP4H_Neutros_FT_FAIMS_CV_-20_026_-20_ms2.msalign	23	81	081418_RVG262_PGAFF_RP4H_Neutros_FT_FAIMS_CV_-20_026.mzML
PXD026133	081418_RVG262_PGAFF_RP4H_Neutros_1000_FAIMS_CV__10_20_30_60K_60K_063_10_ms2.msalign	23	81	081418_RVG262_PGAFF_RP4H_Neutros_1000_FAIMS_CV__10_20_30_60K_60K_063.mzML
PXD026133	081418_RVG262_PGAFF_RP4H_Neutros_FT_FAIMS_CV_-30_041_-30_ms2.msalign	23	81	081418_RVG262_PGAFF_RP4H_Neutros_FT_FAIMS_CV_-30_041.mzML
PXD026133	081418_RVG262_PGAFF_RP4H_Neutros_200_FAIMS_CV__10_20_30_60K_30K_052_30_ms2.msalign	23	81	081418_RVG262_PGAFF_RP4H_Neutros_200_FAIMS_CV__10_20_30_60K_30K_052.mzML
PXD026133	081418_RVG262_PGAFF_RP4H_Neutros_FT_FAIMS_CV__10_20_30_60K_30K_048_30_ms2.msalign	23	81	081418_RVG262_PGAFF_RP4H_Neutros_FT_FAIMS_CV__10_20_30_60K_30K_048.mzML
PXD026133	081418_RVG262_PGAFF_RP4H_Neutros_500_FAIMS_CV__10_20_30_60K_30K_056_30_ms2.msalign	23	81	081418_RVG262_PGAFF_RP4H_Neutros_500_FAIMS_CV__10_20_30_60K_30K_056.mzML
PXD026133	081418_RVG262_PGAFF_RP4H_Neutros_200_FAIMS_CV__10_20_30_60K_30K_052_20_ms2.msalign	23	81	081418_RVG262_PGAFF_RP4H_Neutros_200_FAIMS_CV__10_20_30_60K_30K_052.mzML
PXD026133	081418_RVG262_PGAFF_RP4H_Neutros_FT_FAIMS_CV__10_20_30_60K_30K_048_20_ms2.msalign	23	81	081418_RVG262_PGAFF_RP4H_Neutros_FT_FAIMS_CV__10_20_30_60K_30K_048.mzML
PXD026133	081418_RVG262_PGAFF_RP4H_Neutros_1000_FAIMS_CV__10_20_30_60K_30K_062_20_ms2.msalign	23	81	081418_RVG262_PGAFF_RP4H_Neutros_1000_FAIMS_CV__10_20_30_60K_30K_062.mzML
PXD026133	081418_RVG262_PGAFF_RP4H_Neutros_500_FAIMS_CV__10_20_30_60K_30K_056_20_ms2.msalign	23	81	081418_RVG262_PGAFF_RP4H_Neutros_500_FAIMS_CV__10_20_30_60K_30K_056.mzML
PXD026133	081418_RVG262_PGAFF_RP4H_Neutros_1000_FAIMS_CV__10_20_30_60K_30K_062_10_ms2.msalign	23	81	081418_RVG262_PGAFF_RP4H_Neutros_1000_FAIMS_CV__10_20_30_60K_30K_062.mzML
PXD026133	081418_RVG262_PGAFF_RP4H_Neutros_FT_FAIMS_CV__10_20_30_60K_30K_048_10_ms2.msalign	23	81	081418_RVG262_PGAFF_RP4H_Neutros_FT_FAIMS_CV__10_20_30_60K_30K_048.mzML
PXD026133	081418_RVG262_PGAFF_RP4H_Neutros_200_FAIMS_CV__10_20_30_60K_30K_052_10_ms2.msalign	23	81	081418_RVG262_PGAFF_RP4H_Neutros_200_FAIMS_CV__10_20_30_60K_30K_052.mzML
PXD026133	081418_RVG262_PGAFF_RP4H_Neutros_500_FAIMS_CV__10_20_30_60K_30K_056_10_ms2.msalign	23	81	081418_RVG262_PGAFF_RP4H_Neutros_500_FAIMS_CV__10_20_30_60K_30K_056.mzML
PXD026134	20181022_rmi049_75idPLRPS_APA_Mono_Nuc_F4_a_ms2.msalign	23	82	20181022_rmi049_75idPLRPS_APA_Mono_Nuc_F4_a.mzML
PXD026134	20181022_rmi049_75idPLRPS_APA_Mono_Nuc_F4_b_ms2.msalign	23	82	20181022_rmi049_75idPLRPS_APA_Mono_Nuc_F4_b.mzML
PXD026134	20181022_rmi049_75idPLRPS_APA_Mono_Nuc_F4_c_ms2.msalign	23	82	20181022_rmi049_75idPLRPS_APA_Mono_Nuc_F4_c.mzML
PXD026134	20181010_rmi049_75idPLRPS_APA_Mono_Cyto_F4_a_ms2.msalign	23	82	20181010_rmi049_75idPLRPS_APA_Mono_Cyto_F4_a.mzML
PXD026134	20181022_rmi049_75idPLRPS_APA_Mono_Nuc_F3_b_ms2.msalign	23	82	20181022_rmi049_75idPLRPS_APA_Mono_Nuc_F3_b.mzML
PXD026134	20181010_rmi049_75idPLRPS_APA_Mono_Cyto_F4_c_ms2.msalign	23	82	20181010_rmi049_75idPLRPS_APA_Mono_Cyto_F4_c.mzML
PXD026134	20181022_rmi049_75idPLRPS_APA_Mono_Nuc_F3_c_ms2.msalign	23	82	20181022_rmi049_75idPLRPS_APA_Mono_Nuc_F3_c.mzML
PXD026134	20181022_rmi049_75idPLRPS_APA_Mono_Nuc_F3_a_ms2.msalign	23	82	20181022_rmi049_75idPLRPS_APA_Mono_Nuc_F3_a.mzML
PXD026134	20181010_rmi049_75idPLRPS_APA_Mono_Cyto_F4_b_ms2.msalign	23	82	20181010_rmi049_75idPLRPS_APA_Mono_Cyto_F4_b.mzML
PXD026134	20181010_rmi049_75idPLRPS_APA_Mono_Cyto_F3_a_ms2.msalign	23	82	20181010_rmi049_75idPLRPS_APA_Mono_Cyto_F3_a.mzML
PXD026134	20181010_rmi049_75idPLRPS_APA_Mono_Cyto_F3_c_ms2.msalign	23	82	20181010_rmi049_75idPLRPS_APA_Mono_Cyto_F3_c.mzML
PXD026134	20181010_rmi049_75idPLRPS_APA_Mono_Cyto_F3_b_ms2.msalign	23	82	20181010_rmi049_75idPLRPS_APA_Mono_Cyto_F3_b.mzML
PXD026134	20181022_rmi049_75idPLRPS_APA_Mono_Nuc_F2_a_ms2.msalign	23	82	20181022_rmi049_75idPLRPS_APA_Mono_Nuc_F2_a.mzML
PXD026134	20181022_rmi049_75idPLRPS_APA_Mono_Nuc_F2_b_ms2.msalign	23	82	20181022_rmi049_75idPLRPS_APA_Mono_Nuc_F2_b.mzML
PXD026134	20181022_rmi049_75idPLRPS_APA_Mono_Nuc_F2_c_ms2.msalign	23	82	20181022_rmi049_75idPLRPS_APA_Mono_Nuc_F2_c.mzML
PXD026134	20181022_rmi049_75idPLRPS_APA_Mono_Nuc_F1_c_ms2.msalign	23	82	20181022_rmi049_75idPLRPS_APA_Mono_Nuc_F1_c.mzML
PXD026134	20181010_rmi049_75idPLRPS_APA_Mono_Cyto_F2_a_ms2.msalign	23	82	20181010_rmi049_75idPLRPS_APA_Mono_Cyto_F2_a.mzML
PXD026134	20181022_rmi049_75idPLRPS_APA_Mono_Nuc_F1_b_ms2.msalign	23	82	20181022_rmi049_75idPLRPS_APA_Mono_Nuc_F1_b.mzML
PXD026134	20181010_rmi049_75idPLRPS_APA_Mono_Cyto_F2_c_ms2.msalign	23	82	20181010_rmi049_75idPLRPS_APA_Mono_Cyto_F2_c.mzML
PXD026134	20181010_rmi049_75idPLRPS_APA_Mono_Cyto_F2_b_ms2.msalign	23	82	20181010_rmi049_75idPLRPS_APA_Mono_Cyto_F2_b.mzML
PXD026134	20181010_rmi049_75idPLRPS_APA_Mono_Cyto_F1_a_ms2.msalign	23	82	20181010_rmi049_75idPLRPS_APA_Mono_Cyto_F1_a.mzML
PXD026134	20181010_rmi049_75idPLRPS_APA_Mono_Cyto_F1_b_ms2.msalign	23	82	20181010_rmi049_75idPLRPS_APA_Mono_Cyto_F1_b.mzML
PXD026134	20181010_rmi049_75idPLRPS_APA_Mono_Cyto_F1_c_ms2.msalign	23	82	20181010_rmi049_75idPLRPS_APA_Mono_Cyto_F1_c.mzML
PXD026134	20181022_rmi049_75idPLRPS_APA_Mono_Nuc_F1_a_ms2.msalign	23	82	20181022_rmi049_75idPLRPS_APA_Mono_Nuc_F1_a.mzML
PXD026135	20181018_rmi049_75idPLRPS_APA_T-Reg_Cyto_F2_c_ms2.msalign	23	83	20181018_rmi049_75idPLRPS_APA_T-Reg_Cyto_F2_c.mzML
PXD026135	20181018_rmi049_75idPLRPS_APA_T-Reg_Cyto_F1_b_ms2.msalign	23	83	20181018_rmi049_75idPLRPS_APA_T-Reg_Cyto_F1_b.mzML
PXD026135	20181018_rmi049_75idPLRPS_APA_T-Reg_Cyto_F2_a_ms2.msalign	23	83	20181018_rmi049_75idPLRPS_APA_T-Reg_Cyto_F2_a.mzML
PXD026135	20181018_rmi049_75idPLRPS_APA_T-Reg_Cyto_F2_b_ms2.msalign	23	83	20181018_rmi049_75idPLRPS_APA_T-Reg_Cyto_F2_b.mzML
PXD026135	20181018_rmi049_75idPLRPS_APA_T-Reg_Cyto_F1_c_ms2.msalign	23	83	20181018_rmi049_75idPLRPS_APA_T-Reg_Cyto_F1_c.mzML
PXD026135	20181018_rmi049_75idPLRPS_APA_T-Reg_Cyto_F1_a_ms2.msalign	23	83	20181018_rmi049_75idPLRPS_APA_T-Reg_Cyto_F1_a.mzML
PXD026135	LCA_11182018_APA_DS17_Treg_F7p2_01_ms2.msalign	23	83	LCA_11182018_APA_DS17_Treg_F7p2_01.mzML
PXD026135	LCA_11182018_APA_DS17_Treg_F7p2_02_ms2.msalign	23	83	LCA_11182018_APA_DS17_Treg_F7p2_02.mzML
PXD026135	LCA_11182018_APA_DS17_Treg_F8p2_01_ms2.msalign	23	83	LCA_11182018_APA_DS17_Treg_F8p2_01.mzML
PXD026135	LCA_11182018_APA_DS17_Treg_F8p2_02_ms2.msalign	23	83	LCA_11182018_APA_DS17_Treg_F8p2_02.mzML
PXD026135	20181018_rmi049_75idPLRPS_APA_T-Reg_Cyto_F3_a_ms2.msalign	23	83	20181018_rmi049_75idPLRPS_APA_T-Reg_Cyto_F3_a.mzML
PXD026135	20181018_rmi049_75idPLRPS_APA_T-Reg_Cyto_F3_b_ms2.msalign	23	83	20181018_rmi049_75idPLRPS_APA_T-Reg_Cyto_F3_b.mzML
PXD026135	20181018_rmi049_75idPLRPS_APA_T-Reg_Cyto_F3_c_ms2.msalign	23	83	20181018_rmi049_75idPLRPS_APA_T-Reg_Cyto_F3_c.mzML
PXD026135	20181121_rmi049_75idPLRPS_APA_Treg_Cyto_F2_b_ms2.msalign	23	83	20181121_rmi049_75idPLRPS_APA_Treg_Cyto_F2_b.mzML
PXD026135	20181121_rmi049_75idPLRPS_APA_Treg_Cyto_F2_c_ms2.msalign	23	83	20181121_rmi049_75idPLRPS_APA_Treg_Cyto_F2_c.mzML
PXD026135	20181121_rmi049_75idPLRPS_APA_Treg_Cyto_F2_a_ms2.msalign	23	83	20181121_rmi049_75idPLRPS_APA_Treg_Cyto_F2_a.mzML
PXD026135	20181121_rmi049_75idPLRPS_APA_Treg_Cyto_F1_b_ms2.msalign	23	83	20181121_rmi049_75idPLRPS_APA_Treg_Cyto_F1_b.mzML
PXD026135	20181121_rmi049_75idPLRPS_APA_Treg_Cyto_F1_c_ms2.msalign	23	83	20181121_rmi049_75idPLRPS_APA_Treg_Cyto_F1_c.mzML
PXD026135	20181018_rmi049_75idPLRPS_APA_T-Reg_Cyto_F4_a_ms2.msalign	23	83	20181018_rmi049_75idPLRPS_APA_T-Reg_Cyto_F4_a.mzML
PXD026135	20181018_rmi049_75idPLRPS_APA_T-Reg_Cyto_F4_b_ms2.msalign	23	83	20181018_rmi049_75idPLRPS_APA_T-Reg_Cyto_F4_b.mzML
PXD026135	20181018_rmi049_75idPLRPS_APA_T-Reg_Cyto_F4_c_ms2.msalign	23	83	20181018_rmi049_75idPLRPS_APA_T-Reg_Cyto_F4_c.mzML
PXD026135	20181121_rmi049_75idPLRPS_APA_Treg_Cyto_F1_a_ms2.msalign	23	83	20181121_rmi049_75idPLRPS_APA_Treg_Cyto_F1_a.mzML
PXD026135	20181121_rmi049_75idPLRPS_APA_Treg_Cyto_F3_a_ms2.msalign	23	83	20181121_rmi049_75idPLRPS_APA_Treg_Cyto_F3_a.mzML
PXD026135	20181121_rmi049_75idPLRPS_APA_Treg_Cyto_F3_c_ms2.msalign	23	83	20181121_rmi049_75idPLRPS_APA_Treg_Cyto_F3_c.mzML
PXD026135	20181121_rmi049_75idPLRPS_APA_Treg_Cyto_F3_b_ms2.msalign	23	83	20181121_rmi049_75idPLRPS_APA_Treg_Cyto_F3_b.mzML
PXD026135	20181121_rmi049_75idPLRPS_APA_Treg_Cyto_F4_a_ms2.msalign	23	83	20181121_rmi049_75idPLRPS_APA_Treg_Cyto_F4_a.mzML
PXD026135	20181121_rmi049_75idPLRPS_APA_Treg_Cyto_F4_b_ms2.msalign	23	83	20181121_rmi049_75idPLRPS_APA_Treg_Cyto_F4_b.mzML
PXD026135	20181121_rmi049_75idPLRPS_APA_Treg_Cyto_F4_c_ms2.msalign	23	83	20181121_rmi049_75idPLRPS_APA_Treg_Cyto_F4_c.mzML
PXD026135	20181020_rmi049_75idPLRPS_APA_T-Reg_Nuc_F4_c_ms2.msalign	23	83	20181020_rmi049_75idPLRPS_APA_T-Reg_Nuc_F4_c.mzML
PXD026135	20181020_rmi049_75idPLRPS_APA_T-Reg_Nuc_F4_b_ms2.msalign	23	83	20181020_rmi049_75idPLRPS_APA_T-Reg_Nuc_F4_b.mzML
PXD026135	20181020_rmi049_75idPLRPS_APA_T-Reg_Nuc_F4_a_ms2.msalign	23	83	20181020_rmi049_75idPLRPS_APA_T-Reg_Nuc_F4_a.mzML
PXD026135	20181020_rmi049_75idPLRPS_APA_T-Reg_Nuc_F3_c_ms2.msalign	23	83	20181020_rmi049_75idPLRPS_APA_T-Reg_Nuc_F3_c.mzML
PXD026135	20181020_rmi049_75idPLRPS_APA_T-Reg_Nuc_F3_a_ms2.msalign	23	83	20181020_rmi049_75idPLRPS_APA_T-Reg_Nuc_F3_a.mzML
PXD026135	20181020_rmi049_75idPLRPS_APA_T-Reg_Nuc_F3_b_ms2.msalign	23	83	20181020_rmi049_75idPLRPS_APA_T-Reg_Nuc_F3_b.mzML
PXD026135	20181020_rmi049_75idPLRPS_APA_T-Reg_Nuc_F2_a_ms2.msalign	23	83	20181020_rmi049_75idPLRPS_APA_T-Reg_Nuc_F2_a.mzML
PXD026135	20181020_rmi049_75idPLRPS_APA_T-Reg_Nuc_F2_c_ms2.msalign	23	83	20181020_rmi049_75idPLRPS_APA_T-Reg_Nuc_F2_c.mzML
PXD026135	20181020_rmi049_75idPLRPS_APA_T-Reg_Nuc_F2_b_ms2.msalign	23	83	20181020_rmi049_75idPLRPS_APA_T-Reg_Nuc_F2_b.mzML
PXD026135	20181020_rmi049_75idPLRPS_APA_T-Reg_Nuc_F1_a_ms2.msalign	23	83	20181020_rmi049_75idPLRPS_APA_T-Reg_Nuc_F1_a.mzML
PXD026135	20181020_rmi049_75idPLRPS_APA_T-Reg_Nuc_F1_c_ms2.msalign	23	83	20181020_rmi049_75idPLRPS_APA_T-Reg_Nuc_F1_c.mzML
PXD026135	20181020_rmi049_75idPLRPS_APA_T-Reg_Nuc_F1_b_ms2.msalign	23	83	20181020_rmi049_75idPLRPS_APA_T-Reg_Nuc_F1_b.mzML
PXD026143	20170309_ksn5514_FACS_BC_RP4H_10547771_B_SEP_biorep_02_techrep_02_ms2.msalign	23	84	20170309_ksn5514_FACS_BC_RP4H_10547771_B_SEP_biorep_02_techrep_02.mzML
PXD026143	20170309_ksn5514_FACS_BC_RP4H_10547771_D2_B_SEP_tech_rep_02_ms2.msalign	23	84	20170309_ksn5514_FACS_BC_RP4H_10547771_D2_B_SEP_tech_rep_02.mzML
PXD026143	20170309_ksn5514_FACS_BC_RP4H_10547771_B_SEP_biorep_02_techrep_01_ms2.msalign	23	84	20170309_ksn5514_FACS_BC_RP4H_10547771_B_SEP_biorep_02_techrep_01.mzML
PXD026143	20170309_ksn5514_FACS_BC_RP4H_10547771_D2_B_SEP_tech_rep_01_ms2.msalign	23	84	20170309_ksn5514_FACS_BC_RP4H_10547771_D2_B_SEP_tech_rep_01.mzML
PXD026143	20170309_ksn5514_FACS_BC_RP4H_10547771_B_SEP_biorep_02_techrep_03_ms2.msalign	23	84	20170309_ksn5514_FACS_BC_RP4H_10547771_B_SEP_biorep_02_techrep_03.mzML
PXD026143	20170309_ksn5514_FACS_BC_RP4H_10547771_D2_B_SEP_tech_rep_03_ms2.msalign	23	84	20170309_ksn5514_FACS_BC_RP4H_10547771_D2_B_SEP_tech_rep_03.mzML
PXD026143	20170309_ksn5514_FACS_BC_RP4H_10547771_B_SEP_biorep_01_techrep_01_ms2.msalign	23	84	20170309_ksn5514_FACS_BC_RP4H_10547771_B_SEP_biorep_01_techrep_01.mzML
PXD026143	20170309_ksn5514_FACS_BC_RP4H_10547771_D1_B_SEP_tech_rep_01_ms2.msalign	23	84	20170309_ksn5514_FACS_BC_RP4H_10547771_D1_B_SEP_tech_rep_01.mzML
PXD026143	20170309_ksn5514_FACS_BC_RP4H_10547771_D1_B_SEP_tech_rep_02_ms2.msalign	23	84	20170309_ksn5514_FACS_BC_RP4H_10547771_D1_B_SEP_tech_rep_02.mzML
PXD026143	20170309_ksn5514_FACS_BC_RP4H_10547771_D3_B_SEP_tech_rep_01_ms2.msalign	23	84	20170309_ksn5514_FACS_BC_RP4H_10547771_D3_B_SEP_tech_rep_01.mzML
PXD026143	20170309_ksn5514_FACS_BC_RP4H_10547771_B_SEP_biorep_03_techrep_03_ms2.msalign	23	84	20170309_ksn5514_FACS_BC_RP4H_10547771_B_SEP_biorep_03_techrep_03.mzML
PXD026143	20170309_ksn5514_FACS_BC_RP4H_10547771_D3_B_SEP_tech_rep_03_ms2.msalign	23	84	20170309_ksn5514_FACS_BC_RP4H_10547771_D3_B_SEP_tech_rep_03.mzML
PXD026143	20170309_ksn5514_FACS_BC_RP4H_10547771_B_SEP_biorep_03_techrep_02_ms2.msalign	23	84	20170309_ksn5514_FACS_BC_RP4H_10547771_B_SEP_biorep_03_techrep_02.mzML
PXD026143	20170309_ksn5514_FACS_BC_RP4H_10547771_D3_B_SEP_tech_rep_02_ms2.msalign	23	84	20170309_ksn5514_FACS_BC_RP4H_10547771_D3_B_SEP_tech_rep_02.mzML
PXD026143	20170309_ksn5514_FACS_BC_RP4H_10547771_B_SEP_biorep_01_techrep_03_ms2.msalign	23	84	20170309_ksn5514_FACS_BC_RP4H_10547771_B_SEP_biorep_01_techrep_03.mzML
PXD026143	20170309_ksn5514_FACS_BC_RP4H_10547771_D1_B_SEP_tech_rep_03_ms2.msalign	23	84	20170309_ksn5514_FACS_BC_RP4H_10547771_D1_B_SEP_tech_rep_03.mzML
PXD026143	20170309_ksn5514_FACS_BC_RP4H_10547771_B_SEP_biorep_01_techrep_02_ms2.msalign	23	84	20170309_ksn5514_FACS_BC_RP4H_10547771_B_SEP_biorep_01_techrep_02.mzML
PXD026144	20170307_ksn5514_FACS_BC_RP4H_10547771_D1_B_FACS_tech_rep_03_ms2.msalign	23	85	20170307_ksn5514_FACS_BC_RP4H_10547771_D1_B_FACS_tech_rep_03.mzML
PXD026144	20170307_ksn5514_FACS_BC_RP4H_10547771_D2_B_FACS_tech_rep_01_ms2.msalign	23	85	20170307_ksn5514_FACS_BC_RP4H_10547771_D2_B_FACS_tech_rep_01.mzML
PXD026144	20170309_ksn5514_FACS_BC_RP4H_10547771_D1_B_FACS_tech_rep_01_ms2.msalign	23	85	20170309_ksn5514_FACS_BC_RP4H_10547771_D1_B_FACS_tech_rep_01.mzML
PXD026144	20170309_ksn5514_FACS_BC_RP4H_10547771_B_FACS_biorep_03_techrep_03_ms2.msalign	23	85	20170309_ksn5514_FACS_BC_RP4H_10547771_B_FACS_biorep_03_techrep_03.mzML
PXD026144	20170309_ksn5514_FACS_BC_RP4H_10547771_D3_B_FACS_tech_rep_03_ms2.msalign	23	85	20170309_ksn5514_FACS_BC_RP4H_10547771_D3_B_FACS_tech_rep_03.mzML
PXD026144	20170309_ksn5514_FACS_BC_RP4H_10547771_D3_B_FACS_tech_rep_02_ms2.msalign	23	85	20170309_ksn5514_FACS_BC_RP4H_10547771_D3_B_FACS_tech_rep_02.mzML
PXD026144	20170309_ksn5514_FACS_BC_RP4H_10547771_B_FACS_biorep_02_techrep_03_ms2.msalign	23	85	20170309_ksn5514_FACS_BC_RP4H_10547771_B_FACS_biorep_02_techrep_03.mzML
PXD026144	20170309_ksn5514_FACS_BC_RP4H_10547771_D2_B_FACS_tech_rep_03_ms2.msalign	23	85	20170309_ksn5514_FACS_BC_RP4H_10547771_D2_B_FACS_tech_rep_03.mzML
PXD026144	20170309_ksn5514_FACS_BC_RP4H_10547771_B_FACS_biorep_01_techrep_01_ms2.msalign	23	85	20170309_ksn5514_FACS_BC_RP4H_10547771_B_FACS_biorep_01_techrep_01.mzML
PXD026144	20170309_ksn5514_FACS_BC_RP4H_10547771_B_FACS_biorep_01_techrep_02_ms2.msalign	23	85	20170309_ksn5514_FACS_BC_RP4H_10547771_B_FACS_biorep_01_techrep_02.mzML
PXD026144	20170309_ksn5514_FACS_BC_RP4H_10547771_D1_B_FACS_tech_rep_02_ms2.msalign	23	85	20170309_ksn5514_FACS_BC_RP4H_10547771_D1_B_FACS_tech_rep_02.mzML
PXD026144	20170309_ksn5514_FACS_BC_RP4H_10547771_D3_B_FACS_tech_rep_01_ms2.msalign	23	85	20170309_ksn5514_FACS_BC_RP4H_10547771_D3_B_FACS_tech_rep_01.mzML
PXD026144	20170309_ksn5514_FACS_BC_RP4H_10547771_D2_B_FACS_tech_rep_02_ms2.msalign	23	85	20170309_ksn5514_FACS_BC_RP4H_10547771_D2_B_FACS_tech_rep_02.mzML
PXD026145	20170307_ksn5514_FACS_BC_RP4H_10547771_D2_T_SEP_tech_rep_01_ms2.msalign	23	127	20170307_ksn5514_FACS_BC_RP4H_10547771_D2_T_SEP_tech_rep_01.mzML
PXD026145	20170307_ksn5514_FACS_BC_RP4H_10547771_D3_T_SEP_tech_rep_02_ms2.msalign	23	127	20170307_ksn5514_FACS_BC_RP4H_10547771_D3_T_SEP_tech_rep_02.mzML
PXD026145	20170307_ksn5514_FACS_BC_RP4H_10547771_D2_T_SEP_tech_rep_03_ms2.msalign	23	127	20170307_ksn5514_FACS_BC_RP4H_10547771_D2_T_SEP_tech_rep_03.mzML
PXD026145	20170307_ksn5514_FACS_BC_RP4H_10547771_D3_T_SEP_tech_rep_01_ms2.msalign	23	127	20170307_ksn5514_FACS_BC_RP4H_10547771_D3_T_SEP_tech_rep_01.mzML
PXD026145	20170307_ksn5514_FACS_BC_RP4H_10547771_D2_T_SEP_tech_rep_02_ms2.msalign	23	127	20170307_ksn5514_FACS_BC_RP4H_10547771_D2_T_SEP_tech_rep_02.mzML
PXD026145	20170309_ksn5514_FACS_BC_RP4H_10547771_D1_T_SEP_tech_rep_01_ms2.msalign	23	86	20170309_ksn5514_FACS_BC_RP4H_10547771_D1_T_SEP_tech_rep_01.mzML
PXD026145	20170309_ksn5514_FACS_BC_RP4H_10547771_D3_T_SEP_tech_rep_03_ms2.msalign	23	86	20170309_ksn5514_FACS_BC_RP4H_10547771_D3_T_SEP_tech_rep_03.mzML
PXD026145	20170309_ksn5514_FACS_BC_RP4H_10547771_T_SEP_biorep_03_techrep_03_ms2.msalign	23	86	20170309_ksn5514_FACS_BC_RP4H_10547771_T_SEP_biorep_03_techrep_03.mzML
PXD026145	20170309_ksn5514_FACS_BC_RP4H_10547771_T_SEP_biorep_01_techrep_01_ms2.msalign	23	86	20170309_ksn5514_FACS_BC_RP4H_10547771_T_SEP_biorep_01_techrep_01.mzML
PXD026145	20170309_ksn5514_FACS_BC_RP4H_10547771_D1_T_SEP_tech_rep_03_ms2.msalign	23	86	20170309_ksn5514_FACS_BC_RP4H_10547771_D1_T_SEP_tech_rep_03.mzML
PXD026145	20170309_ksn5514_FACS_BC_RP4H_10547771_T_SEP_biorep_01_techrep_03_ms2.msalign	23	86	20170309_ksn5514_FACS_BC_RP4H_10547771_T_SEP_biorep_01_techrep_03.mzML
PXD026145	20170309_ksn5514_FACS_BC_RP4H_10547771_D1_T_SEP_tech_rep_02_ms2.msalign	23	86	20170309_ksn5514_FACS_BC_RP4H_10547771_D1_T_SEP_tech_rep_02.mzML
PXD026145	20170309_ksn5514_FACS_BC_RP4H_10547771_T_SEP_biorep_01_techrep_02_ms2.msalign	23	86	20170309_ksn5514_FACS_BC_RP4H_10547771_T_SEP_biorep_01_techrep_02.mzML
PXD026146	20170307_ksn5514_FACS_BC_RP4H_10547771_D3_T_FACS_tech_rep_03_ms2.msalign	23	128	20170307_ksn5514_FACS_BC_RP4H_10547771_D3_T_FACS_tech_rep_03.mzML
PXD026146	20170307_ksn5514_FACS_BC_RP4H_10547771_D3_T_FACS_tech_rep_02_ms2.msalign	23	128	20170307_ksn5514_FACS_BC_RP4H_10547771_D3_T_FACS_tech_rep_02.mzML
PXD026146	20170309_ksn5514_FACS_BC_RP4H_10547771_D2_T_FACS_tech_rep_01_ms2.msalign	23	87	20170309_ksn5514_FACS_BC_RP4H_10547771_D2_T_FACS_tech_rep_01.mzML
PXD026146	20170309_ksn5514_FACS_BC_RP4H_10547771_D3_T_FACS_tech_rep_01_ms2.msalign	23	87	20170309_ksn5514_FACS_BC_RP4H_10547771_D3_T_FACS_tech_rep_01.mzML
PXD026146	20170309_ksn5514_FACS_BC_RP4H_10547771_D3_T_FACS_tech_rep_03_ms2.msalign	23	87	20170309_ksn5514_FACS_BC_RP4H_10547771_D3_T_FACS_tech_rep_03.mzML
PXD026146	20170309_ksn5514_FACS_BC_RP4H_10547771_T_FACS_biorep_03_techrep_03_ms2.msalign	23	87	20170309_ksn5514_FACS_BC_RP4H_10547771_T_FACS_biorep_03_techrep_03.mzML
PXD026146	20170309_ksn5514_FACS_BC_RP4H_10547771_D3_T_FACS_tech_rep_02_ms2.msalign	23	87	20170309_ksn5514_FACS_BC_RP4H_10547771_D3_T_FACS_tech_rep_02.mzML
PXD026146	20170309_ksn5514_FACS_BC_RP4H_10547771_T_FACS_biorep_03_techrep_02_ms2.msalign	23	87	20170309_ksn5514_FACS_BC_RP4H_10547771_T_FACS_biorep_03_techrep_02.mzML
PXD026146	20170309_ksn5514_FACS_BC_RP4H_10547771_D2_T_FACS_tech_rep_03_ms2.msalign	23	87	20170309_ksn5514_FACS_BC_RP4H_10547771_D2_T_FACS_tech_rep_03.mzML
PXD026146	20170309_ksn5514_FACS_BC_RP4H_10547771_T_FACS_biorep_02_techrep_03_ms2.msalign	23	87	20170309_ksn5514_FACS_BC_RP4H_10547771_T_FACS_biorep_02_techrep_03.mzML
PXD026146	20170309_ksn5514_FACS_BC_RP4H_10547771_T_FACS_biorep_02_techrep_01_ms2.msalign	23	87	20170309_ksn5514_FACS_BC_RP4H_10547771_T_FACS_biorep_02_techrep_01.mzML
PXD026146	20170309_ksn5514_FACS_BC_RP4H_10547771_D2_T_FACS_tech_rep_02_ms2.msalign	23	87	20170309_ksn5514_FACS_BC_RP4H_10547771_D2_T_FACS_tech_rep_02.mzML
PXD026146	20170309_ksn5514_FACS_BC_RP4H_10547771_T_FACS_biorep_02_techrep_02_ms2.msalign	23	87	20170309_ksn5514_FACS_BC_RP4H_10547771_T_FACS_biorep_02_techrep_02.mzML
PXD026146	20170309_ksn5514_FACS_BC_RP4H_10547771_D1_T_FACS_tech_rep_01_ms2.msalign	23	87	20170309_ksn5514_FACS_BC_RP4H_10547771_D1_T_FACS_tech_rep_01.mzML
PXD026146	20170309_ksn5514_FACS_BC_RP4H_10547771_T_FACS_biorep_01_techrep_01_ms2.msalign	23	87	20170309_ksn5514_FACS_BC_RP4H_10547771_T_FACS_biorep_01_techrep_01.mzML
PXD026146	20170309_ksn5514_FACS_BC_RP4H_10547771_D1_T_FACS_tech_rep_02_ms2.msalign	23	87	20170309_ksn5514_FACS_BC_RP4H_10547771_D1_T_FACS_tech_rep_02.mzML
PXD026146	20170309_ksn5514_FACS_BC_RP4H_10547771_T_FACS_biorep_01_techrep_02_ms2.msalign	23	87	20170309_ksn5514_FACS_BC_RP4H_10547771_T_FACS_biorep_01_techrep_02.mzML
PXD026146	20170309_ksn5514_FACS_BC_RP4H_10547771_D1_T_FACS_tech_rep_03_ms2.msalign	23	87	20170309_ksn5514_FACS_BC_RP4H_10547771_D1_T_FACS_tech_rep_03.mzML
PXD026146	20170309_ksn5514_FACS_BC_RP4H_10547771_T_FACS_biorep_01_techrep_03_ms2.msalign	23	87	20170309_ksn5514_FACS_BC_RP4H_10547771_T_FACS_biorep_01_techrep_03.mzML
PXD026149	20181030_rmi049_75idPLRPS_APA_CD3_IEX_500_F4_c_ms2.msalign	23	88	20181030_rmi049_75idPLRPS_APA_CD3_IEX_500_F4_c.mzML
PXD026149	20181101_rmi049_75idPLRPS_APA_CD3_IEX_1M_F4_c_ms2.msalign	23	88	20181101_rmi049_75idPLRPS_APA_CD3_IEX_1M_F4_c.mzML
PXD026149	20181101_rmi049_75idPLRPS_APA_CD3_IEX_1M_F4_a_ms2.msalign	23	88	20181101_rmi049_75idPLRPS_APA_CD3_IEX_1M_F4_a.mzML
PXD026149	20180828_rmi049_75idPLRPS_APA_CD3_IEX_200_F4_c_ms2.msalign	23	88	20180828_rmi049_75idPLRPS_APA_CD3_IEX_200_F4_c.mzML
PXD026149	20180828_rmi049_75idPLRPS_APA_CD3_IEX_200_F4_a_ms2.msalign	23	88	20180828_rmi049_75idPLRPS_APA_CD3_IEX_200_F4_a.mzML
PXD026149	20181101_rmi049_75idPLRPS_APA_CD3_IEX_1M_F4_b_ms2.msalign	23	88	20181101_rmi049_75idPLRPS_APA_CD3_IEX_1M_F4_b.mzML
PXD026149	20180828_rmi049_75idPLRPS_APA_CD3_IEX_200_F4_b_ms2.msalign	23	88	20180828_rmi049_75idPLRPS_APA_CD3_IEX_200_F4_b.mzML
PXD026149	20181030_rmi049_75idPLRPS_APA_CD3_IEX_500_F4_a_ms2.msalign	23	88	20181030_rmi049_75idPLRPS_APA_CD3_IEX_500_F4_a.mzML
PXD026149	20181030_rmi049_75idPLRPS_APA_CD3_IEX_500_F4_b_ms2.msalign	23	88	20181030_rmi049_75idPLRPS_APA_CD3_IEX_500_F4_b.mzML
PXD026149	20181030_rmi049_75idPLRPS_APA_CD3_IEX_500_F3_a_ms2.msalign	23	88	20181030_rmi049_75idPLRPS_APA_CD3_IEX_500_F3_a.mzML
PXD026149	20181030_rmi049_75idPLRPS_APA_CD3_IEX_500_F3_c_ms2.msalign	23	88	20181030_rmi049_75idPLRPS_APA_CD3_IEX_500_F3_c.mzML
PXD026149	20181030_rmi049_75idPLRPS_APA_CD3_IEX_500_F3_b_ms2.msalign	23	88	20181030_rmi049_75idPLRPS_APA_CD3_IEX_500_F3_b.mzML
PXD026149	20181101_rmi049_75idPLRPS_APA_CD3_IEX_1M_F3_a_ms2.msalign	23	88	20181101_rmi049_75idPLRPS_APA_CD3_IEX_1M_F3_a.mzML
PXD026149	20181101_rmi049_75idPLRPS_APA_CD3_IEX_1M_F3_c_ms2.msalign	23	88	20181101_rmi049_75idPLRPS_APA_CD3_IEX_1M_F3_c.mzML
PXD026149	20180826_rmi049_75idPLRPS_APA_CD3_IEX_FT_F4_c_ms2.msalign	23	88	20180826_rmi049_75idPLRPS_APA_CD3_IEX_FT_F4_c.mzML
PXD026149	20180826_rmi049_75idPLRPS_APA_CD3_IEX_FT_F4_b_ms2.msalign	23	88	20180826_rmi049_75idPLRPS_APA_CD3_IEX_FT_F4_b.mzML
PXD026149	20181101_rmi049_75idPLRPS_APA_CD3_IEX_1M_F3_b_ms2.msalign	23	88	20181101_rmi049_75idPLRPS_APA_CD3_IEX_1M_F3_b.mzML
PXD026149	20180826_rmi049_75idPLRPS_APA_CD3_IEX_FT_F4_a_ms2.msalign	23	88	20180826_rmi049_75idPLRPS_APA_CD3_IEX_FT_F4_a.mzML
PXD026149	20180828_rmi049_75idPLRPS_APA_CD3_IEX_200_F3_a_ms2.msalign	23	88	20180828_rmi049_75idPLRPS_APA_CD3_IEX_200_F3_a.mzML
PXD026149	20180828_rmi049_75idPLRPS_APA_CD3_IEX_200_F3_c_ms2.msalign	23	88	20180828_rmi049_75idPLRPS_APA_CD3_IEX_200_F3_c.mzML
PXD026149	20180828_rmi049_75idPLRPS_APA_CD3_IEX_200_F3_b_ms2.msalign	23	88	20180828_rmi049_75idPLRPS_APA_CD3_IEX_200_F3_b.mzML
PXD026149	20180826_rmi049_75idPLRPS_APA_CD3_IEX_FT_F3_a_ms2.msalign	23	88	20180826_rmi049_75idPLRPS_APA_CD3_IEX_FT_F3_a.mzML
PXD026149	20180826_rmi049_75idPLRPS_APA_CD3_IEX_FT_F3_b_ms2.msalign	23	88	20180826_rmi049_75idPLRPS_APA_CD3_IEX_FT_F3_b.mzML
PXD026149	20180826_rmi049_75idPLRPS_APA_CD3_IEX_FT_F3_c_ms2.msalign	23	88	20180826_rmi049_75idPLRPS_APA_CD3_IEX_FT_F3_c.mzML
PXD026149	20181101_rmi049_75idPLRPS_APA_CD3_IEX_1M_F2_c_ms2.msalign	23	88	20181101_rmi049_75idPLRPS_APA_CD3_IEX_1M_F2_c.mzML
PXD026149	20181101_rmi049_75idPLRPS_APA_CD3_IEX_1M_F2_b_ms2.msalign	23	88	20181101_rmi049_75idPLRPS_APA_CD3_IEX_1M_F2_b.mzML
PXD026149	20181101_rmi049_75idPLRPS_APA_CD3_IEX_1M_F2_a_ms2.msalign	23	88	20181101_rmi049_75idPLRPS_APA_CD3_IEX_1M_F2_a.mzML
PXD026149	20180828_rmi049_75idPLRPS_APA_CD3_IEX_200_F2_a_ms2.msalign	23	88	20180828_rmi049_75idPLRPS_APA_CD3_IEX_200_F2_a.mzML
PXD026149	20181030_rmi049_75idPLRPS_APA_CD3_IEX_500_F2_b_ms2.msalign	23	88	20181030_rmi049_75idPLRPS_APA_CD3_IEX_500_F2_b.mzML
PXD026149	20181030_rmi049_75idPLRPS_APA_CD3_IEX_500_F2_c_ms2.msalign	23	88	20181030_rmi049_75idPLRPS_APA_CD3_IEX_500_F2_c.mzML
PXD026149	20180828_rmi049_75idPLRPS_APA_CD3_IEX_200_F2_c_ms2.msalign	23	88	20180828_rmi049_75idPLRPS_APA_CD3_IEX_200_F2_c.mzML
PXD026149	20180828_rmi049_75idPLRPS_APA_CD3_IEX_200_F2_b_ms2.msalign	23	88	20180828_rmi049_75idPLRPS_APA_CD3_IEX_200_F2_b.mzML
PXD026149	20181030_rmi049_75idPLRPS_APA_CD3_IEX_500_F2_a_ms2.msalign	23	88	20181030_rmi049_75idPLRPS_APA_CD3_IEX_500_F2_a.mzML
PXD026149	20180828_rmi049_75idPLRPS_APA_CD3_IEX_200_F1_c_ms2.msalign	23	88	20180828_rmi049_75idPLRPS_APA_CD3_IEX_200_F1_c.mzML
PXD026149	20180828_rmi049_75idPLRPS_APA_CD3_IEX_200_F1_b_ms2.msalign	23	88	20180828_rmi049_75idPLRPS_APA_CD3_IEX_200_F1_b.mzML
PXD026149	20180826_rmi049_75idPLRPS_APA_CD3_IEX_FT_F2_c_ms2.msalign	23	88	20180826_rmi049_75idPLRPS_APA_CD3_IEX_FT_F2_c.mzML
PXD026149	20180828_rmi049_75idPLRPS_APA_CD3_IEX_200_F1_a_ms2.msalign	23	88	20180828_rmi049_75idPLRPS_APA_CD3_IEX_200_F1_a.mzML
PXD026149	20180826_rmi049_75idPLRPS_APA_CD3_IEX_FT_F2_b_ms2.msalign	23	88	20180826_rmi049_75idPLRPS_APA_CD3_IEX_FT_F2_b.mzML
PXD026149	20180826_rmi049_75idPLRPS_APA_CD3_IEX_FT_F2_a_ms2.msalign	23	88	20180826_rmi049_75idPLRPS_APA_CD3_IEX_FT_F2_a.mzML
PXD026149	20180826_rmi049_75idPLRPS_APA_CD3_IEX_FT_F1_a_ms2.msalign	23	88	20180826_rmi049_75idPLRPS_APA_CD3_IEX_FT_F1_a.mzML
PXD026149	20180826_rmi049_75idPLRPS_APA_CD3_IEX_FT_F1_c_ms2.msalign	23	88	20180826_rmi049_75idPLRPS_APA_CD3_IEX_FT_F1_c.mzML
PXD026149	20180826_rmi049_75idPLRPS_APA_CD3_IEX_FT_F1_b_ms2.msalign	23	88	20180826_rmi049_75idPLRPS_APA_CD3_IEX_FT_F1_b.mzML
PXD026149	20181030_rmi049_75idPLRPS_APA_CD3_IEX_500_F1_a_ms2.msalign	23	88	20181030_rmi049_75idPLRPS_APA_CD3_IEX_500_F1_a.mzML
PXD026149	20181030_rmi049_75idPLRPS_APA_CD3_IEX_500_F1_c_ms2.msalign	23	88	20181030_rmi049_75idPLRPS_APA_CD3_IEX_500_F1_c.mzML
PXD026149	20181030_rmi049_75idPLRPS_APA_CD3_IEX_500_F1_b_ms2.msalign	23	88	20181030_rmi049_75idPLRPS_APA_CD3_IEX_500_F1_b.mzML
PXD026149	20181101_rmi049_75idPLRPS_APA_CD3_IEX_1M_F1_a_ms2.msalign	23	88	20181101_rmi049_75idPLRPS_APA_CD3_IEX_1M_F1_a.mzML
PXD026149	20181101_rmi049_75idPLRPS_APA_CD3_IEX_1M_F1_c_ms2.msalign	23	88	20181101_rmi049_75idPLRPS_APA_CD3_IEX_1M_F1_c.mzML
PXD026149	20181101_rmi049_75idPLRPS_APA_CD3_IEX_1M_F1_b_ms2.msalign	23	88	20181101_rmi049_75idPLRPS_APA_CD3_IEX_1M_F1_b.mzML
PXD026150	20181103_rmi049_75idPLRPS_APA_Platelets_GF12_F4_b_ms2.msalign	23	89	20181103_rmi049_75idPLRPS_APA_Platelets_GF12_F4_b.mzML
PXD026150	20181103_rmi049_75idPLRPS_APA_Platelets_GF12_F4_a_ms2.msalign	23	89	20181103_rmi049_75idPLRPS_APA_Platelets_GF12_F4_a.mzML
PXD026150	20181103_rmi049_75idPLRPS_APA_Platelets_GF12_F4_c_ms2.msalign	23	89	20181103_rmi049_75idPLRPS_APA_Platelets_GF12_F4_c.mzML
PXD026150	20181103_rmi049_75idPLRPS_APA_Platelets_GF12_F3_b_ms2.msalign	23	89	20181103_rmi049_75idPLRPS_APA_Platelets_GF12_F3_b.mzML
PXD026150	20181103_rmi049_75idPLRPS_APA_Platelets_GF12_F3_c_ms2.msalign	23	89	20181103_rmi049_75idPLRPS_APA_Platelets_GF12_F3_c.mzML
PXD026150	20181103_rmi049_75idPLRPS_APA_Platelets_GF12_F3_a_ms2.msalign	23	89	20181103_rmi049_75idPLRPS_APA_Platelets_GF12_F3_a.mzML
PXD026150	20181103_rmi049_75idPLRPS_APA_Platelets_GF12_F1_c_ms2.msalign	23	89	20181103_rmi049_75idPLRPS_APA_Platelets_GF12_F1_c.mzML
PXD026150	20181103_rmi049_75idPLRPS_APA_Platelets_GF12_F2_c_ms2.msalign	23	89	20181103_rmi049_75idPLRPS_APA_Platelets_GF12_F2_c.mzML
PXD026150	20181103_rmi049_75idPLRPS_APA_Platelets_GF12_F2_b_ms2.msalign	23	89	20181103_rmi049_75idPLRPS_APA_Platelets_GF12_F2_b.mzML
PXD026150	20181103_rmi049_75idPLRPS_APA_Platelets_GF12_F2_a_ms2.msalign	23	89	20181103_rmi049_75idPLRPS_APA_Platelets_GF12_F2_a.mzML
PXD026150	20181103_rmi049_75idPLRPS_APA_Platelets_GF12_F1_a_ms2.msalign	23	89	20181103_rmi049_75idPLRPS_APA_Platelets_GF12_F1_a.mzML
PXD026150	20181103_rmi049_75idPLRPS_APA_Platelets_GF12_F1_b_ms2.msalign	23	89	20181103_rmi049_75idPLRPS_APA_Platelets_GF12_F1_b.mzML
PXD026151	20181116_rmi049_75idPLRPS_APA_Platelets_PM_F6_c_ms2.msalign	23	90	20181116_rmi049_75idPLRPS_APA_Platelets_PM_F6_c.mzML
PXD026151	20181116_rmi049_75idPLRPS_APA_Platelets_PM_F6_b_ms2.msalign	23	90	20181116_rmi049_75idPLRPS_APA_Platelets_PM_F6_b.mzML
PXD026151	20181116_rmi049_75idPLRPS_APA_Platelets_PM_F6_a_ms2.msalign	23	90	20181116_rmi049_75idPLRPS_APA_Platelets_PM_F6_a.mzML
PXD026151	20181116_rmi049_75idPLRPS_APA_Platelets_PM_F5_c_ms2.msalign	23	90	20181116_rmi049_75idPLRPS_APA_Platelets_PM_F5_c.mzML
PXD026151	20181116_rmi049_75idPLRPS_APA_Platelets_PM_F5_b_ms2.msalign	23	90	20181116_rmi049_75idPLRPS_APA_Platelets_PM_F5_b.mzML
PXD026151	20181116_rmi049_75idPLRPS_APA_Platelets_PM_F5_a_ms2.msalign	23	90	20181116_rmi049_75idPLRPS_APA_Platelets_PM_F5_a.mzML
PXD026151	20181116_rmi049_75idPLRPS_APA_Platelets_PM_F9_b_ms2.msalign	23	90	20181116_rmi049_75idPLRPS_APA_Platelets_PM_F9_b.mzML
PXD026151	20181116_rmi049_75idPLRPS_APA_Platelets_PM_F9_a_ms2.msalign	23	90	20181116_rmi049_75idPLRPS_APA_Platelets_PM_F9_a.mzML
PXD026151	20181116_rmi049_75idPLRPS_APA_Platelets_PM_F8_c_ms2.msalign	23	90	20181116_rmi049_75idPLRPS_APA_Platelets_PM_F8_c.mzML
PXD026151	20181116_rmi049_75idPLRPS_APA_Platelets_PM_F8_b_ms2.msalign	23	90	20181116_rmi049_75idPLRPS_APA_Platelets_PM_F8_b.mzML
PXD026151	20181116_rmi049_75idPLRPS_APA_Platelets_PM_F8_a_ms2.msalign	23	90	20181116_rmi049_75idPLRPS_APA_Platelets_PM_F8_a.mzML
PXD026151	20181116_rmi049_75idPLRPS_APA_Platelets_PM_F7_a_ms2.msalign	23	90	20181116_rmi049_75idPLRPS_APA_Platelets_PM_F7_a.mzML
PXD026151	20181116_rmi049_75idPLRPS_APA_Platelets_PM_F4_c_ms2.msalign	23	90	20181116_rmi049_75idPLRPS_APA_Platelets_PM_F4_c.mzML
PXD026151	20181116_rmi049_75idPLRPS_APA_Platelets_PM_F9_c_ms2.msalign	23	90	20181116_rmi049_75idPLRPS_APA_Platelets_PM_F9_c.mzML
PXD026151	20181116_rmi049_75idPLRPS_APA_Platelets_PM_F7_c_ms2.msalign	23	90	20181116_rmi049_75idPLRPS_APA_Platelets_PM_F7_c.mzML
PXD026151	20181116_rmi049_75idPLRPS_APA_Platelets_PM_F7_b_ms2.msalign	23	90	20181116_rmi049_75idPLRPS_APA_Platelets_PM_F7_b.mzML
PXD026151	20181116_rmi049_75idPLRPS_APA_Platelets_PM_F4_b_ms2.msalign	23	90	20181116_rmi049_75idPLRPS_APA_Platelets_PM_F4_b.mzML
PXD026151	20181116_rmi049_75idPLRPS_APA_Platelets_PM_F4_a_ms2.msalign	23	90	20181116_rmi049_75idPLRPS_APA_Platelets_PM_F4_a.mzML
PXD026151	20181116_rmi049_75idPLRPS_APA_Platelets_PM_F3_c_ms2.msalign	23	90	20181116_rmi049_75idPLRPS_APA_Platelets_PM_F3_c.mzML
PXD026151	20181116_rmi049_75idPLRPS_APA_Platelets_PM_F3_a_ms2.msalign	23	90	20181116_rmi049_75idPLRPS_APA_Platelets_PM_F3_a.mzML
PXD026151	20181116_rmi049_75idPLRPS_APA_Platelets_PM_F3_b_ms2.msalign	23	90	20181116_rmi049_75idPLRPS_APA_Platelets_PM_F3_b.mzML
PXD026151	20181116_rmi049_75idPLRPS_APA_Platelets_PM_F2_a_ms2.msalign	23	90	20181116_rmi049_75idPLRPS_APA_Platelets_PM_F2_a.mzML
PXD026151	20181116_rmi049_75idPLRPS_APA_Platelets_PM_F2_c_ms2.msalign	23	90	20181116_rmi049_75idPLRPS_APA_Platelets_PM_F2_c.mzML
PXD026151	20181116_rmi049_75idPLRPS_APA_Platelets_PM_F2_b_ms2.msalign	23	90	20181116_rmi049_75idPLRPS_APA_Platelets_PM_F2_b.mzML
PXD026151	20181116_rmi049_75idPLRPS_APA_Platelets_PM_F1_a_ms2.msalign	23	90	20181116_rmi049_75idPLRPS_APA_Platelets_PM_F1_a.mzML
PXD026151	20181116_rmi049_75idPLRPS_APA_Platelets_PM_F1_c_ms2.msalign	23	90	20181116_rmi049_75idPLRPS_APA_Platelets_PM_F1_c.mzML
PXD026151	20181116_rmi049_75idPLRPS_APA_Platelets_PM_F1_b_ms2.msalign	23	90	20181116_rmi049_75idPLRPS_APA_Platelets_PM_F1_b.mzML
PXD026156	20181105_rmi049_75idPLRPS_APA_CD34_Cyto_F3_b_2_ms2.msalign	23	91	20181105_rmi049_75idPLRPS_APA_CD34_Cyto_F3_b_2.mzML
PXD026156	20181107_rmi049_75idPLRPS_APA_CD34_Nuc_F4_a_ms2.msalign	23	91	20181107_rmi049_75idPLRPS_APA_CD34_Nuc_F4_a.mzML
PXD026156	20181107_rmi049_75idPLRPS_APA_CD34_Nuc_F4_c_ms2.msalign	23	91	20181107_rmi049_75idPLRPS_APA_CD34_Nuc_F4_c.mzML
PXD026156	20181107_rmi049_75idPLRPS_APA_CD34_Nuc_F4_b_ms2.msalign	23	91	20181107_rmi049_75idPLRPS_APA_CD34_Nuc_F4_b.mzML
PXD026156	20181107_rmi049_75idPLRPS_APA_CD34_Nuc_F3_c_ms2.msalign	23	91	20181107_rmi049_75idPLRPS_APA_CD34_Nuc_F3_c.mzML
PXD026156	20181107_rmi049_75idPLRPS_APA_CD34_Nuc_F3_b_ms2.msalign	23	91	20181107_rmi049_75idPLRPS_APA_CD34_Nuc_F3_b.mzML
PXD026156	20181107_rmi049_75idPLRPS_APA_CD34_Nuc_F3_a_ms2.msalign	23	91	20181107_rmi049_75idPLRPS_APA_CD34_Nuc_F3_a.mzML
PXD026156	20181107_rmi049_75idPLRPS_APA_CD34_Nuc_F2_c_ms2.msalign	23	91	20181107_rmi049_75idPLRPS_APA_CD34_Nuc_F2_c.mzML
PXD026156	20181105_rmi049_75idPLRPS_APA_CD34_Cyto_F4_b_ms2.msalign	23	91	20181105_rmi049_75idPLRPS_APA_CD34_Cyto_F4_b.mzML
PXD026156	20181105_rmi049_75idPLRPS_APA_CD34_Cyto_F4_c_ms2.msalign	23	91	20181105_rmi049_75idPLRPS_APA_CD34_Cyto_F4_c.mzML
PXD026156	20181107_rmi049_75idPLRPS_APA_CD34_Nuc_F2_b_ms2.msalign	23	91	20181107_rmi049_75idPLRPS_APA_CD34_Nuc_F2_b.mzML
PXD026156	20181105_rmi049_75idPLRPS_APA_CD34_Cyto_F3_b_ms2.msalign	23	91	20181105_rmi049_75idPLRPS_APA_CD34_Cyto_F3_b.mzML
PXD026156	20181105_rmi049_75idPLRPS_APA_CD34_Cyto_F4_a_ms2.msalign	23	91	20181105_rmi049_75idPLRPS_APA_CD34_Cyto_F4_a.mzML
PXD026156	20181107_rmi049_75idPLRPS_APA_CD34_Nuc_F2_a_ms2.msalign	23	91	20181107_rmi049_75idPLRPS_APA_CD34_Nuc_F2_a.mzML
PXD026156	20181105_rmi049_75idPLRPS_APA_CD34_Cyto_F3_a_ms2.msalign	23	91	20181105_rmi049_75idPLRPS_APA_CD34_Cyto_F3_a.mzML
PXD026156	20181107_rmi049_75idPLRPS_APA_CD34_Nuc_F1_c_ms2.msalign	23	91	20181107_rmi049_75idPLRPS_APA_CD34_Nuc_F1_c.mzML
PXD026156	20181105_rmi049_75idPLRPS_APA_CD34_Cyto_F3_c_ms2.msalign	23	91	20181105_rmi049_75idPLRPS_APA_CD34_Cyto_F3_c.mzML
PXD026156	20181105_rmi049_75idPLRPS_APA_CD34_Cyto_F2_a_ms2.msalign	23	91	20181105_rmi049_75idPLRPS_APA_CD34_Cyto_F2_a.mzML
PXD026156	20181107_rmi049_75idPLRPS_APA_CD34_Nuc_F1_b_ms2.msalign	23	91	20181107_rmi049_75idPLRPS_APA_CD34_Nuc_F1_b.mzML
PXD026156	20181105_rmi049_75idPLRPS_APA_CD34_Cyto_F2_b_ms2.msalign	23	91	20181105_rmi049_75idPLRPS_APA_CD34_Cyto_F2_b.mzML
PXD026156	20181107_rmi049_75idPLRPS_APA_CD34_Nuc_F1_a_ms2.msalign	23	91	20181107_rmi049_75idPLRPS_APA_CD34_Nuc_F1_a.mzML
PXD026156	20181105_rmi049_75idPLRPS_APA_CD34_Cyto_F2_c_ms2.msalign	23	91	20181105_rmi049_75idPLRPS_APA_CD34_Cyto_F2_c.mzML
PXD026156	20181105_rmi049_75idPLRPS_APA_CD34_Cyto_F1_c_ms2.msalign	23	91	20181105_rmi049_75idPLRPS_APA_CD34_Cyto_F1_c.mzML
PXD026156	20181105_rmi049_75idPLRPS_APA_CD34_Cyto_F1_b_ms2.msalign	23	91	20181105_rmi049_75idPLRPS_APA_CD34_Cyto_F1_b.mzML
PXD026156	20181105_rmi049_75idPLRPS_APA_CD34_Cyto_F1_a_ms2.msalign	23	91	20181105_rmi049_75idPLRPS_APA_CD34_Cyto_F1_a.mzML
PXD026157	20190107_rvg262_75idPLRPS_APA_CD3_F2_T3_20190108192909_ms2.msalign	23	92	20190107_rvg262_75idPLRPS_APA_CD3_F2_T3_20190108192909.mzML
PXD026157	20190107_rvg262_75idPLRPS_APA_CD3_F2_T2_20190108175514_ms2.msalign	23	92	20190107_rvg262_75idPLRPS_APA_CD3_F2_T2_20190108175514.mzML
PXD026157	20190107_rvg262_75idPLRPS_APA_CD3_F2_T1_20190108160401_ms2.msalign	23	92	20190107_rvg262_75idPLRPS_APA_CD3_F2_T1_20190108160401.mzML
PXD026157	20190107_rvg262_75idPLRPS_APA_CD3_F1_T3_20190109093408_ms2.msalign	23	92	20190107_rvg262_75idPLRPS_APA_CD3_F1_T3_20190109093408.mzML
PXD026157	20190107_rvg262_75idPLRPS_APA_CD3_F1_T2_20190109080009_ms2.msalign	23	92	20190107_rvg262_75idPLRPS_APA_CD3_F1_T2_20190109080009.mzML
PXD026157	20190107_rvg262_75idPLRPS_APA_CD3_F1_T1_20190109062616_ms2.msalign	23	92	20190107_rvg262_75idPLRPS_APA_CD3_F1_T1_20190109062616.mzML
PXD026157	20190107_rvg262_75idPLRPS_APA_CD3_F1_T3_ms2.msalign	23	92	20190107_rvg262_75idPLRPS_APA_CD3_F1_T3.mzML
PXD026157	20190107_rvg262_75idPLRPS_APA_CD3_F1_T1_20190107161827_ms2.msalign	23	92	20190107_rvg262_75idPLRPS_APA_CD3_F1_T1_20190107161827.mzML
PXD026157	20190107_rvg262_75idPLRPS_APA_CD3_F1_T2_ms2.msalign	23	92	20190107_rvg262_75idPLRPS_APA_CD3_F1_T2.mzML
PXD026159	20181120_rmi049_75idPLRPS_APA_RBC_Water-U_grad22-45_a_ms2.msalign	23	94	20181120_rmi049_75idPLRPS_APA_RBC_Water-U_grad22-45_a.mzML
PXD026159	20181120_rmi049_75idPLRPS_APA_RBC_Water_grad28-38_a_ms2.msalign	23	94	20181120_rmi049_75idPLRPS_APA_RBC_Water_grad28-38_a.mzML
PXD026159	20181120_rmi049_75idPLRPS_APA_RBC_Water-U_grad28-38_a_ms2.msalign	23	94	20181120_rmi049_75idPLRPS_APA_RBC_Water-U_grad28-38_a.mzML
PXD026159	20181120_rmi049_75idPLRPS_APA_RBC_Water_a_ms2.msalign	23	94	20181120_rmi049_75idPLRPS_APA_RBC_Water_a.mzML
PXD026159	20181120_rmi049_75idPLRPS_APA_RBC_Water_grad25-40_a_ms2.msalign	23	94	20181120_rmi049_75idPLRPS_APA_RBC_Water_grad25-40_a.mzML
PXD026159	20181120_rmi049_75idPLRPS_APA_RBC_Water_grad22-45_a_ms2.msalign	23	94	20181120_rmi049_75idPLRPS_APA_RBC_Water_grad22-45_a.mzML
PXD026160	20190225_rmi049_75idPLRPS_APA_Mono_CD14_CD16-_Neg_Nuc_F2_a_ms2.msalign	23	95	20190225_rmi049_75idPLRPS_APA_Mono_CD14_CD16-_Neg_Nuc_F2_a.mzML
PXD026160	20190225_rmi049_75idPLRPS_APA_Mono_CD14_CD16-_Neg_Nuc_F3_b_ms2.msalign	23	95	20190225_rmi049_75idPLRPS_APA_Mono_CD14_CD16-_Neg_Nuc_F3_b.mzML
PXD026160	20190225_rmi049_75idPLRPS_APA_Mono_CD14_CD16-_Neg_Nuc_F3_c_ms2.msalign	23	95	20190225_rmi049_75idPLRPS_APA_Mono_CD14_CD16-_Neg_Nuc_F3_c.mzML
PXD026160	20190225_rmi049_75idPLRPS_APA_Mono_CD14_CD16-_Neg_Nuc_F3_a_ms2.msalign	23	95	20190225_rmi049_75idPLRPS_APA_Mono_CD14_CD16-_Neg_Nuc_F3_a.mzML
PXD026160	20190225_rmi049_75idPLRPS_APA_Mono_CD14_CD16-_Neg_Nuc_F2_b_ms2.msalign	23	95	20190225_rmi049_75idPLRPS_APA_Mono_CD14_CD16-_Neg_Nuc_F2_b.mzML
PXD026160	20190225_rmi049_75idPLRPS_APA_Mono_CD14_CD16-_Neg_Nuc_F4_c_ms2.msalign	23	95	20190225_rmi049_75idPLRPS_APA_Mono_CD14_CD16-_Neg_Nuc_F4_c.mzML
PXD026160	20190225_rmi049_75idPLRPS_APA_Mono_CD14_CD16-_Neg_Nuc_F4_a_ms2.msalign	23	95	20190225_rmi049_75idPLRPS_APA_Mono_CD14_CD16-_Neg_Nuc_F4_a.mzML
PXD026160	20190225_rmi049_75idPLRPS_APA_Mono_CD14_CD16-_Neg_Nuc_F4_b_ms2.msalign	23	95	20190225_rmi049_75idPLRPS_APA_Mono_CD14_CD16-_Neg_Nuc_F4_b.mzML
PXD026160	20190225_rmi049_75idPLRPS_APA_Mono_CD14_CD16-_Neg_Nuc_F2_c_20190226130738_ms2.msalign	23	95	20190225_rmi049_75idPLRPS_APA_Mono_CD14_CD16-_Neg_Nuc_F2_c_20190226130738.mzML
PXD026160	20190225_rmi049_75idPLRPS_APA_Mono_CD14_CD16-_Neg_Nuc_F1_c_ms2.msalign	23	95	20190225_rmi049_75idPLRPS_APA_Mono_CD14_CD16-_Neg_Nuc_F1_c.mzML
PXD026160	20190225_rmi049_75idPLRPS_APA_Mono_CD14_CD16-_Neg_Nuc_F1_b_20190225220851_ms2.msalign	23	95	20190225_rmi049_75idPLRPS_APA_Mono_CD14_CD16-_Neg_Nuc_F1_b_20190225220851.mzML
PXD026160	20190225_rmi049_75idPLRPS_APA_Mono_CD14_CD16-_Neg_Nuc_F1_a_20190225203603_ms2.msalign	23	95	20190225_rmi049_75idPLRPS_APA_Mono_CD14_CD16-_Neg_Nuc_F1_a_20190225203603.mzML
PXD026160	20190221_rmi049_75idPLRPS_APA_Mono_CD14_CD16-_Neg_Cyto_F4_a_ms2.msalign	23	95	20190221_rmi049_75idPLRPS_APA_Mono_CD14_CD16-_Neg_Cyto_F4_a.mzML
PXD026160	20190221_rmi049_75idPLRPS_APA_Mono_CD14_CD16-_Neg_Cyto_F4_c_ms2.msalign	23	95	20190221_rmi049_75idPLRPS_APA_Mono_CD14_CD16-_Neg_Cyto_F4_c.mzML
PXD026160	20190221_rmi049_75idPLRPS_APA_Mono_CD14_CD16-_Neg_Cyto_F4_b_ms2.msalign	23	95	20190221_rmi049_75idPLRPS_APA_Mono_CD14_CD16-_Neg_Cyto_F4_b.mzML
PXD026160	20190221_rmi049_75idPLRPS_APA_Mono_CD14_CD16-_Neg_Cyto_F3_a_ms2.msalign	23	95	20190221_rmi049_75idPLRPS_APA_Mono_CD14_CD16-_Neg_Cyto_F3_a.mzML
PXD026160	20190221_rmi049_75idPLRPS_APA_Mono_CD14_CD16-_Neg_Cyto_F3_b_ms2.msalign	23	95	20190221_rmi049_75idPLRPS_APA_Mono_CD14_CD16-_Neg_Cyto_F3_b.mzML
PXD026160	20190221_rmi049_75idPLRPS_APA_Mono_CD14_CD16-_Neg_Cyto_F3_c_ms2.msalign	23	95	20190221_rmi049_75idPLRPS_APA_Mono_CD14_CD16-_Neg_Cyto_F3_c.mzML
PXD026160	20190221_rmi049_75idPLRPS_APA_Mono_CD14_CD16-_Neg_Cyto_F2_a_ms2.msalign	23	95	20190221_rmi049_75idPLRPS_APA_Mono_CD14_CD16-_Neg_Cyto_F2_a.mzML
PXD026160	20190221_rmi049_75idPLRPS_APA_Mono_CD14_CD16-_Neg_Cyto_F1_c_ms2.msalign	23	95	20190221_rmi049_75idPLRPS_APA_Mono_CD14_CD16-_Neg_Cyto_F1_c.mzML
PXD026160	20190221_rmi049_75idPLRPS_APA_Mono_CD14_CD16-_Neg_Cyto_F2_b_ms2.msalign	23	95	20190221_rmi049_75idPLRPS_APA_Mono_CD14_CD16-_Neg_Cyto_F2_b.mzML
PXD026160	20190221_rmi049_75idPLRPS_APA_Mono_CD14_CD16-_Neg_Cyto_F2_c_ms2.msalign	23	95	20190221_rmi049_75idPLRPS_APA_Mono_CD14_CD16-_Neg_Cyto_F2_c.mzML
PXD026160	20190221_rmi049_75idPLRPS_APA_Mono_CD14_CD16-_Neg_Cyto_F1_b_ms2.msalign	23	95	20190221_rmi049_75idPLRPS_APA_Mono_CD14_CD16-_Neg_Cyto_F1_b.mzML
PXD026160	20190221_rmi049_75idPLRPS_APA_Mono_CD14_CD16-_Neg_Cyto_F1_a_ms2.msalign	23	95	20190221_rmi049_75idPLRPS_APA_Mono_CD14_CD16-_Neg_Cyto_F1_a.mzML
PXD026161	20190227_rmi049_75idPLRPS_APA_Mono_CD14__Pos_Nuc_F3_a_ms2.msalign	23	96	20190227_rmi049_75idPLRPS_APA_Mono_CD14__Pos_Nuc_F3_a.mzML
PXD026161	20190227_rmi049_75idPLRPS_APA_Mono_CD14__Pos_Nuc_F3_c_ms2.msalign	23	96	20190227_rmi049_75idPLRPS_APA_Mono_CD14__Pos_Nuc_F3_c.mzML
PXD026161	20190227_rmi049_75idPLRPS_APA_Mono_CD14__Pos_Nuc_F3_b_ms2.msalign	23	96	20190227_rmi049_75idPLRPS_APA_Mono_CD14__Pos_Nuc_F3_b.mzML
PXD026161	20190227_rmi049_75idPLRPS_APA_Mono_CD14__Pos_Nuc_F4_a_ms2.msalign	23	96	20190227_rmi049_75idPLRPS_APA_Mono_CD14__Pos_Nuc_F4_a.mzML
PXD026161	20190227_rmi049_75idPLRPS_APA_Mono_CD14__Pos_Nuc_F4_b_ms2.msalign	23	96	20190227_rmi049_75idPLRPS_APA_Mono_CD14__Pos_Nuc_F4_b.mzML
PXD026161	20190227_rmi049_75idPLRPS_APA_Mono_CD14__Pos_Nuc_F4_c_ms2.msalign	23	96	20190227_rmi049_75idPLRPS_APA_Mono_CD14__Pos_Nuc_F4_c.mzML
PXD026161	20190227_rmi049_75idPLRPS_APA_Mono_CD14__Pos_Nuc_F2_a_ms2.msalign	23	96	20190227_rmi049_75idPLRPS_APA_Mono_CD14__Pos_Nuc_F2_a.mzML
PXD026161	20190227_rmi049_75idPLRPS_APA_Mono_CD14__Pos_Nuc_F2_b_ms2.msalign	23	96	20190227_rmi049_75idPLRPS_APA_Mono_CD14__Pos_Nuc_F2_b.mzML
PXD026161	20190227_rmi049_75idPLRPS_APA_Mono_CD14__Pos_Nuc_F2_c_ms2.msalign	23	96	20190227_rmi049_75idPLRPS_APA_Mono_CD14__Pos_Nuc_F2_c.mzML
PXD026161	20190227_rmi049_75idPLRPS_APA_Mono_CD14__Pos_Nuc_F1_b_ms2.msalign	23	96	20190227_rmi049_75idPLRPS_APA_Mono_CD14__Pos_Nuc_F1_b.mzML
PXD026161	20190227_rmi049_75idPLRPS_APA_Mono_CD14__Pos_Nuc_F1_c_ms2.msalign	23	96	20190227_rmi049_75idPLRPS_APA_Mono_CD14__Pos_Nuc_F1_c.mzML
PXD026161	20190227_rmi049_75idPLRPS_APA_Mono_CD14__Pos_Nuc_F1_a_ms2.msalign	23	96	20190227_rmi049_75idPLRPS_APA_Mono_CD14__Pos_Nuc_F1_a.mzML
PXD026161	20190221_rmi049_75idPLRPS_APA_Mono_CD14__Pos_Cyto_F2_a_ms2.msalign	23	96	20190221_rmi049_75idPLRPS_APA_Mono_CD14__Pos_Cyto_F2_a.mzML
PXD026161	20190221_rmi049_75idPLRPS_APA_Mono_CD14__Pos_Cyto_F4_a_ms2.msalign	23	96	20190221_rmi049_75idPLRPS_APA_Mono_CD14__Pos_Cyto_F4_a.mzML
PXD026161	20190221_rmi049_75idPLRPS_APA_Mono_CD14__Pos_Cyto_F4_b_ms2.msalign	23	96	20190221_rmi049_75idPLRPS_APA_Mono_CD14__Pos_Cyto_F4_b.mzML
PXD026161	20190221_rmi049_75idPLRPS_APA_Mono_CD14__Pos_Cyto_F4_c_ms2.msalign	23	96	20190221_rmi049_75idPLRPS_APA_Mono_CD14__Pos_Cyto_F4_c.mzML
PXD026161	20190221_rmi049_75idPLRPS_APA_Mono_CD14__Pos_Cyto_F2_c_ms2.msalign	23	96	20190221_rmi049_75idPLRPS_APA_Mono_CD14__Pos_Cyto_F2_c.mzML
PXD026161	20190221_rmi049_75idPLRPS_APA_Mono_CD14__Pos_Cyto_F2_b_ms2.msalign	23	96	20190221_rmi049_75idPLRPS_APA_Mono_CD14__Pos_Cyto_F2_b.mzML
PXD026161	20190221_rmi049_75idPLRPS_APA_Mono_CD14__Pos_Cyto_F3_a_ms2.msalign	23	96	20190221_rmi049_75idPLRPS_APA_Mono_CD14__Pos_Cyto_F3_a.mzML
PXD026161	20190221_rmi049_75idPLRPS_APA_Mono_CD14__Pos_Cyto_F3_b_ms2.msalign	23	96	20190221_rmi049_75idPLRPS_APA_Mono_CD14__Pos_Cyto_F3_b.mzML
PXD026161	20190221_rmi049_75idPLRPS_APA_Mono_CD14__Pos_Cyto_F3_c_ms2.msalign	23	96	20190221_rmi049_75idPLRPS_APA_Mono_CD14__Pos_Cyto_F3_c.mzML
PXD026161	20190221_rmi049_75idPLRPS_APA_Mono_CD14__Pos_Cyto_F1_c_ms2.msalign	23	96	20190221_rmi049_75idPLRPS_APA_Mono_CD14__Pos_Cyto_F1_c.mzML
PXD026161	20190221_rmi049_75idPLRPS_APA_Mono_CD14__Pos_Cyto_F1_b_ms2.msalign	23	96	20190221_rmi049_75idPLRPS_APA_Mono_CD14__Pos_Cyto_F1_b.mzML
PXD026161	20190221_rmi049_75idPLRPS_APA_Mono_CD14__Pos_Cyto_F1_a_ms2.msalign	23	96	20190221_rmi049_75idPLRPS_APA_Mono_CD14__Pos_Cyto_F1_a.mzML
PXD026162	06102019_RVG262_PLRPS_FAIMS_CV_neg120_F1_CD3_-120_ms2.msalign	23	97	06102019_RVG262_PLRPS_FAIMS_CV_neg120_F1_CD3.mzML
PXD026162	06102019_RVG262_PLRPS_FAIMS_CV_neg110_F1_CD3_-110_ms2.msalign	23	97	06102019_RVG262_PLRPS_FAIMS_CV_neg110_F1_CD3.mzML
PXD026162	06102019_RVG262_PLRPS_FAIMS_CV_Neg100_F1_CD3_-100_ms2.msalign	23	97	06102019_RVG262_PLRPS_FAIMS_CV_Neg100_F1_CD3.mzML
PXD026162	06102019_RVG262_PLRPS_FAIMS_CV_neg90_F1_CD3_-90_ms2.msalign	23	97	06102019_RVG262_PLRPS_FAIMS_CV_neg90_F1_CD3.mzML
PXD026162	06102019_RVG262_PLRPS_FAIMS_CV_neg80_F1_CD3_-80_ms2.msalign	23	97	06102019_RVG262_PLRPS_FAIMS_CV_neg80_F1_CD3.mzML
PXD026162	06102019_RVG262_PLRPS_FAIMS_CV_neg70_F1_CD3_-70_ms2.msalign	23	97	06102019_RVG262_PLRPS_FAIMS_CV_neg70_F1_CD3.mzML
PXD026162	06102019_RVG262_PLRPS_FAIMS_CV__F2_CD3_0L_Plus20_20_ms2.msalign	23	97	06102019_RVG262_PLRPS_FAIMS_CV__F2_CD3_0L_Plus20.mzML
PXD026162	06102019_RVG262_PLRPS_FAIMS_CV__F2_CD3_0L_Plus10_10_ms2.msalign	23	97	06102019_RVG262_PLRPS_FAIMS_CV__F2_CD3_0L_Plus10.mzML
PXD026162	06102019_RVG262_PLRPS_FAIMS_CV_neg60_F1_CD3_-60_ms2.msalign	23	97	06102019_RVG262_PLRPS_FAIMS_CV_neg60_F1_CD3.mzML
PXD026162	06102019_RVG262_PLRPS_FAIMS_CV_plus10_F1_CD3_10_ms2.msalign	23	97	06102019_RVG262_PLRPS_FAIMS_CV_plus10_F1_CD3.mzML
PXD026162	06102019_RVG262_PLRPS_FAIMS_CV_plus20_F1_CD3_20_ms2.msalign	23	97	06102019_RVG262_PLRPS_FAIMS_CV_plus20_F1_CD3.mzML
PXD026162	06102019_RVG262_PLRPS_FAIMS_CV__F2_CD3_0L_Plus30_30_ms2.msalign	23	97	06102019_RVG262_PLRPS_FAIMS_CV__F2_CD3_0L_Plus30.mzML
PXD026162	06102019_RVG262_PLRPS_FAIMS_CV__F2_CD3_0L_Plus40_40_ms2.msalign	23	97	06102019_RVG262_PLRPS_FAIMS_CV__F2_CD3_0L_Plus40.mzML
PXD026162	16mar2019_RVG262_APA_CD3_cyto_PLRPS_FAIMS_HH_p50_50_ms2.msalign	23	97	16mar2019_RVG262_APA_CD3_cyto_PLRPS_FAIMS_HH_p50.mzML
PXD026162	06102019_RVG262_PLRPS_FAIMS_CV_plus30_F1_CD3_30_ms2.msalign	23	97	06102019_RVG262_PLRPS_FAIMS_CV_plus30_F1_CD3.mzML
PXD026162	06102019_RVG262_PLRPS_FAIMS_CV__F1_CD3_0L_Plus30_30_ms2.msalign	23	97	06102019_RVG262_PLRPS_FAIMS_CV__F1_CD3_0L_Plus30.mzML
PXD026162	06102019_RVG262_PLRPS_FAIMS_CV_zero_F1_CD3_0_ms2.msalign	23	97	06102019_RVG262_PLRPS_FAIMS_CV_zero_F1_CD3.mzML
PXD026162	06102019_RVG262_PLRPS_FAIMS_CV_neg50_F1_CD3_-50_ms2.msalign	23	97	06102019_RVG262_PLRPS_FAIMS_CV_neg50_F1_CD3.mzML
PXD026162	16mar2019_RVG262_APA_CD3_cyto_PLRPS_FAIMS_HH_p40_40_ms2.msalign	23	97	16mar2019_RVG262_APA_CD3_cyto_PLRPS_FAIMS_HH_p40.mzML
PXD026162	06102019_RVG262_PLRPS_FAIMS_CV__F2_CD3_0L_Neg20_-20_ms2.msalign	23	97	06102019_RVG262_PLRPS_FAIMS_CV__F2_CD3_0L_Neg20.mzML
PXD026162	20mar2019_RVG262_APA_CD3_NUC_PLRPS_FAIMS_HH_P35_35_ms2.msalign	23	97	20mar2019_RVG262_APA_CD3_NUC_PLRPS_FAIMS_HH_P35.mzML
PXD026162	16mar2019_RVG262_APA_CD3_cyto_PLRPS_FAIMS_HH_p30_30_ms2.msalign	23	97	16mar2019_RVG262_APA_CD3_cyto_PLRPS_FAIMS_HH_p30.mzML
PXD026162	20mar2019_RVG262_APA_CD3_NUC_PLRPS_FAIMS_HH_P30_30_ms2.msalign	23	97	20mar2019_RVG262_APA_CD3_NUC_PLRPS_FAIMS_HH_P30.mzML
PXD026162	20mar2019_RVG262_APA_CD3_NUC_PLRPS_FAIMS_HH_P40_20190322042500_40_ms2.msalign	23	97	20mar2019_RVG262_APA_CD3_NUC_PLRPS_FAIMS_HH_P40_20190322042500.mzML
PXD026162	16mar2019_RVG262_APA_CD3_F2_PLRPS_FAIMS_HH_P35_35_ms2.msalign	23	97	16mar2019_RVG262_APA_CD3_F2_PLRPS_FAIMS_HH_P35.mzML
PXD026162	20mar2019_RVG262_APA_CD3_NUC_PLRPS_FAIMS_HH_P20_20_ms2.msalign	23	97	20mar2019_RVG262_APA_CD3_NUC_PLRPS_FAIMS_HH_P20.mzML
PXD026162	16mar2019_RVG262_APA_CD3_F2_PLRPS_FAIMS_HH_P40_40_ms2.msalign	23	97	16mar2019_RVG262_APA_CD3_F2_PLRPS_FAIMS_HH_P40.mzML
PXD026162	20mar2019_RVG262_APA_CD3_NUC_PLRPS_FAIMS_HH_P25_25_ms2.msalign	23	97	20mar2019_RVG262_APA_CD3_NUC_PLRPS_FAIMS_HH_P25.mzML
PXD026162	16mar2019_RVG262_APA_CD3_cyto_PLRPS_FAIMS_HH_p20_20_ms2.msalign	23	97	16mar2019_RVG262_APA_CD3_cyto_PLRPS_FAIMS_HH_p20.mzML
PXD026162	18mar2019_RVG262_APA_CD3_F3n4_PLRPS_FAIMS_HH_P20_20_ms2.msalign	23	97	18mar2019_RVG262_APA_CD3_F3n4_PLRPS_FAIMS_HH_P20.mzML
PXD026162	20mar2019_RVG262_APA_CD3_NUC_PLRPS_FAIMS_HH_P10_20190321190139_10_ms2.msalign	23	97	20mar2019_RVG262_APA_CD3_NUC_PLRPS_FAIMS_HH_P10_20190321190139.mzML
PXD026162	06102019_RVG262_PLRPS_FAIMS_CV__F2_CD3_0L_ZERO_0_ms2.msalign	23	97	06102019_RVG262_PLRPS_FAIMS_CV__F2_CD3_0L_ZERO.mzML
PXD026162	06102019_RVG262_PLRPS_FAIMS_CV_neg40_F1_CD3_-40_ms2.msalign	23	97	06102019_RVG262_PLRPS_FAIMS_CV_neg40_F1_CD3.mzML
PXD026162	16mar2019_RVG262_APA_CD3_F2_PLRPS_FAIMS_HH_P30_30_ms2.msalign	23	97	16mar2019_RVG262_APA_CD3_F2_PLRPS_FAIMS_HH_P30.mzML
PXD026162	18mar2019_RVG262_APA_CD3_F3n4_PLRPS_FAIMS_HH_P30_30_ms2.msalign	23	97	18mar2019_RVG262_APA_CD3_F3n4_PLRPS_FAIMS_HH_P30.mzML
PXD026162	16mar2019_RVG262_APA_CD3_F2_PLRPS_FAIMS_HH_P25_25_ms2.msalign	23	97	16mar2019_RVG262_APA_CD3_F2_PLRPS_FAIMS_HH_P25.mzML
PXD026162	20mar2019_RVG262_APA_CD3_NUC_PLRPS_FAIMS_HH_P15_15_ms2.msalign	23	97	20mar2019_RVG262_APA_CD3_NUC_PLRPS_FAIMS_HH_P15.mzML
PXD026162	18mar2019_RVG262_APA_CD3_F3n4_PLRPS_FAIMS_HH_P10_10_ms2.msalign	23	97	18mar2019_RVG262_APA_CD3_F3n4_PLRPS_FAIMS_HH_P10.mzML
PXD026162	16mar2019_RVG262_APA_CD3_F1_PLRPS_FAIMS_HH_P35_35_ms2.msalign	23	97	16mar2019_RVG262_APA_CD3_F1_PLRPS_FAIMS_HH_P35.mzML
PXD026162	16mar2019_RVG262_APA_CD3_F2_PLRPS_FAIMS_HH_P15_15_ms2.msalign	23	97	16mar2019_RVG262_APA_CD3_F2_PLRPS_FAIMS_HH_P15.mzML
PXD026162	20mar2019_RVG262_APA_CD3_NUC_PLRPS_FAIMS_HH_zero_0_ms2.msalign	23	97	20mar2019_RVG262_APA_CD3_NUC_PLRPS_FAIMS_HH_zero.mzML
PXD026162	16mar2019_RVG262_APA_CD3_F2_PLRPS_FAIMS_HH_P20_20_ms2.msalign	23	97	16mar2019_RVG262_APA_CD3_F2_PLRPS_FAIMS_HH_P20.mzML
PXD026162	06102019_RVG262_PLRPS_FAIMS_CV__F1_CD3_0L_Plus10_10_ms2.msalign	23	97	06102019_RVG262_PLRPS_FAIMS_CV__F1_CD3_0L_Plus10.mzML
PXD026162	16mar2019_RVG262_APA_CD3_F2_PLRPS_FAIMS_HH_P10_10_ms2.msalign	23	97	16mar2019_RVG262_APA_CD3_F2_PLRPS_FAIMS_HH_P10.mzML
PXD026162	06102019_RVG262_PLRPS_FAIMS_CV__F1_CD3_0L_ZERO_0_ms2.msalign	23	97	06102019_RVG262_PLRPS_FAIMS_CV__F1_CD3_0L_ZERO.mzML
PXD026162	06102019_RVG262_PLRPS_FAIMS_CV__F1_CD3_0L_Plus20_20_ms2.msalign	23	97	06102019_RVG262_PLRPS_FAIMS_CV__F1_CD3_0L_Plus20.mzML
PXD026162	16mar2019_RVG262_APA_CD3_F1_PLRPS_FAIMS_HH_P05_5_ms2.msalign	23	97	16mar2019_RVG262_APA_CD3_F1_PLRPS_FAIMS_HH_P05.mzML
PXD026162	16mar2019_RVG262_APA_CD3_F1_PLRPS_FAIMS_HH_P30_30_ms2.msalign	23	97	16mar2019_RVG262_APA_CD3_F1_PLRPS_FAIMS_HH_P30.mzML
PXD026162	16mar2019_RVG262_APA_CD3_F1_PLRPS_FAIMS_HH_P20_20_ms2.msalign	23	97	16mar2019_RVG262_APA_CD3_F1_PLRPS_FAIMS_HH_P20.mzML
PXD026162	16mar2019_RVG262_APA_CD3_F1_PLRPS_FAIMS_HH_zero_0_ms2.msalign	23	97	16mar2019_RVG262_APA_CD3_F1_PLRPS_FAIMS_HH_zero.mzML
PXD026162	16mar2019_RVG262_APA_CD3_F1_PLRPS_FAIMS_HH_P40_40_ms2.msalign	23	97	16mar2019_RVG262_APA_CD3_F1_PLRPS_FAIMS_HH_P40.mzML
PXD026162	16mar2019_RVG262_APA_CD3_F1_PLRPS_FAIMS_HH_P15_15_ms2.msalign	23	97	16mar2019_RVG262_APA_CD3_F1_PLRPS_FAIMS_HH_P15.mzML
PXD026162	18mar2019_RVG262_APA_CD3_F3n4_PLRPS_FAIMS_HH_zero_0_ms2.msalign	23	97	18mar2019_RVG262_APA_CD3_F3n4_PLRPS_FAIMS_HH_zero.mzML
PXD026162	16mar2019_RVG262_APA_CD3_F1_PLRPS_FAIMS_HH_P10_10_ms2.msalign	23	97	16mar2019_RVG262_APA_CD3_F1_PLRPS_FAIMS_HH_P10.mzML
PXD026162	20mar2019_RVG262_APA_CD3_NUC_PLRPS_FAIMS_HH_P5_5_ms2.msalign	23	97	20mar2019_RVG262_APA_CD3_NUC_PLRPS_FAIMS_HH_P5.mzML
PXD026162	16mar2019_RVG262_APA_CD3_F2_PLRPS_FAIMS_HH_P05_5_ms2.msalign	23	97	16mar2019_RVG262_APA_CD3_F2_PLRPS_FAIMS_HH_P05.mzML
PXD026162	16mar2019_RVG262_APA_CD3_F1_PLRPS_FAIMS_HH_P25_25_ms2.msalign	23	97	16mar2019_RVG262_APA_CD3_F1_PLRPS_FAIMS_HH_P25.mzML
PXD026162	06102019_RVG262_PLRPS_FAIMS_CV_neg30_F1_CD3_-30_ms2.msalign	23	97	06102019_RVG262_PLRPS_FAIMS_CV_neg30_F1_CD3.mzML
PXD026162	16mar2019_RVG262_APA_CD3_F2_PLRPS_FAIMS_HH_zero_0_ms2.msalign	23	97	16mar2019_RVG262_APA_CD3_F2_PLRPS_FAIMS_HH_zero.mzML
PXD026162	20mar2019_RVG262_APA_CD3_NUC_PLRPS_FAIMS_HH_M5_-5_ms2.msalign	23	97	20mar2019_RVG262_APA_CD3_NUC_PLRPS_FAIMS_HH_M5.mzML
PXD026162	16mar2019_RVG262_APA_CD3_cyto_PLRPS_FAIMS_HH_zero_0_ms2.msalign	23	97	16mar2019_RVG262_APA_CD3_cyto_PLRPS_FAIMS_HH_zero.mzML
PXD026162	06102019_RVG262_PLRPS_FAIMS_CV__F2_CD3_0L_Neg10_-10_ms2.msalign	23	97	06102019_RVG262_PLRPS_FAIMS_CV__F2_CD3_0L_Neg10.mzML
PXD026162	16mar2019_RVG262_APA_CD3_F1_PLRPS_FAIMS_HH_M05_-5_ms2.msalign	23	97	16mar2019_RVG262_APA_CD3_F1_PLRPS_FAIMS_HH_M05.mzML
PXD026162	16mar2019_RVG262_APA_CD3_F2_PLRPS_FAIMS_HH_M05_-5_ms2.msalign	23	97	16mar2019_RVG262_APA_CD3_F2_PLRPS_FAIMS_HH_M05.mzML
PXD026162	06102019_RVG262_PLRPS_FAIMS_CV_neg10_F1_CD3_-10_ms2.msalign	23	97	06102019_RVG262_PLRPS_FAIMS_CV_neg10_F1_CD3.mzML
PXD026162	16mar2019_RVG262_APA_CD3_cyto_PLRPS_FAIMS_HH_m10_-10_ms2.msalign	23	97	16mar2019_RVG262_APA_CD3_cyto_PLRPS_FAIMS_HH_m10.mzML
PXD026162	16mar2019_RVG262_APA_CD3_cyto_PLRPS_FAIMS_HH_p10_-10_ms2.msalign	23	97	16mar2019_RVG262_APA_CD3_cyto_PLRPS_FAIMS_HH_p10.mzML
PXD026162	18mar2019_RVG262_APA_CD3_F3n4_PLRPS_FAIMS_HH_M10_-10_ms2.msalign	23	97	18mar2019_RVG262_APA_CD3_F3n4_PLRPS_FAIMS_HH_M10.mzML
PXD026162	06102019_RVG262_PLRPS_FAIMS_CV_neg20_F1_CD3_-20_ms2.msalign	23	97	06102019_RVG262_PLRPS_FAIMS_CV_neg20_F1_CD3.mzML
PXD026162	16mar2019_RVG262_APA_CD3_F2_PLRPS_FAIMS_HH_M10_-10_ms2.msalign	23	97	16mar2019_RVG262_APA_CD3_F2_PLRPS_FAIMS_HH_M10.mzML
PXD026162	06102019_RVG262_PLRPS_FAIMS_CV__F2_CD3_0L_Neg30_-30_ms2.msalign	23	97	06102019_RVG262_PLRPS_FAIMS_CV__F2_CD3_0L_Neg30.mzML
PXD026162	16mar2019_RVG262_APA_CD3_cyto_PLRPS_FAIMS_HH_m20_-20_ms2.msalign	23	97	16mar2019_RVG262_APA_CD3_cyto_PLRPS_FAIMS_HH_m20.mzML
PXD026162	18mar2019_RVG262_APA_CD3_F3n4_PLRPS_FAIMS_HH_M20_-20_ms2.msalign	23	97	18mar2019_RVG262_APA_CD3_F3n4_PLRPS_FAIMS_HH_M20.mzML
PXD026162	19MAR2019_RVG262_APA_CD3_F3n4_PLRPS_noFAIMS_HH_2_ms2.msalign	23	97	19MAR2019_RVG262_APA_CD3_F3n4_PLRPS_noFAIMS_HH_2.mzML
PXD026162	20mar2019_RVG262_APA_CD3_NUC_PLRPS_FAIMS_HH_M10_-10_ms2.msalign	23	97	20mar2019_RVG262_APA_CD3_NUC_PLRPS_FAIMS_HH_M10.mzML
PXD026162	16mar2019_RVG262_APA_CD3_F2_PLRPS_FAIMS_HH_M20_-20_ms2.msalign	23	97	16mar2019_RVG262_APA_CD3_F2_PLRPS_FAIMS_HH_M20.mzML
PXD026162	06102019_RVG262_PLRPS_FAIMS_CV__F1_CD3_0L_Neg40_-40_ms2.msalign	23	97	06102019_RVG262_PLRPS_FAIMS_CV__F1_CD3_0L_Neg40.mzML
PXD026162	16mar2019_RVG262_APA_CD3_F2_PLRPS_FAIMS_HH_M15_-15_ms2.msalign	23	97	16mar2019_RVG262_APA_CD3_F2_PLRPS_FAIMS_HH_M15.mzML
PXD026162	16mar2019_RVG262_APA_CD3_F1_PLRPS_FAIMS_HH_M10_-10_ms2.msalign	23	97	16mar2019_RVG262_APA_CD3_F1_PLRPS_FAIMS_HH_M10.mzML
PXD026162	06102019_RVG262_PLRPS_FAIMS_CV__F1_CD3_0L_Neg10_-10_ms2.msalign	23	97	06102019_RVG262_PLRPS_FAIMS_CV__F1_CD3_0L_Neg10.mzML
PXD026162	19MAR2019_RVG262_APA_CD3_F3n4_PLRPS_noFAIMS_HH_1_ms2.msalign	23	97	19MAR2019_RVG262_APA_CD3_F3n4_PLRPS_noFAIMS_HH_1.mzML
PXD026162	06102019_RVG262_PLRPS_FAIMS_CV__F1_CD3_0L_Neg30_-30_ms2.msalign	23	97	06102019_RVG262_PLRPS_FAIMS_CV__F1_CD3_0L_Neg30.mzML
PXD026162	20mar2019_RVG262_APA_CD3_NUC_PLRPS_FAIMS_HH_M15_-15_ms2.msalign	23	97	20mar2019_RVG262_APA_CD3_NUC_PLRPS_FAIMS_HH_M15.mzML
PXD026162	20mar2019_RVG262_APA_CD3_NUC_PLRPS_FAIMS_HH_M20_-20_ms2.msalign	23	97	20mar2019_RVG262_APA_CD3_NUC_PLRPS_FAIMS_HH_M20.mzML
PXD026162	16mar2019_RVG262_APA_CD3_F1_PLRPS_FAIMS_HH_M20_-20_ms2.msalign	23	97	16mar2019_RVG262_APA_CD3_F1_PLRPS_FAIMS_HH_M20.mzML
PXD026162	16mar2019_RVG262_APA_CD3_F1_PLRPS_FAIMS_HH_M15_-15_ms2.msalign	23	97	16mar2019_RVG262_APA_CD3_F1_PLRPS_FAIMS_HH_M15.mzML
PXD026162	19MAR2019_RVG262_APA_CD3_F2_PLRPS_noFAIMS_HH_2_ms2.msalign	23	97	19MAR2019_RVG262_APA_CD3_F2_PLRPS_noFAIMS_HH_2.mzML
PXD026162	19MAR2019_RVG262_APA_CD3_F2_PLRPS_HH_1_ms2.msalign	23	97	19MAR2019_RVG262_APA_CD3_F2_PLRPS_HH_1.mzML
PXD026162	19MAR2019_RVG262_APA_CD3_cyto_PLRPS_noFAIMS_HH_2_ms2.msalign	23	97	19MAR2019_RVG262_APA_CD3_cyto_PLRPS_noFAIMS_HH_2.mzML
PXD026162	06102019_RVG262_PLRPS_FAIMS_CV__F1_CD3_0L_Neg20_-20_ms2.msalign	23	97	06102019_RVG262_PLRPS_FAIMS_CV__F1_CD3_0L_Neg20.mzML
PXD026162	19MAR2019_RVG262_APA_CD3_cyto_PLRPS_noFAIMS_HH_1_ms2.msalign	23	97	19MAR2019_RVG262_APA_CD3_cyto_PLRPS_noFAIMS_HH_1.mzML
PXD026162	06102019_RVG262_PLRPS_FAIMS_CV__F2_NOFAIMS_CD3_T7_ms2.msalign	23	97	06102019_RVG262_PLRPS_FAIMS_CV__F2_NOFAIMS_CD3_T7.mzML
PXD026162	06102019_RVG262_PLRPS_FAIMS_CV__F2_NOFAIMS_CD3_T6_ms2.msalign	23	97	06102019_RVG262_PLRPS_FAIMS_CV__F2_NOFAIMS_CD3_T6.mzML
PXD026162	06102019_RVG262_PLRPS_FAIMS_CV__F2_NOFAIMS_CD3_T2_ms2.msalign	23	97	06102019_RVG262_PLRPS_FAIMS_CV__F2_NOFAIMS_CD3_T2.mzML
PXD026162	06102019_RVG262_PLRPS_FAIMS_CV__F2_NOFAIMS_CD3_T5_ms2.msalign	23	97	06102019_RVG262_PLRPS_FAIMS_CV__F2_NOFAIMS_CD3_T5.mzML
PXD026162	06102019_RVG262_PLRPS_FAIMS_CV__F2_NOFAIMS_CD3_T3_ms2.msalign	23	97	06102019_RVG262_PLRPS_FAIMS_CV__F2_NOFAIMS_CD3_T3.mzML
PXD026162	06102019_RVG262_PLRPS_FAIMS_CV__F2_NOFAIMS_CD3_T4_ms2.msalign	23	97	06102019_RVG262_PLRPS_FAIMS_CV__F2_NOFAIMS_CD3_T4.mzML
PXD026162	06102019_RVG262_PLRPS_FAIMS_CV__F2_NOFAIMS_CD3_T1_ms2.msalign	23	97	06102019_RVG262_PLRPS_FAIMS_CV__F2_NOFAIMS_CD3_T1.mzML
PXD026162	19MAR2019_RVG262_APA_CD3_F1_PLRPS_noFAIMS_HH_1_ms2.msalign	23	97	19MAR2019_RVG262_APA_CD3_F1_PLRPS_noFAIMS_HH_1.mzML
PXD026162	06102019_RVG262_PLRPS_FAIMS_CV_noFAIMS_F1_CD3_Tech10_ms2.msalign	23	97	06102019_RVG262_PLRPS_FAIMS_CV_noFAIMS_F1_CD3_Tech10.mzML
PXD026162	06102019_RVG262_PLRPS_FAIMS_CV_noFAIMS_F1_CD3_Tech8_ms2.msalign	23	97	06102019_RVG262_PLRPS_FAIMS_CV_noFAIMS_F1_CD3_Tech8.mzML
PXD026162	06102019_RVG262_PLRPS_FAIMS_CV_noFAIMS_F1_CD3_Tech7_ms2.msalign	23	97	06102019_RVG262_PLRPS_FAIMS_CV_noFAIMS_F1_CD3_Tech7.mzML
PXD026162	06102019_RVG262_PLRPS_FAIMS_CV_noFAIMS_F1_CD3_Tech9_ms2.msalign	23	97	06102019_RVG262_PLRPS_FAIMS_CV_noFAIMS_F1_CD3_Tech9.mzML
PXD026162	06102019_RVG262_PLRPS_FAIMS_CV_noFAIMS_F1_CD3_Tech6_ms2.msalign	23	97	06102019_RVG262_PLRPS_FAIMS_CV_noFAIMS_F1_CD3_Tech6.mzML
PXD026162	06102019_RVG262_PLRPS_FAIMS_CV_noFAIMS_F1_CD3_Tech5_ms2.msalign	23	97	06102019_RVG262_PLRPS_FAIMS_CV_noFAIMS_F1_CD3_Tech5.mzML
PXD026162	06102019_RVG262_PLRPS_FAIMS_CV_noFAIMS_F1_CD3_Tech4_ms2.msalign	23	97	06102019_RVG262_PLRPS_FAIMS_CV_noFAIMS_F1_CD3_Tech4.mzML
PXD026162	06102019_RVG262_PLRPS_FAIMS_CV_noFAIMS_F1_CD3_Tech3_ms2.msalign	23	97	06102019_RVG262_PLRPS_FAIMS_CV_noFAIMS_F1_CD3_Tech3.mzML
PXD026162	06102019_RVG262_PLRPS_FAIMS_CV_noFAIMS_F1_CD3_Tech2_ms2.msalign	23	97	06102019_RVG262_PLRPS_FAIMS_CV_noFAIMS_F1_CD3_Tech2.mzML
PXD026162	06102019_RVG262_PLRPS_FAIMS_CV_noFAIMS_F1_CD3_Tech1_ms2.msalign	23	97	06102019_RVG262_PLRPS_FAIMS_CV_noFAIMS_F1_CD3_Tech1.mzML
PXD026162	22mar2019_RVG262_APA_CD3_NUC_PLRPS_noFAIMS_HH_02_ms2.msalign	23	97	22mar2019_RVG262_APA_CD3_NUC_PLRPS_noFAIMS_HH_02.mzML
PXD026162	22mar2019_RVG262_APA_CD3_NUC_PLRPS_noFAIMS_HH_01_ms2.msalign	23	97	22mar2019_RVG262_APA_CD3_NUC_PLRPS_noFAIMS_HH_01.mzML
PXD026162	22mar2019_RVG262_APA_CD3_NUC_PLRPS_noFAIMS_HH_03_ms2.msalign	23	97	22mar2019_RVG262_APA_CD3_NUC_PLRPS_noFAIMS_HH_03.mzML
PXD026163	20190523_rmi049_75idPLRPS_APA_Neutro_Cyto_F4_b_ms2.msalign	23	98	20190523_rmi049_75idPLRPS_APA_Neutro_Cyto_F4_b.mzML
PXD026163	20190523_rmi049_75idPLRPS_APA_Neutro_Cyto_F4_c_ms2.msalign	23	98	20190523_rmi049_75idPLRPS_APA_Neutro_Cyto_F4_c.mzML
PXD026163	20190523_rmi049_75idPLRPS_APA_Neutro_Cyto_F4_a_ms2.msalign	23	98	20190523_rmi049_75idPLRPS_APA_Neutro_Cyto_F4_a.mzML
PXD026163	20190523_rmi049_75idPLRPS_APA_Neutro_Cyto_F3_c_ms2.msalign	23	98	20190523_rmi049_75idPLRPS_APA_Neutro_Cyto_F3_c.mzML
PXD026163	20190523_rmi049_75idPLRPS_APA_Neutro_Cyto_F3_b_ms2.msalign	23	98	20190523_rmi049_75idPLRPS_APA_Neutro_Cyto_F3_b.mzML
PXD026163	20190523_rmi049_75idPLRPS_APA_Neutro_Cyto_F3_a_ms2.msalign	23	98	20190523_rmi049_75idPLRPS_APA_Neutro_Cyto_F3_a.mzML
PXD026163	20190523_rmi049_75idPLRPS_APA_Neutro_Cyto_F2_c_ms2.msalign	23	98	20190523_rmi049_75idPLRPS_APA_Neutro_Cyto_F2_c.mzML
PXD026163	20190523_rmi049_75idPLRPS_APA_Neutro_Cyto_F2_b_ms2.msalign	23	98	20190523_rmi049_75idPLRPS_APA_Neutro_Cyto_F2_b.mzML
PXD026163	20190523_rmi049_75idPLRPS_APA_Neutro_Cyto_F2_a_ms2.msalign	23	98	20190523_rmi049_75idPLRPS_APA_Neutro_Cyto_F2_a.mzML
PXD026163	20190523_rmi049_75idPLRPS_APA_Neutro_Cyto_F1_c_ms2.msalign	23	98	20190523_rmi049_75idPLRPS_APA_Neutro_Cyto_F1_c.mzML
PXD026163	20190523_rmi049_75idPLRPS_APA_Neutro_Cyto_F1_b_ms2.msalign	23	98	20190523_rmi049_75idPLRPS_APA_Neutro_Cyto_F1_b.mzML
PXD026163	20190523_rmi049_75idPLRPS_APA_Neutro_Cyto_F1_a_ms2.msalign	23	98	20190523_rmi049_75idPLRPS_APA_Neutro_Cyto_F1_a.mzML
PXD026164	20190521_rmi049_75idPLRPS_APA_CD4_Cyto_F2_c_ms2.msalign	23	99	20190521_rmi049_75idPLRPS_APA_CD4_Cyto_F2_c.mzML
PXD026164	20190521_rmi049_75idPLRPS_APA_CD4_Cyto_F2_b_ms2.msalign	23	99	20190521_rmi049_75idPLRPS_APA_CD4_Cyto_F2_b.mzML
PXD026164	20190521_rmi049_75idPLRPS_APA_CD4_Cyto_F2_a_ms2.msalign	23	99	20190521_rmi049_75idPLRPS_APA_CD4_Cyto_F2_a.mzML
PXD026164	20190521_rmi049_75idPLRPS_APA_CD4_Cyto_F1_b_ms2.msalign	23	99	20190521_rmi049_75idPLRPS_APA_CD4_Cyto_F1_b.mzML
PXD026164	20190521_rmi049_75idPLRPS_APA_CD4_Cyto_F1_a_ms2.msalign	23	99	20190521_rmi049_75idPLRPS_APA_CD4_Cyto_F1_a.mzML
PXD026164	20190521_rmi049_75idPLRPS_APA_CD4_Cyto_F1_c_ms2.msalign	23	99	20190521_rmi049_75idPLRPS_APA_CD4_Cyto_F1_c.mzML
PXD026164	20190521_rmi049_75idPLRPS_APA_CD4_Cyto_F3_c_ms2.msalign	23	99	20190521_rmi049_75idPLRPS_APA_CD4_Cyto_F3_c.mzML
PXD026164	20190521_rmi049_75idPLRPS_APA_CD4_Cyto_F3_a_ms2.msalign	23	99	20190521_rmi049_75idPLRPS_APA_CD4_Cyto_F3_a.mzML
PXD026164	20190521_rmi049_75idPLRPS_APA_CD4_Cyto_F3_b_ms2.msalign	23	99	20190521_rmi049_75idPLRPS_APA_CD4_Cyto_F3_b.mzML
PXD026164	20190521_rmi049_75idPLRPS_APA_CD4_Cyto_F4_b_ms2.msalign	23	99	20190521_rmi049_75idPLRPS_APA_CD4_Cyto_F4_b.mzML
PXD026164	20190521_rmi049_75idPLRPS_APA_CD4_Cyto_F4_a_ms2.msalign	23	99	20190521_rmi049_75idPLRPS_APA_CD4_Cyto_F4_a.mzML
PXD026164	20190521_rmi049_75idPLRPS_APA_CD4_Cyto_F4_c_ms2.msalign	23	99	20190521_rmi049_75idPLRPS_APA_CD4_Cyto_F4_c.mzML
PXD026165	20190517_rmi049_75idPLRPS_APA_B_Cyto_F1_c_ms2.msalign	23	100	20190517_rmi049_75idPLRPS_APA_B_Cyto_F1_c.mzML
PXD026165	20190517_rmi049_75idPLRPS_APA_B_Cyto_F1_b_ms2.msalign	23	100	20190517_rmi049_75idPLRPS_APA_B_Cyto_F1_b.mzML
PXD026165	20190517_rmi049_75idPLRPS_APA_B_Cyto_F1_a_ms2.msalign	23	100	20190517_rmi049_75idPLRPS_APA_B_Cyto_F1_a.mzML
PXD026165	20190517_rmi049_75idPLRPS_APA_B_Cyto_F4_a_ms2.msalign	23	100	20190517_rmi049_75idPLRPS_APA_B_Cyto_F4_a.mzML
PXD026165	20190517_rmi049_75idPLRPS_APA_B_Cyto_F4_b_ms2.msalign	23	100	20190517_rmi049_75idPLRPS_APA_B_Cyto_F4_b.mzML
PXD026165	20190517_rmi049_75idPLRPS_APA_B_Cyto_F4_c_ms2.msalign	23	100	20190517_rmi049_75idPLRPS_APA_B_Cyto_F4_c.mzML
PXD026165	20190517_rmi049_75idPLRPS_APA_B_Cyto_F2_c_ms2.msalign	23	100	20190517_rmi049_75idPLRPS_APA_B_Cyto_F2_c.mzML
PXD026165	20190517_rmi049_75idPLRPS_APA_B_Cyto_F3_c_ms2.msalign	23	100	20190517_rmi049_75idPLRPS_APA_B_Cyto_F3_c.mzML
PXD026165	20190517_rmi049_75idPLRPS_APA_B_Cyto_F2_b_ms2.msalign	23	100	20190517_rmi049_75idPLRPS_APA_B_Cyto_F2_b.mzML
PXD026165	20190517_rmi049_75idPLRPS_APA_B_Cyto_F2_a_ms2.msalign	23	100	20190517_rmi049_75idPLRPS_APA_B_Cyto_F2_a.mzML
PXD026165	20190517_rmi049_75idPLRPS_APA_B_Cyto_F3_a_ms2.msalign	23	100	20190517_rmi049_75idPLRPS_APA_B_Cyto_F3_a.mzML
PXD026165	20190517_rmi049_75idPLRPS_APA_B_Cyto_F3_b_ms2.msalign	23	100	20190517_rmi049_75idPLRPS_APA_B_Cyto_F3_b.mzML
PXD026166	20190410_rmi049_75idPLRPS_APA_Neutro_Cyto_F4_b_ms2.msalign	23	101	20190410_rmi049_75idPLRPS_APA_Neutro_Cyto_F4_b.mzML
PXD026166	20190410_rmi049_75idPLRPS_APA_Neutro_Cyto_F4_a_ms2.msalign	23	101	20190410_rmi049_75idPLRPS_APA_Neutro_Cyto_F4_a.mzML
PXD026166	20190410_rmi049_75idPLRPS_APA_Neutro_Cyto_F4_c_ms2.msalign	23	101	20190410_rmi049_75idPLRPS_APA_Neutro_Cyto_F4_c.mzML
PXD026166	20190410_rmi049_75idPLRPS_APA_Neutro_Cyto_F3_a_ms2.msalign	23	101	20190410_rmi049_75idPLRPS_APA_Neutro_Cyto_F3_a.mzML
PXD026166	20190410_rmi049_75idPLRPS_APA_Neutro_Cyto_F3_c_ms2.msalign	23	101	20190410_rmi049_75idPLRPS_APA_Neutro_Cyto_F3_c.mzML
PXD026166	20190410_rmi049_75idPLRPS_APA_Neutro_Cyto_F3_b_ms2.msalign	23	101	20190410_rmi049_75idPLRPS_APA_Neutro_Cyto_F3_b.mzML
PXD026166	20190410_rmi049_75idPLRPS_APA_Neutro_Cyto_F2_a_ms2.msalign	23	101	20190410_rmi049_75idPLRPS_APA_Neutro_Cyto_F2_a.mzML
PXD026166	20190410_rmi049_75idPLRPS_APA_Neutro_Cyto_F2_c_ms2.msalign	23	101	20190410_rmi049_75idPLRPS_APA_Neutro_Cyto_F2_c.mzML
PXD026166	20190410_rmi049_75idPLRPS_APA_Neutro_Cyto_F2_b_ms2.msalign	23	101	20190410_rmi049_75idPLRPS_APA_Neutro_Cyto_F2_b.mzML
PXD026166	20190410_rmi049_75idPLRPS_APA_Neutro_Cyto_F1_a_ms2.msalign	23	101	20190410_rmi049_75idPLRPS_APA_Neutro_Cyto_F1_a.mzML
PXD026166	20190410_rmi049_75idPLRPS_APA_Neutro_Cyto_F1_b_ms2.msalign	23	101	20190410_rmi049_75idPLRPS_APA_Neutro_Cyto_F1_b.mzML
PXD026166	20190410_rmi049_75idPLRPS_APA_Neutro_Cyto_F1_c_ms2.msalign	23	101	20190410_rmi049_75idPLRPS_APA_Neutro_Cyto_F1_c.mzML
PXD035339	1cell_THP1_2_ms2.msalign	15	102	1cell_THP1_2.mzML
PXD035339	1cell_THP1_3_ms2.msalign	15	102	1cell_THP1_3.mzML
PXD035339	1cell_THP1_1_ms2.msalign	15	102	1cell_THP1_1.mzML
PXD026124	20180824_rmi049_75idPLRPS_APA_Plasma_PM_F9_c_ms2.msalign	23	103	20180824_rmi049_75idPLRPS_APA_Plasma_PM_F9_c.mzML
PXD026124	20180824_rmi049_75idPLRPS_APA_Plasma_PM_F9_a_ms2.msalign	23	103	20180824_rmi049_75idPLRPS_APA_Plasma_PM_F9_a.mzML
PXD026124	20180824_rmi049_75idPLRPS_APA_Plasma_PM_F9_b_ms2.msalign	23	103	20180824_rmi049_75idPLRPS_APA_Plasma_PM_F9_b.mzML
PXD026124	20180824_rmi049_75idPLRPS_APA_Plasma_PM_F8_a_ms2.msalign	23	103	20180824_rmi049_75idPLRPS_APA_Plasma_PM_F8_a.mzML
PXD026124	20180824_rmi049_75idPLRPS_APA_Plasma_PM_F8_c_ms2.msalign	23	103	20180824_rmi049_75idPLRPS_APA_Plasma_PM_F8_c.mzML
PXD026124	20180824_rmi049_75idPLRPS_APA_Plasma_PM_F8_b_ms2.msalign	23	103	20180824_rmi049_75idPLRPS_APA_Plasma_PM_F8_b.mzML
PXD026124	20180824_rmi049_75idPLRPS_APA_Plasma_PM_F10_a_ms2.msalign	23	103	20180824_rmi049_75idPLRPS_APA_Plasma_PM_F10_a.mzML
PXD026124	20180824_rmi049_75idPLRPS_APA_Plasma_PM_F10_c_ms2.msalign	23	103	20180824_rmi049_75idPLRPS_APA_Plasma_PM_F10_c.mzML
PXD026124	20180824_rmi049_75idPLRPS_APA_Plasma_PM_F11_b_ms2.msalign	23	103	20180824_rmi049_75idPLRPS_APA_Plasma_PM_F11_b.mzML
PXD026124	20180824_rmi049_75idPLRPS_APA_Plasma_PM_F10_b_ms2.msalign	23	103	20180824_rmi049_75idPLRPS_APA_Plasma_PM_F10_b.mzML
PXD026124	20180824_rmi049_75idPLRPS_APA_Plasma_PM_F11_a_ms2.msalign	23	103	20180824_rmi049_75idPLRPS_APA_Plasma_PM_F11_a.mzML
PXD026124	20180824_rmi049_75idPLRPS_APA_Plasma_PM_F11_c_ms2.msalign	23	103	20180824_rmi049_75idPLRPS_APA_Plasma_PM_F11_c.mzML
PXD026124	20180824_rmi049_75idPLRPS_APA_Plasma_PM_F12_a_ms2.msalign	23	103	20180824_rmi049_75idPLRPS_APA_Plasma_PM_F12_a.mzML
PXD026124	20180824_rmi049_75idPLRPS_APA_Plasma_PM_F12_b_ms2.msalign	23	103	20180824_rmi049_75idPLRPS_APA_Plasma_PM_F12_b.mzML
PXD026124	20180824_rmi049_75idPLRPS_APA_Plasma_PM_F12_c_ms2.msalign	23	103	20180824_rmi049_75idPLRPS_APA_Plasma_PM_F12_c.mzML
PXD026124	20180824_rmi049_75idPLRPS_APA_Plasma_PM_F7_c_ms2.msalign	23	103	20180824_rmi049_75idPLRPS_APA_Plasma_PM_F7_c.mzML
PXD026124	20180824_rmi049_75idPLRPS_APA_Plasma_PM_F7_b_ms2.msalign	23	103	20180824_rmi049_75idPLRPS_APA_Plasma_PM_F7_b.mzML
PXD026124	20180824_rmi049_75idPLRPS_APA_Plasma_PM_F7_a_ms2.msalign	23	103	20180824_rmi049_75idPLRPS_APA_Plasma_PM_F7_a.mzML
PXD026176	LCA_RM_20191004_Plasma_F7Aonly_02_ms2.msalign	23	104	LCA_RM_20191004_Plasma_F7Aonly_02.mzML
PXD026176	LCA_RM_20191004_Plasma_F7Aonly_01_ms2.msalign	23	104	LCA_RM_20191004_Plasma_F7Aonly_01.mzML
PXD026176	LCA_RM_20191004_Plasma_F8Aonly_01_ms2.msalign	23	104	LCA_RM_20191004_Plasma_F8Aonly_01.mzML
PXD026176	LCA_RM_20191004_Plasma_F9Aonly_02_ms2.msalign	23	104	LCA_RM_20191004_Plasma_F9Aonly_02.mzML
PXD026176	LCA_RM_20191004_Plasma_F9Aonly_01_ms2.msalign	23	104	LCA_RM_20191004_Plasma_F9Aonly_01.mzML
PXD026176	LCA_RM_20191004_Plasma_F8Aonly_02_ms2.msalign	23	104	LCA_RM_20191004_Plasma_F8Aonly_02.mzML
PXD026176	DB_RM_20191003_plasma_F5_01_ms2.msalign	23	104	DB_RM_20191003_plasma_F5_01.mzML
PXD026176	DB_RM_20191003_plasma_F5_02_ms2.msalign	23	104	DB_RM_20191003_plasma_F5_02.mzML
PXD026176	DB_RM_20191003_plasma_F6_01_ms2.msalign	23	104	DB_RM_20191003_plasma_F6_01.mzML
PXD026176	DB_RM_20191003_plasma_F6_02_ms2.msalign	23	104	DB_RM_20191003_plasma_F6_02.mzML
PXD026176	LCA_RM_20191002_plasma_F1F2_02_ms2.msalign	23	104	LCA_RM_20191002_plasma_F1F2_02.mzML
PXD026176	LCA_RM_20191002_plasma_F1F2_01_ms2.msalign	23	104	LCA_RM_20191002_plasma_F1F2_01.mzML
PXD026176	DB_RM_20191002_plasma_F3_02_ms2.msalign	23	104	DB_RM_20191002_plasma_F3_02.mzML
PXD026176	DB_RM_20191002_plasma_F3_01_ms2.msalign	23	104	DB_RM_20191002_plasma_F3_01.mzML
PXD026176	DB_RM_20191002_plasma_F4_02_ms2.msalign	23	104	DB_RM_20191002_plasma_F4_02.mzML
PXD026176	DB_RM_20191002_plasma_F4_01_ms2.msalign	23	104	DB_RM_20191002_plasma_F4_01.mzML
PXD026177	LCA_RM_20191012_PPM_F9_01_ms2.msalign	23	105	LCA_RM_20191012_PPM_F9_01.mzML
PXD026177	LCA_RM_20191012_PPM_F7F8_01_ms2.msalign	23	105	LCA_RM_20191012_PPM_F7F8_01.mzML
PXD026177	LCA_RM_20191012_PPM_F5F6_02_ms2.msalign	23	105	LCA_RM_20191012_PPM_F5F6_02.mzML
PXD026177	LCA_RM_20191012_PPM_F5F6_01_ms2.msalign	23	105	LCA_RM_20191012_PPM_F5F6_01.mzML
PXD026177	DB_RM_20191003_PlasmaPM_F1_02_ms2.msalign	23	105	DB_RM_20191003_PlasmaPM_F1_02.mzML
PXD026177	DB_RM_20191003_PlasmaPM_F2_02_ms2.msalign	23	105	DB_RM_20191003_PlasmaPM_F2_02.mzML
PXD026177	LCA_RM_20191012_PPM_F4_03_ms2.msalign	23	105	LCA_RM_20191012_PPM_F4_03.mzML
PXD026177	DB_RM_20191003_PlasmaPM_F1_01_ms2.msalign	23	105	DB_RM_20191003_PlasmaPM_F1_01.mzML
PXD026177	DB_RM_20191003_PlasmaPM_F2_01_ms2.msalign	23	105	DB_RM_20191003_PlasmaPM_F2_01.mzML
PXD026177	LCA_RM_20191012_PPM_F3_04_ms2.msalign	23	105	LCA_RM_20191012_PPM_F3_04.mzML
MSV000092574	FAIMS_ProteoExtract_0-15kDa_BioRep1_TechRep3_-80_ms2.msalign	36	106	FAIMS_ProteoExtract_0-15kDa_BioRep1_TechRep3.mzML
MSV000092574	FAIMS_ProteoExtract_0-15kDa_BioRep2_TechRep3_-80_ms2.msalign	36	106	FAIMS_ProteoExtract_0-15kDa_BioRep2_TechRep3.mzML
MSV000092574	FAIMS_HighSelect_0-15kDa_BioRep1_TechRep3_-80_ms2.msalign	36	106	FAIMS_HighSelect_0-15kDa_BioRep1_TechRep3.mzML
MSV000092574	FAIMS_HighSelect_0-15kDa_BioRep2_TechRep3_-80_ms2.msalign	36	106	FAIMS_HighSelect_0-15kDa_BioRep2_TechRep3.mzML
MSV000092574	FAIMS_ProteoExtract_0-15kDa_BioRep1_TechRep3_-70_ms2.msalign	36	106	FAIMS_ProteoExtract_0-15kDa_BioRep1_TechRep3.mzML
MSV000092574	FAIMS_ProteoExtract_0-15kDa_BioRep2_TechRep3_-70_ms2.msalign	36	106	FAIMS_ProteoExtract_0-15kDa_BioRep2_TechRep3.mzML
MSV000092574	FAIMS_HighSelect_0-15kDa_BioRep1_TechRep3_-70_ms2.msalign	36	106	FAIMS_HighSelect_0-15kDa_BioRep1_TechRep3.mzML
MSV000092574	FAIMS_HighSelect_0-15kDa_BioRep2_TechRep3_-70_ms2.msalign	36	106	FAIMS_HighSelect_0-15kDa_BioRep2_TechRep3.mzML
MSV000092574	FAIMS_HighSelect_0-15kDa_BioRep1_TechRep1_0_ms2.msalign	36	106	FAIMS_HighSelect_0-15kDa_BioRep1_TechRep1.mzML
MSV000092574	FAIMS_HighSelect_0-15kDa_BioRep2_TechRep1_0_ms2.msalign	36	106	FAIMS_HighSelect_0-15kDa_BioRep2_TechRep1.mzML
MSV000092574	FAIMS_ProteoExtract_0-15kDa_BioRep1_TechRep1_0_ms2.msalign	36	106	FAIMS_ProteoExtract_0-15kDa_BioRep1_TechRep1.mzML
MSV000092574	FAIMS_ProteoExtract_0-15kDa_BioRep2_TechRep1_0_ms2.msalign	36	106	FAIMS_ProteoExtract_0-15kDa_BioRep2_TechRep1.mzML
MSV000092574	FAIMS_HighSelect_0-15kDa_BioRep1_TechRep1_-10_ms2.msalign	36	106	FAIMS_HighSelect_0-15kDa_BioRep1_TechRep1.mzML
MSV000092574	FAIMS_ProteoExtract_0-15kDa_BioRep1_TechRep1_-10_ms2.msalign	36	106	FAIMS_ProteoExtract_0-15kDa_BioRep1_TechRep1.mzML
MSV000092574	FAIMS_HighSelect_0-15kDa_BioRep2_TechRep1_-10_ms2.msalign	36	106	FAIMS_HighSelect_0-15kDa_BioRep2_TechRep1.mzML
MSV000092574	FAIMS_ProteoExtract_0-15kDa_BioRep2_TechRep1_-10_ms2.msalign	36	106	FAIMS_ProteoExtract_0-15kDa_BioRep2_TechRep1.mzML
MSV000092574	FAIMS_HighSelect_15-30kDa_BioRep2_TechRep1_15_ms2.msalign	36	106	FAIMS_HighSelect_15-30kDa_BioRep2_TechRep1.mzML
MSV000092574	FAIMS_HighSelect_MCW_0-15kDa_TechRep1_-60_ms2.msalign	36	106	FAIMS_HighSelect_MCW_0-15kDa_TechRep1.mzML
MSV000092574	FAIMS_HighSelect_15-30kDa_BioRep1_TechRep1_15_ms2.msalign	36	106	FAIMS_HighSelect_15-30kDa_BioRep1_TechRep1.mzML
MSV000092574	FAIMS_ProteoExtract_15-30kDa_BioRep1_TechRep1_15_ms2.msalign	36	106	FAIMS_ProteoExtract_15-30kDa_BioRep1_TechRep1.mzML
MSV000092574	FAIMS_HighSelect_15-30kDa_BioRep2_TechRep1_0_ms2.msalign	36	106	FAIMS_HighSelect_15-30kDa_BioRep2_TechRep1.mzML
MSV000092574	FAIMS_ProteoExtract_0-15kDa_BioRep1_TechRep2_-50_ms2.msalign	36	106	FAIMS_ProteoExtract_0-15kDa_BioRep1_TechRep2.mzML
MSV000092574	FAIMS_HighSelect_15-30kDa_BioRep1_TechRep1_0_ms2.msalign	36	106	FAIMS_HighSelect_15-30kDa_BioRep1_TechRep1.mzML
MSV000092574	FAIMS_ProteoExtract_15-30kDa_BioRep1_TechRep1_0_ms2.msalign	36	106	FAIMS_ProteoExtract_15-30kDa_BioRep1_TechRep1.mzML
MSV000092574	FAIMS_ProteoExtract_0-15kDa_BioRep2_TechRep2_-50_ms2.msalign	36	106	FAIMS_ProteoExtract_0-15kDa_BioRep2_TechRep2.mzML
MSV000092574	FAIMS_ProteoExtract_15-30kDa_BioRep2_TechRep1_15_ms2.msalign	36	106	FAIMS_ProteoExtract_15-30kDa_BioRep2_TechRep1.mzML
MSV000092574	FAIMS_HighSelect_0-15kDa_BioRep2_TechRep2_-50_ms2.msalign	36	106	FAIMS_HighSelect_0-15kDa_BioRep2_TechRep2.mzML
MSV000092574	FAIMS_ProteoExtract_15-30kDa_BioRep2_TechRep1_0_ms2.msalign	36	106	FAIMS_ProteoExtract_15-30kDa_BioRep2_TechRep1.mzML
MSV000092574	FAIMS_HighSelect_0-15kDa_BioRep1_TechRep2_-50_ms2.msalign	36	106	FAIMS_HighSelect_0-15kDa_BioRep1_TechRep2.mzML
MSV000092574	FAIMS_ProteoExtract_15-30kDa_BioRep1_TechRep2_-35_ms2.msalign	36	106	FAIMS_ProteoExtract_15-30kDa_BioRep1_TechRep2.mzML
MSV000092574	FAIMS_HighSelect_15-30kDa_BioRep2_TechRep2_-35_ms2.msalign	36	106	FAIMS_HighSelect_15-30kDa_BioRep2_TechRep2.mzML
MSV000092574	FAIMS_ProteoExtract_15-30kDa_BioRep2_TechRep2_-35_ms2.msalign	36	106	FAIMS_ProteoExtract_15-30kDa_BioRep2_TechRep2.mzML
MSV000092574	FAIMS_ProteoExtract_0-15kDa_BioRep1_TechRep3_-60_ms2.msalign	36	106	FAIMS_ProteoExtract_0-15kDa_BioRep1_TechRep3.mzML
MSV000092574	FAIMS_HighSelect_15-30kDa_BioRep2_TechRep2_-20_ms2.msalign	36	106	FAIMS_HighSelect_15-30kDa_BioRep2_TechRep2.mzML
MSV000092574	FAIMS_ProteoExtract_15-30kDa_BioRep1_TechRep2_-20_ms2.msalign	36	106	FAIMS_ProteoExtract_15-30kDa_BioRep1_TechRep2.mzML
MSV000092574	FAIMS_HighSelect_0-15kDa_BioRep2_TechRep3_-60_ms2.msalign	36	106	FAIMS_HighSelect_0-15kDa_BioRep2_TechRep3.mzML
MSV000092574	FAIMS_ProteoExtract_0-15kDa_BioRep2_TechRep3_-60_ms2.msalign	36	106	FAIMS_ProteoExtract_0-15kDa_BioRep2_TechRep3.mzML
MSV000092574	FAIMS_HighSelect_HiPPR_0-15kDa_TechRep3_-5_ms2.msalign	36	106	FAIMS_HighSelect_HiPPR_0-15kDa_TechRep3.mzML
MSV000092574	FAIMS_HighSelect_MCW_0-15kDa_TechRep3_-5_ms2.msalign	36	106	FAIMS_HighSelect_MCW_0-15kDa_TechRep3.mzML
MSV000092574	FAIMS_HighSelect_15-30kDa_BioRep1_TechRep2_-35_ms2.msalign	36	106	FAIMS_HighSelect_15-30kDa_BioRep1_TechRep2.mzML
MSV000092574	FAIMS_HighSelect_0-15kDa_BioRep1_TechRep3_-60_ms2.msalign	36	106	FAIMS_HighSelect_0-15kDa_BioRep1_TechRep3.mzML
MSV000092574	FAIMS_HighSelect_HiPPR_0-15kDa_TechRep2_-15_ms2.msalign	36	106	FAIMS_HighSelect_HiPPR_0-15kDa_TechRep2.mzML
MSV000092574	FAIMS_ProteoExtract_15-30kDa_BioRep2_TechRep2_-20_ms2.msalign	36	106	FAIMS_ProteoExtract_15-30kDa_BioRep2_TechRep2.mzML
MSV000092574	FAIMS_HighSelect_15-30kDa_BioRep1_TechRep2_-20_ms2.msalign	36	106	FAIMS_HighSelect_15-30kDa_BioRep1_TechRep2.mzML
MSV000092574	FAIMS_HighSelect_AnExSP_15-30kDa_TechRep3_15_ms2.msalign	36	106	FAIMS_HighSelect_AnExSP_15-30kDa_TechRep3.mzML
MSV000092574	FAIMS_HighSelect_MCW_0-15kDa_TechRep2_-15_ms2.msalign	36	106	FAIMS_HighSelect_MCW_0-15kDa_TechRep2.mzML
MSV000092574	FAIMS_HighSelect_HiPPR_15-30kDa_TechRep3_15_ms2.msalign	36	106	FAIMS_HighSelect_HiPPR_15-30kDa_TechRep3.mzML
MSV000092574	FAIMS_ProteoExtract_0-15kDa_BioRep1_TechRep2_-40_ms2.msalign	36	106	FAIMS_ProteoExtract_0-15kDa_BioRep1_TechRep2.mzML
MSV000092574	FAIMS_HighSelect_MCW_15-30kDa_TechRep2_0_ms2.msalign	36	106	FAIMS_HighSelect_MCW_15-30kDa_TechRep2.mzML
MSV000092574	FAIMS_ProteoExtract_0-15kDa_BioRep2_TechRep2_-40_ms2.msalign	36	106	FAIMS_ProteoExtract_0-15kDa_BioRep2_TechRep2.mzML
MSV000092574	FAIMS_HighSelect_0-15kDa_BioRep2_TechRep2_-40_ms2.msalign	36	106	FAIMS_HighSelect_0-15kDa_BioRep2_TechRep2.mzML
MSV000092574	FAIMS_HighSelect_MCW_15-30kDa_TechRep1_0_ms2.msalign	36	106	FAIMS_HighSelect_MCW_15-30kDa_TechRep1.mzML
MSV000092574	FAIMS_HighSelect_MCW_15-30kDa_TechRep3_5_ms2.msalign	36	106	FAIMS_HighSelect_MCW_15-30kDa_TechRep3.mzML
MSV000092574	FAIMS_HighSelect_HiPPR_15-30kDa_TechRep2_5_ms2.msalign	36	106	FAIMS_HighSelect_HiPPR_15-30kDa_TechRep2.mzML
MSV000092574	FAIMS_HighSelect_AnExSP_0-15kDa_TechRep3_-5_ms2.msalign	36	106	FAIMS_HighSelect_AnExSP_0-15kDa_TechRep3.mzML
MSV000092574	FAIMS_HighSelect_0-15kDa_BioRep1_TechRep2_-40_ms2.msalign	36	106	FAIMS_HighSelect_0-15kDa_BioRep1_TechRep2.mzML
MSV000092574	FAIMS_HighSelect_AnExSP_0-15kDa_TechRep2_-15_ms2.msalign	36	106	FAIMS_HighSelect_AnExSP_0-15kDa_TechRep2.mzML
MSV000092574	FAIMS_HighSelect_HiPPR_15-30kDa_TechRep1_0_ms2.msalign	36	106	FAIMS_HighSelect_HiPPR_15-30kDa_TechRep1.mzML
MSV000092574	FAIMS_HighSelect_AnExSP_15-30kDa_TechRep2_5_ms2.msalign	36	106	FAIMS_HighSelect_AnExSP_15-30kDa_TechRep2.mzML
MSV000092574	FAIMS_HighSelect_AnExSP_15-30kDa_TechRep1_0_ms2.msalign	36	106	FAIMS_HighSelect_AnExSP_15-30kDa_TechRep1.mzML
MSV000092574	FAIMS_ProteoExtract_0-15kDa_BioRep1_TechRep2_-30_ms2.msalign	36	106	FAIMS_ProteoExtract_0-15kDa_BioRep1_TechRep2.mzML
MSV000092574	FAIMS_ProteoExtract_0-15kDa_BioRep2_TechRep2_-30_ms2.msalign	36	106	FAIMS_ProteoExtract_0-15kDa_BioRep2_TechRep2.mzML
MSV000092574	FAIMS_HighSelect_15-30kDa_BioRep1_TechRep1_-10_ms2.msalign	36	106	FAIMS_HighSelect_15-30kDa_BioRep1_TechRep1.mzML
MSV000092574	FAIMS_HighSelect_15-30kDa_BioRep2_TechRep1_-10_ms2.msalign	36	106	FAIMS_HighSelect_15-30kDa_BioRep2_TechRep1.mzML
MSV000092574	FAIMS_ProteoExtract_15-30kDa_BioRep1_TechRep1_-10_ms2.msalign	36	106	FAIMS_ProteoExtract_15-30kDa_BioRep1_TechRep1.mzML
MSV000092574	FAIMS_HighSelect_0-15kDa_BioRep2_TechRep2_-30_ms2.msalign	36	106	FAIMS_HighSelect_0-15kDa_BioRep2_TechRep2.mzML
MSV000092574	NoFAIMS_ProteoExtract_15-30kDa_BioRep2_TechRep2_ms2.msalign	36	106	NoFAIMS_ProteoExtract_15-30kDa_BioRep2_TechRep2.mzML
MSV000092574	NoFAIMS_HighSelect_15-30kDa_BioRep2_TechRep2_ms2.msalign	36	106	NoFAIMS_HighSelect_15-30kDa_BioRep2_TechRep2.mzML
MSV000092574	FAIMS_ProteoExtract_15-30kDa_BioRep2_TechRep1_-10_ms2.msalign	36	106	FAIMS_ProteoExtract_15-30kDa_BioRep2_TechRep1.mzML
MSV000092574	FAIMS_HighSelect_MCW_15-30kDa_TechRep3_-15_ms2.msalign	36	106	FAIMS_HighSelect_MCW_15-30kDa_TechRep3.mzML
MSV000092574	FAIMS_HighSelect_MCW_15-30kDa_TechRep2_-20_ms2.msalign	36	106	FAIMS_HighSelect_MCW_15-30kDa_TechRep2.mzML
MSV000092574	NoFAIMS_HighSelect_15-30kDa_BioRep2_TechRep1_ms2.msalign	36	106	NoFAIMS_HighSelect_15-30kDa_BioRep2_TechRep1.mzML
MSV000092574	FAIMS_HighSelect_HiPPR_15-30kDa_TechRep3_-10_ms2.msalign	36	106	FAIMS_HighSelect_HiPPR_15-30kDa_TechRep3.mzML
MSV000092574	NoFAIMS_ProteoExtract_15-30kDa_BioRep2_TechRep1_ms2.msalign	36	106	NoFAIMS_ProteoExtract_15-30kDa_BioRep2_TechRep1.mzML
MSV000092574	NoFAIMS_HighSelect_15-30kDa_BioRep1_TechRep1_ms2.msalign	36	106	NoFAIMS_HighSelect_15-30kDa_BioRep1_TechRep1.mzML
MSV000092574	NoFAIMS_ProteoExtract_15-30kDa_BioRep1_TechRep2_ms2.msalign	36	106	NoFAIMS_ProteoExtract_15-30kDa_BioRep1_TechRep2.mzML
MSV000092574	FAIMS_HighSelect_AnExSP_15-30kDa_TechRep2_-15_ms2.msalign	36	106	FAIMS_HighSelect_AnExSP_15-30kDa_TechRep2.mzML
MSV000092574	NoFAIMS_HighSelect_15-30kDa_BioRep2_TechRep3_ms2.msalign	36	106	NoFAIMS_HighSelect_15-30kDa_BioRep2_TechRep3.mzML
MSV000092574	NoFAIMS_ProteoExtract_15-30kDa_BioRep2_TechRep3_ms2.msalign	36	106	NoFAIMS_ProteoExtract_15-30kDa_BioRep2_TechRep3.mzML
MSV000092574	FAIMS_HighSelect_MCW_15-30kDa_TechRep1_-20_ms2.msalign	36	106	FAIMS_HighSelect_MCW_15-30kDa_TechRep1.mzML
MSV000092574	NoFAIMS_ProteoExtract_15-30kDa_BioRep1_TechRep3_ms2.msalign	36	106	NoFAIMS_ProteoExtract_15-30kDa_BioRep1_TechRep3.mzML
MSV000092574	FAIMS_HighSelect_0-15kDa_BioRep1_TechRep2_-30_ms2.msalign	36	106	FAIMS_HighSelect_0-15kDa_BioRep1_TechRep2.mzML
MSV000092574	FAIMS_HighSelect_HiPPR_15-30kDa_TechRep2_-15_ms2.msalign	36	106	FAIMS_HighSelect_HiPPR_15-30kDa_TechRep2.mzML
MSV000092574	FAIMS_HighSelect_15-30kDa_BioRep2_TechRep2_-45_ms2.msalign	36	106	FAIMS_HighSelect_15-30kDa_BioRep2_TechRep2.mzML
MSV000092574	FAIMS_ProteoExtract_15-30kDa_BioRep1_TechRep2_-45_ms2.msalign	36	106	FAIMS_ProteoExtract_15-30kDa_BioRep1_TechRep2.mzML
MSV000092574	FAIMS_HighSelect_AnExSP_15-30kDa_TechRep3_-10_ms2.msalign	36	106	FAIMS_HighSelect_AnExSP_15-30kDa_TechRep3.mzML
MSV000092574	FAIMS_ProteoExtract_15-30kDa_BioRep2_TechRep2_-45_ms2.msalign	36	106	FAIMS_ProteoExtract_15-30kDa_BioRep2_TechRep2.mzML
MSV000092574	FAIMS_HighSelect_15-30kDa_BioRep1_TechRep2_-45_ms2.msalign	36	106	FAIMS_HighSelect_15-30kDa_BioRep1_TechRep2.mzML
MSV000092574	FAIMS_HighSelect_AnExSP_15-30kDa_TechRep1_-20_ms2.msalign	36	106	FAIMS_HighSelect_AnExSP_15-30kDa_TechRep1.mzML
MSV000092574	FAIMS_HighSelect_HiPPR_0-15kDa_TechRep1_-25_ms2.msalign	36	106	FAIMS_HighSelect_HiPPR_0-15kDa_TechRep1.mzML
MSV000092574	FAIMS_HighSelect_AnExSP_0-15kDa_TechRep1_-25_ms2.msalign	36	106	FAIMS_HighSelect_AnExSP_0-15kDa_TechRep1.mzML
MSV000092574	NoFAIMS_HighSelect_15-30kDa_BioRep1_TechRep3_ms2.msalign	36	106	NoFAIMS_HighSelect_15-30kDa_BioRep1_TechRep3.mzML
MSV000092574	FAIMS_HighSelect_0-15kDa_BioRep1_TechRep1_-20_ms2.msalign	36	106	FAIMS_HighSelect_0-15kDa_BioRep1_TechRep1.mzML
MSV000092574	FAIMS_ProteoExtract_0-15kDa_BioRep2_TechRep1_-20_ms2.msalign	36	106	FAIMS_ProteoExtract_0-15kDa_BioRep2_TechRep1.mzML
MSV000092574	FAIMS_HighSelect_HiPPR_15-30kDa_TechRep1_-20_ms2.msalign	36	106	FAIMS_HighSelect_HiPPR_15-30kDa_TechRep1.mzML
MSV000092574	FAIMS_ProteoExtract_0-15kDa_BioRep1_TechRep1_-20_ms2.msalign	36	106	FAIMS_ProteoExtract_0-15kDa_BioRep1_TechRep1.mzML
MSV000092574	NoFAIMS_ProteoExtract_15-30kDa_BioRep1_TechRep1_ms2.msalign	36	106	NoFAIMS_ProteoExtract_15-30kDa_BioRep1_TechRep1.mzML
MSV000092574	FAIMS_HighSelect_0-15kDa_BioRep2_TechRep1_-20_ms2.msalign	36	106	FAIMS_HighSelect_0-15kDa_BioRep2_TechRep1.mzML
MSV000092574	FAIMS_HighSelect_MCW_0-15kDa_TechRep1_-25_ms2.msalign	36	106	FAIMS_HighSelect_MCW_0-15kDa_TechRep1.mzML
MSV000092574	FAIMS_HighSelect_MCW_15-30kDa_TechRep1_-40_ms2.msalign	36	106	FAIMS_HighSelect_MCW_15-30kDa_TechRep1.mzML
MSV000092574	FAIMS_HighSelect_MCW_0-15kDa_TechRep2_-40_ms2.msalign	36	106	FAIMS_HighSelect_MCW_0-15kDa_TechRep2.mzML
MSV000092574	FAIMS_HighSelect_HiPPR_0-15kDa_TechRep1_-45_ms2.msalign	36	106	FAIMS_HighSelect_HiPPR_0-15kDa_TechRep1.mzML
MSV000092574	FAIMS_HighSelect_MCW_15-30kDa_TechRep2_-35_ms2.msalign	36	106	FAIMS_HighSelect_MCW_15-30kDa_TechRep2.mzML
MSV000092574	FAIMS_HighSelect_AnExSP_0-15kDa_TechRep1_-45_ms2.msalign	36	106	FAIMS_HighSelect_AnExSP_0-15kDa_TechRep1.mzML
MSV000092574	FAIMS_HighSelect_AnExSP_0-15kDa_TechRep1_-60_ms2.msalign	36	106	FAIMS_HighSelect_AnExSP_0-15kDa_TechRep1.mzML
MSV000092574	FAIMS_HighSelect_MCW_0-15kDa_TechRep2_-55_ms2.msalign	36	106	FAIMS_HighSelect_MCW_0-15kDa_TechRep2.mzML
MSV000092574	FAIMS_HighSelect_MCW_0-15kDa_TechRep3_-35_ms2.msalign	36	106	FAIMS_HighSelect_MCW_0-15kDa_TechRep3.mzML
MSV000092574	FAIMS_HighSelect_HiPPR_15-30kDa_TechRep3_-25_ms2.msalign	36	106	FAIMS_HighSelect_HiPPR_15-30kDa_TechRep3.mzML
MSV000092574	FAIMS_HighSelect_HiPPR_15-30kDa_TechRep1_-40_ms2.msalign	36	106	FAIMS_HighSelect_HiPPR_15-30kDa_TechRep1.mzML
MSV000092574	FAIMS_HighSelect_MCW_15-30kDa_TechRep3_-35_ms2.msalign	36	106	FAIMS_HighSelect_MCW_15-30kDa_TechRep3.mzML
MSV000092574	FAIMS_HighSelect_HiPPR_0-15kDa_TechRep3_-35_ms2.msalign	36	106	FAIMS_HighSelect_HiPPR_0-15kDa_TechRep3.mzML
MSV000092574	FAIMS_HighSelect_HiPPR_0-15kDa_TechRep2_-40_ms2.msalign	36	106	FAIMS_HighSelect_HiPPR_0-15kDa_TechRep2.mzML
MSV000092574	FAIMS_HighSelect_HiPPR_0-15kDa_TechRep1_-60_ms2.msalign	36	106	FAIMS_HighSelect_HiPPR_0-15kDa_TechRep1.mzML
MSV000092574	FAIMS_HighSelect_AnExSP_15-30kDa_TechRep3_-25_ms2.msalign	36	106	FAIMS_HighSelect_AnExSP_15-30kDa_TechRep3.mzML
MSV000092574	FAIMS_HighSelect_MCW_0-15kDa_TechRep1_-45_ms2.msalign	36	106	FAIMS_HighSelect_MCW_0-15kDa_TechRep1.mzML
MSV000092574	FAIMS_HighSelect_AnExSP_15-30kDa_TechRep1_-40_ms2.msalign	36	106	FAIMS_HighSelect_AnExSP_15-30kDa_TechRep1.mzML
MSV000092574	FAIMS_HighSelect_HiPPR_15-30kDa_TechRep2_-35_ms2.msalign	36	106	FAIMS_HighSelect_HiPPR_15-30kDa_TechRep2.mzML
MSV000092574	FAIMS_HighSelect_AnExSP_0-15kDa_TechRep2_-40_ms2.msalign	36	106	FAIMS_HighSelect_AnExSP_0-15kDa_TechRep2.mzML
MSV000092574	FAIMS_HighSelect_AnExSP_0-15kDa_TechRep2_-55_ms2.msalign	36	106	FAIMS_HighSelect_AnExSP_0-15kDa_TechRep2.mzML
MSV000092574	FAIMS_HighSelect_AnExSP_15-30kDa_TechRep2_-35_ms2.msalign	36	106	FAIMS_HighSelect_AnExSP_15-30kDa_TechRep2.mzML
MSV000092574	FAIMS_HighSelect_MCW_0-15kDa_TechRep3_-50_ms2.msalign	36	106	FAIMS_HighSelect_MCW_0-15kDa_TechRep3.mzML
MSV000092574	FAIMS_HighSelect_HiPPR_0-15kDa_TechRep2_-55_ms2.msalign	36	106	FAIMS_HighSelect_HiPPR_0-15kDa_TechRep2.mzML
MSV000092574	FAIMS_HighSelect_AnExSP_0-15kDa_TechRep3_-35_ms2.msalign	36	106	FAIMS_HighSelect_AnExSP_0-15kDa_TechRep3.mzML
MSV000092574	FAIMS_HighSelect_AnExSP_0-15kDa_TechRep3_-50_ms2.msalign	36	106	FAIMS_HighSelect_AnExSP_0-15kDa_TechRep3.mzML
MSV000092574	FAIMS_HighSelect_HiPPR_0-15kDa_TechRep3_-50_ms2.msalign	36	106	FAIMS_HighSelect_HiPPR_0-15kDa_TechRep3.mzML
MSV000092574	NoFAIMS_HighSelect_0-15kDa_BioRep2_TechRep1_ms2.msalign	36	106	NoFAIMS_HighSelect_0-15kDa_BioRep2_TechRep1.mzML
MSV000092574	NoFAIMS_ProteoExtract_0-15kDa_BioRep2_TechRep2_ms2.msalign	36	106	NoFAIMS_ProteoExtract_0-15kDa_BioRep2_TechRep2.mzML
MSV000092574	NoFAIMS_ProteoExtract_0-15kDa_BioRep1_TechRep1_ms2.msalign	36	106	NoFAIMS_ProteoExtract_0-15kDa_BioRep1_TechRep1.mzML
MSV000092574	NoFAIMS_HighSelect_0-15kDa_BioRep2_TechRep2_ms2.msalign	36	106	NoFAIMS_HighSelect_0-15kDa_BioRep2_TechRep2.mzML
MSV000092574	NoFAIMS_ProteoExtract_0-15kDa_BioRep1_TechRep3_ms2.msalign	36	106	NoFAIMS_ProteoExtract_0-15kDa_BioRep1_TechRep3.mzML
MSV000092574	NoFAIMS_ProteoExtract_0-15kDa_BioRep2_TechRep3_ms2.msalign	36	106	NoFAIMS_ProteoExtract_0-15kDa_BioRep2_TechRep3.mzML
MSV000092574	NoFAIMS_ProteoExtract_0-15kDa_BioRep2_TechRep1_ms2.msalign	36	106	NoFAIMS_ProteoExtract_0-15kDa_BioRep2_TechRep1.mzML
MSV000092574	NoFAIMS_HighSelect_0-15kDa_BioRep2_TechRep3_ms2.msalign	36	106	NoFAIMS_HighSelect_0-15kDa_BioRep2_TechRep3.mzML
MSV000092574	NoFAIMS_HighSelect_0-15kDa_BioRep1_TechRep2_ms2.msalign	36	106	NoFAIMS_HighSelect_0-15kDa_BioRep1_TechRep2.mzML
MSV000092574	NoFAIMS_HighSelect_0-15kDa_BioRep1_TechRep3_ms2.msalign	36	106	NoFAIMS_HighSelect_0-15kDa_BioRep1_TechRep3.mzML
MSV000092574	NoFAIMS_HighSelect_0-15kDa_BioRep1_TechRep1_ms2.msalign	36	106	NoFAIMS_HighSelect_0-15kDa_BioRep1_TechRep1.mzML
MSV000092574	NoFAIMS_HighSelect_15-30kDa_BioRep1_TechRep2_ms2.msalign	36	106	NoFAIMS_HighSelect_15-30kDa_BioRep1_TechRep2.mzML
PXD019792	191018_Mmazei_BR2-2_2_HCD_5sec_ms2.msalign	27	107	191018_Mmazei_BR2-2_2_HCD_5sec.mzML
PXD019792	191018_Mmazei_BR4-1_2_HCD_5sec_ms2.msalign	27	107	191018_Mmazei_BR4-1_2_HCD_5sec.mzML
PXD019792	191018_Mmazei_BR1-3_1_HCD_5sec_ms2.msalign	27	107	191018_Mmazei_BR1-3_1_HCD_5sec.mzML
PXD019792	191018_Mmazei_BR2-2_1_HCD_5sec_ms2.msalign	27	107	191018_Mmazei_BR2-2_1_HCD_5sec.mzML
PXD019792	191018_Mmazei_BR1-3_2_HCD_5sec_ms2.msalign	27	107	191018_Mmazei_BR1-3_2_HCD_5sec.mzML
PXD019792	191018_Mmazei_R2_3_HCD_5sec_ms2.msalign	27	107	191018_Mmazei_R2_3_HCD_5sec.mzML
PXD019792	191018_Mmazei_BR3-4_2_HCD_5sec_ms2.msalign	27	107	191018_Mmazei_BR3-4_2_HCD_5sec.mzML
PXD019792	191018_Mmazei_R2_12_HCD_5sec_ms2.msalign	27	107	191018_Mmazei_R2_12_HCD_5sec.mzML
PXD019792	191018_Mmazei_BR3-4_1_HCD_5sec_ms2.msalign	27	107	191018_Mmazei_BR3-4_1_HCD_5sec.mzML
PXD019792	191018_Mmazei_BR4-1_1_HCD_5sec_ms2.msalign	27	107	191018_Mmazei_BR4-1_1_HCD_5sec.mzML
PXD019792	191025_Mmazei_BR2-2_3_Red_HCD_5sec_ms2.msalign	27	107	191025_Mmazei_BR2-2_3_Red_HCD_5sec.mzML
PXD019792	191025_Mmazei_R2_4_Red_HCD_5sec_ms2.msalign	27	107	191025_Mmazei_R2_4_Red_HCD_5sec.mzML
PXD019792	191025_Mmazei_BR4-1_3_Red_HCD_5sec_ms2.msalign	27	107	191025_Mmazei_BR4-1_3_Red_HCD_5sec.mzML
PXD019792	191018_Mmazei_BR2-2_3_HCD_5sec_ms2.msalign	27	107	191018_Mmazei_BR2-2_3_HCD_5sec.mzML
PXD019792	191025_Mmazei_BR3-4_3_Red_HCD_5sec_ms2.msalign	27	107	191025_Mmazei_BR3-4_3_Red_HCD_5sec.mzML
PXD019792	191025_Mmazei_BR1-3_3_Red_HCD_5sec_ms2.msalign	27	107	191025_Mmazei_BR1-3_3_Red_HCD_5sec.mzML
PXD019792	191018_Mmazei_R2_4_HCD_5sec_ms2.msalign	27	107	191018_Mmazei_R2_4_HCD_5sec.mzML
PXD019792	191018_Mmazei_BR4-1_3_HCD_5sec_ms2.msalign	27	107	191018_Mmazei_BR4-1_3_HCD_5sec.mzML
PXD019792	191018_Mmazei_BR3-4_3_HCD_5sec_ms2.msalign	27	107	191018_Mmazei_BR3-4_3_HCD_5sec.mzML
PXD019792	191018_Mmazei_BR1-3_3_HCD_5sec_ms2.msalign	27	107	191018_Mmazei_BR1-3_3_HCD_5sec.mzML
PXD019792	191216_Mmazei_BR2-1_noSCX_HCD_All_ms2.msalign	27	107	191216_Mmazei_BR2-1_noSCX_HCD_All.mzML
PXD019792	191216_Mmazei_BR4-4_noSCX_HCD_All_ms2.msalign	27	107	191216_Mmazei_BR4-4_noSCX_HCD_All.mzML
PXD019792	191216_Mmazei_BR1-4_noSCX_HCD_All_ms2.msalign	27	107	191216_Mmazei_BR1-4_noSCX_HCD_All.mzML
PXD019792	191018_Mmazei_BR2-2_2_ETHCD_5sec_ms2.msalign	27	108	191018_Mmazei_BR2-2_2_ETHCD_5sec.mzML
PXD019792	191018_Mmazei_R2_3_ETHCD_5sec_ms2.msalign	27	108	191018_Mmazei_R2_3_ETHCD_5sec.mzML
PXD019792	191018_Mmazei_BR1-3_1_ETHCD_5sec_ms2.msalign	27	108	191018_Mmazei_BR1-3_1_ETHCD_5sec.mzML
PXD019792	191018_Mmazei_BR4-1_2_ETHCD_5sec_ms2.msalign	27	108	191018_Mmazei_BR4-1_2_ETHCD_5sec.mzML
PXD019792	191025_Mmazei_BR1-3_3_Red_ETHCD_5sec_ms2.msalign	27	108	191025_Mmazei_BR1-3_3_Red_ETHCD_5sec.mzML
PXD019792	191018_Mmazei_BR2-2_1_ETHCD_5sec_ms2.msalign	27	108	191018_Mmazei_BR2-2_1_ETHCD_5sec.mzML
PXD019792	191018_Mmazei_BR1-3_2_ETHCD_5sec_ms2.msalign	27	108	191018_Mmazei_BR1-3_2_ETHCD_5sec.mzML
PXD019792	191018_Mmazei_BR3-4_2_ETHCD_5sec_ms2.msalign	27	108	191018_Mmazei_BR3-4_2_ETHCD_5sec.mzML
PXD019792	191025_Mmazei_R2_4_Red_ETHCD_5sec_ms2.msalign	27	108	191025_Mmazei_R2_4_Red_ETHCD_5sec.mzML
PXD019792	191018_Mmazei_R2_12_ETHCD_5sec_ms2.msalign	27	108	191018_Mmazei_R2_12_ETHCD_5sec.mzML
PXD019792	191018_Mmazei_BR3-4_1_ETHCD_5sec_ms2.msalign	27	108	191018_Mmazei_BR3-4_1_ETHCD_5sec.mzML
PXD019792	191018_Mmazei_BR4-1_1_ETHCD_5sec_ms2.msalign	27	108	191018_Mmazei_BR4-1_1_ETHCD_5sec.mzML
PXD019792	191018_Mmazei_BR2-2_3_ETHCD_5sec_ms2.msalign	27	108	191018_Mmazei_BR2-2_3_ETHCD_5sec.mzML
PXD019792	191216_Mmazei_BR2-1_noSCX_EThcD_5sec_20191216180254_ms2.msalign	27	108	191216_Mmazei_BR2-1_noSCX_EThcD_5sec_20191216180254.mzML
PXD019792	191216_Mmazei_BR4-4_noSCX_EThcD_5sec_ms2.msalign	27	108	191216_Mmazei_BR4-4_noSCX_EThcD_5sec.mzML
PXD019792	191216_Mmazei_BR1-4_noSCX_EThcD_5sec_ms2.msalign	27	108	191216_Mmazei_BR1-4_noSCX_EThcD_5sec.mzML
PXD019792	191018_Mmazei_BR1-3_3_ETHCD_5sec_ms2.msalign	27	108	191018_Mmazei_BR1-3_3_ETHCD_5sec.mzML
PXD019792	191018_Mmazei_BR3-4_3_ETHCD_5sec_ms2.msalign	27	108	191018_Mmazei_BR3-4_3_ETHCD_5sec.mzML
PXD019792	191018_Mmazei_BR4-1_3_ETHCD_5sec_ms2.msalign	27	108	191018_Mmazei_BR4-1_3_ETHCD_5sec.mzML
PXD038038	F_RC_36H_US_1A18_11_HH_18_181211071122_ms2.msalign	14	109	F_RC_36H_US_1A18_11_HH_18_181211071122.mzML
PXD038038	F_RC_36H_US_1A18_09_HH_18_181211005553_ms2.msalign	14	109	F_RC_36H_US_1A18_09_HH_18_181211005553.mzML
PXD038038	F_RC_36H_US_1A18_07_HH_18_181210184028_ms2.msalign	14	109	F_RC_36H_US_1A18_07_HH_18_181210184028.mzML
PXD038038	F_RC_36H_US_1A18_04_HH_18_181208030753_ms2.msalign	14	109	F_RC_36H_US_1A18_04_HH_18_181208030753.mzML
PXD038038	F_RC_36H_US_1A18_04_HH_18_181208012457_ms2.msalign	14	109	F_RC_36H_US_1A18_04_HH_18_181208012457.mzML
PXD038038	F_RC_36H_US_1A18_05_HH_18_181208174659_ms2.msalign	14	109	F_RC_36H_US_1A18_05_HH_18_181208174659.mzML
PXD038038	F_RC_36H_US_1A18_11_HH_18_181211052818_ms2.msalign	14	109	F_RC_36H_US_1A18_11_HH_18_181211052818.mzML
PXD038038	F_RC_36H_US_1A18_09_HH_18_ms2.msalign	14	109	F_RC_36H_US_1A18_09_HH_18.mzML
PXD038038	F_RC_36H_US_1A18_11_HH_18_ms2.msalign	14	109	F_RC_36H_US_1A18_11_HH_18.mzML
PXD038038	F_RC_36H_US_1A18_04_HH_18_ms2.msalign	14	109	F_RC_36H_US_1A18_04_HH_18.mzML
PXD038038	F_RC_36H_US_1A18_09_HH_18_181210231253_ms2.msalign	14	109	F_RC_36H_US_1A18_09_HH_18_181210231253.mzML
PXD038038	F_RC_36H_US_1A18_05_HH_18_181210122513_ms2.msalign	14	109	F_RC_36H_US_1A18_05_HH_18_181210122513.mzML
PXD038038	F_RC_36H_US_1A18_07_HH_18_181210165732_ms2.msalign	14	109	F_RC_36H_US_1A18_07_HH_18_181210165732.mzML
PXD038038	F_RC_36H_US_1A18_07_HH_18_ms2.msalign	14	109	F_RC_36H_US_1A18_07_HH_18.mzML
PXD038038	F_RC_36H_US_1A18_01_HH_18_181028025534_ms2.msalign	14	109	F_RC_36H_US_1A18_01_HH_18_181028025534.mzML
PXD038038	F_RC_36H_US_1A18_05_HH_18_ms2.msalign	14	109	F_RC_36H_US_1A18_05_HH_18.mzML
PXD038038	F_RC_36H_US_1A18_03_HH_18_181028234223_ms2.msalign	14	109	F_RC_36H_US_1A18_03_HH_18_181028234223.mzML
PXD038038	F_RC_36H_US_1A18_03_HH_18_ms2.msalign	14	109	F_RC_36H_US_1A18_03_HH_18.mzML
PXD038038	F_RC_36H_US_1A18_02_HH_18_181028191002_ms2.msalign	14	109	F_RC_36H_US_1A18_02_HH_18_181028191002.mzML
PXD038038	F_RC_36H_US_1A18_00_HH_18_ms2.msalign	14	109	F_RC_36H_US_1A18_00_HH_18.mzML
PXD038038	F_RC_36H_US_1A18_02_HH_18_181028172706_ms2.msalign	14	109	F_RC_36H_US_1A18_02_HH_18_181028172706.mzML
PXD038038	F_RC_36H_US_1A18_02_HH_18_ms2.msalign	14	109	F_RC_36H_US_1A18_02_HH_18.mzML
PXD038038	F_RC_36H_US_1A18_00_HH_18_181027185709_ms2.msalign	14	109	F_RC_36H_US_1A18_00_HH_18_181027185709.mzML
PXD038038	F_RC_36H_US_1A18_00_HH_18_181027204011_ms2.msalign	14	109	F_RC_36H_US_1A18_00_HH_18_181027204011.mzML
PXD038038	F_RC_36H_US_1A18_01_HH_18_181028011235_ms2.msalign	14	109	F_RC_36H_US_1A18_01_HH_18_181028011235.mzML
PXD038038	F_RC_36H_US_1A18_01_HH_18_ms2.msalign	14	109	F_RC_36H_US_1A18_01_HH_18.mzML
PXD041979	B_Producta_pH7_B_ACN_NaCl_MultiCVFAIMS_R2_-20_ms2.msalign	37	111	B_Producta_pH7_B_ACN_NaCl_MultiCVFAIMS_R2.mzML
PXD041979	B_Producta_pH6_B_ACN_NaCl_MultiCVFAIMS_R1_-20_ms2.msalign	37	111	B_Producta_pH6_B_ACN_NaCl_MultiCVFAIMS_R1.mzML
PXD041979	B_Producta_pH7_C_ACN_NaCl_MultiCVFAIMS_R2_-20_ms2.msalign	37	111	B_Producta_pH7_C_ACN_NaCl_MultiCVFAIMS_R2.mzML
PXD041979	B_Producta_pH7_A_ACN_NaCl_MultiCVFAIMS_REDUCED_-20_ms2.msalign	37	111	B_Producta_pH7_A_ACN_NaCl_MultiCVFAIMS_REDUCED.mzML
PXD041979	B_Producta_pH6_C_ACN_NaCl_MultiCVFAIMS_R2_-20_ms2.msalign	37	111	B_Producta_pH6_C_ACN_NaCl_MultiCVFAIMS_R2.mzML
PXD041979	B_Producta_pH7_A_ACN_NaCl_MultiCVFAIMS_R3_-20_ms2.msalign	37	111	B_Producta_pH7_A_ACN_NaCl_MultiCVFAIMS_R3.mzML
PXD041979	B_Producta_pH7_B_ACN_NaCl_MultiCVFAIMS_R1_-20_ms2.msalign	37	111	B_Producta_pH7_B_ACN_NaCl_MultiCVFAIMS_R1.mzML
PXD041979	B_Producta_pH6_B_ACN_NaCl_MultiCVFAIMS_R2_-20_ms2.msalign	37	111	B_Producta_pH6_B_ACN_NaCl_MultiCVFAIMS_R2.mzML
PXD041979	B_Producta_pH7_A_ACN_NaCl_MultiCVFAIMS_R2_-20_ms2.msalign	37	111	B_Producta_pH7_A_ACN_NaCl_MultiCVFAIMS_R2.mzML
PXD041979	B_Producta_pH6_A_ACN_NaCl_MultiCVFAIMS_REDUCED_-20_ms2.msalign	37	111	B_Producta_pH6_A_ACN_NaCl_MultiCVFAIMS_REDUCED.mzML
PXD041979	B_Producta_pH7_A_ACN_NaCl_MultiCVFAIMS_R1_-20_ms2.msalign	37	111	B_Producta_pH7_A_ACN_NaCl_MultiCVFAIMS_R1.mzML
PXD041979	B_Producta_pH6_A_ACN_NaCl_MultiCVFAIMS_R2_-20_ms2.msalign	37	111	B_Producta_pH6_A_ACN_NaCl_MultiCVFAIMS_R2.mzML
PXD041979	B_Producta_pH7_C_ACN_NaCl_MultiCVFAIMS_R1_-20_ms2.msalign	37	111	B_Producta_pH7_C_ACN_NaCl_MultiCVFAIMS_R1.mzML
PXD041979	B_Producta_pH6_C_ACN_TEAB_MultiCVFAIMS_R1_-20_ms2.msalign	37	111	B_Producta_pH6_C_ACN_TEAB_MultiCVFAIMS_R1.mzML
PXD041979	B_Producta_pH6_C_ACN_NaCl_MultiCVFAIMS_R1_-20_ms2.msalign	37	111	B_Producta_pH6_C_ACN_NaCl_MultiCVFAIMS_R1.mzML
PXD041979	B_Producta_pH6_C_ACN_TEAB_MultiCVFAIMS_R2_-20_ms2.msalign	37	111	B_Producta_pH6_C_ACN_TEAB_MultiCVFAIMS_R2.mzML
PXD041979	B_Producta_pH6_B_ACN_TEAB_MultiCVFAIMS_R1_-20_ms2.msalign	37	111	B_Producta_pH6_B_ACN_TEAB_MultiCVFAIMS_R1.mzML
PXD041979	B_Producta_pH6_A_ACN_NaCl_MultiCVFAIMS_R1_-20_ms2.msalign	37	111	B_Producta_pH6_A_ACN_NaCl_MultiCVFAIMS_R1.mzML
PXD041979	B_Producta_pH6_B_ACN_TEAB_MultiCVFAIMS_R2_-20_ms2.msalign	37	111	B_Producta_pH6_B_ACN_TEAB_MultiCVFAIMS_R2.mzML
PXD041979	B_Producta_pH7_A_ACN_NaCl_MultiCVFAIMS_R1_1ul_-20_ms2.msalign	37	111	B_Producta_pH7_A_ACN_NaCl_MultiCVFAIMS_R1_1ul.mzML
PXD041979	B_Producta_pH7_C_ACN_TEAB_MultiCVFAIMS_R1_-20_ms2.msalign	37	111	B_Producta_pH7_C_ACN_TEAB_MultiCVFAIMS_R1.mzML
PXD041979	B_Producta_pH7_A_ACN_TEAB_MultiCVFAIMS_REDUCED_-20_ms2.msalign	37	111	B_Producta_pH7_A_ACN_TEAB_MultiCVFAIMS_REDUCED.mzML
PXD041979	B_Producta_pH7_B_ACN_TEAB_MultiCVFAIMS_R2_-20_ms2.msalign	37	111	B_Producta_pH7_B_ACN_TEAB_MultiCVFAIMS_R2.mzML
PXD041979	B_Producta_pH7_B_ACN_TEAB_MultiCVFAIMS_R1_-20_ms2.msalign	37	111	B_Producta_pH7_B_ACN_TEAB_MultiCVFAIMS_R1.mzML
PXD041979	B_Producta_pH7_C_ACN_TEAB_MultiCVFAIMS_R2_-20_ms2.msalign	37	111	B_Producta_pH7_C_ACN_TEAB_MultiCVFAIMS_R2.mzML
PXD041979	B_Producta_pH6_A_ACN_TEAB_MultiCVFAIMS_R2_-20_ms2.msalign	37	111	B_Producta_pH6_A_ACN_TEAB_MultiCVFAIMS_R2.mzML
PXD041979	B_Producta_pH7_A_ACN_TEAB_MultiCVFAIMS_R1_-20_ms2.msalign	37	111	B_Producta_pH7_A_ACN_TEAB_MultiCVFAIMS_R1.mzML
PXD041979	B_Producta_pH7_A_ACN_TEAB_MultiCVFAIMS_R2_-20_ms2.msalign	37	111	B_Producta_pH7_A_ACN_TEAB_MultiCVFAIMS_R2.mzML
PXD041979	B_Producta_pH6_A_ACN_TEAB_MultiCVFAIMS_R1_-20_ms2.msalign	37	111	B_Producta_pH6_A_ACN_TEAB_MultiCVFAIMS_R1.mzML
PXD041979	B_Producta_pH7_B_ACN_NaCl_MultiCVFAIMS_R2_-40_ms2.msalign	37	111	B_Producta_pH7_B_ACN_NaCl_MultiCVFAIMS_R2.mzML
PXD041979	B_Producta_pH7_A_ACN_NaCl_MultiCVFAIMS_REDUCED_-40_ms2.msalign	37	111	B_Producta_pH7_A_ACN_NaCl_MultiCVFAIMS_REDUCED.mzML
PXD041979	B_Producta_pH7_C_ACN_NaCl_MultiCVFAIMS_R2_-40_ms2.msalign	37	111	B_Producta_pH7_C_ACN_NaCl_MultiCVFAIMS_R2.mzML
PXD041979	B_Producta_pH7_A_ACN_TEAB_MultiCVFAIMS_REDUCED_-40_ms2.msalign	37	111	B_Producta_pH7_A_ACN_TEAB_MultiCVFAIMS_REDUCED.mzML
PXD041979	B_Producta_pH6_B_ACN_NaCl_MultiCVFAIMS_R1_-40_ms2.msalign	37	111	B_Producta_pH6_B_ACN_NaCl_MultiCVFAIMS_R1.mzML
PXD041979	B_Producta_pH6_C_ACN_TEAB_MultiCVFAIMS_R1_-40_ms2.msalign	37	111	B_Producta_pH6_C_ACN_TEAB_MultiCVFAIMS_R1.mzML
PXD041979	B_Producta_pH6_C_ACN_TEAB_MultiCVFAIMS_R2_-40_ms2.msalign	37	111	B_Producta_pH6_C_ACN_TEAB_MultiCVFAIMS_R2.mzML
PXD041979	B_Producta_pH6_B_ACN_TEAB_MultiCVFAIMS_R1_-40_ms2.msalign	37	111	B_Producta_pH6_B_ACN_TEAB_MultiCVFAIMS_R1.mzML
PXD041979	B_Producta_pH6_B_ACN_TEAB_MultiCVFAIMS_R2_-40_ms2.msalign	37	111	B_Producta_pH6_B_ACN_TEAB_MultiCVFAIMS_R2.mzML
PXD041979	B_Producta_pH6_A_ACN_TEAB_MultiCVFAIMS_R2_-40_ms2.msalign	37	111	B_Producta_pH6_A_ACN_TEAB_MultiCVFAIMS_R2.mzML
PXD041979	B_Producta_pH6_A_ACN_TEAB_MultiCVFAIMS_R1_-40_ms2.msalign	37	111	B_Producta_pH6_A_ACN_TEAB_MultiCVFAIMS_R1.mzML
PXD041979	B_Producta_pH7_A_ACN_NaCl_MultiCVFAIMS_R3_-40_ms2.msalign	37	111	B_Producta_pH7_A_ACN_NaCl_MultiCVFAIMS_R3.mzML
PXD041979	B_Producta_pH7_B_ACN_NaCl_MultiCVFAIMS_R1_-40_ms2.msalign	37	111	B_Producta_pH7_B_ACN_NaCl_MultiCVFAIMS_R1.mzML
PXD041979	B_Producta_pH7_B_ACN_TEAB_MultiCVFAIMS_R1_-40_ms2.msalign	37	111	B_Producta_pH7_B_ACN_TEAB_MultiCVFAIMS_R1.mzML
PXD041979	B_Producta_pH6_B_ACN_NaCl_MultiCVFAIMS_R2_-40_ms2.msalign	37	111	B_Producta_pH6_B_ACN_NaCl_MultiCVFAIMS_R2.mzML
PXD041979	B_Producta_pH7_B_ACN_TEAB_MultiCVFAIMS_R2_-40_ms2.msalign	37	111	B_Producta_pH7_B_ACN_TEAB_MultiCVFAIMS_R2.mzML
PXD041979	B_Producta_pH7_C_ACN_TEAB_MultiCVFAIMS_R2_-40_ms2.msalign	37	111	B_Producta_pH7_C_ACN_TEAB_MultiCVFAIMS_R2.mzML
PXD041979	B_Producta_pH7_C_ACN_TEAB_MultiCVFAIMS_R1_-40_ms2.msalign	37	111	B_Producta_pH7_C_ACN_TEAB_MultiCVFAIMS_R1.mzML
PXD041979	B_Producta_pH6_C_ACN_NaCl_MultiCVFAIMS_R2_-40_ms2.msalign	37	111	B_Producta_pH6_C_ACN_NaCl_MultiCVFAIMS_R2.mzML
PXD041979	B_Producta_pH7_A_ACN_TEAB_MultiCVFAIMS_R1_-40_ms2.msalign	37	111	B_Producta_pH7_A_ACN_TEAB_MultiCVFAIMS_R1.mzML
PXD041979	B_Producta_pH7_A_ACN_TEAB_MultiCVFAIMS_R2_-40_ms2.msalign	37	111	B_Producta_pH7_A_ACN_TEAB_MultiCVFAIMS_R2.mzML
PXD041979	B_Producta_pH7_A_ACN_NaCl_MultiCVFAIMS_R2_-40_ms2.msalign	37	111	B_Producta_pH7_A_ACN_NaCl_MultiCVFAIMS_R2.mzML
PXD041979	B_Producta_pH6_A_ACN_NaCl_MultiCVFAIMS_R2_-40_ms2.msalign	37	111	B_Producta_pH6_A_ACN_NaCl_MultiCVFAIMS_R2.mzML
PXD041979	B_Producta_pH7_C_ACN_NaCl_MultiCVFAIMS_R1_-40_ms2.msalign	37	111	B_Producta_pH7_C_ACN_NaCl_MultiCVFAIMS_R1.mzML
PXD041979	B_Producta_pH6_A_ACN_NaCl_MultiCVFAIMS_REDUCED_-40_ms2.msalign	37	111	B_Producta_pH6_A_ACN_NaCl_MultiCVFAIMS_REDUCED.mzML
PXD041979	B_Producta_pH6_C_ACN_NaCl_MultiCVFAIMS_R1_-40_ms2.msalign	37	111	B_Producta_pH6_C_ACN_NaCl_MultiCVFAIMS_R1.mzML
PXD041979	B_Producta_pH7_A_ACN_NaCl_MultiCVFAIMS_R1_-40_ms2.msalign	37	111	B_Producta_pH7_A_ACN_NaCl_MultiCVFAIMS_R1.mzML
PXD041979	B_Producta_pH7_A_ACN_NaCl_MultiCVFAIMS_R1_1ul_-40_ms2.msalign	37	111	B_Producta_pH7_A_ACN_NaCl_MultiCVFAIMS_R1_1ul.mzML
PXD041979	B_Producta_pH6_A_ACN_NaCl_MultiCVFAIMS_R1_-40_ms2.msalign	37	111	B_Producta_pH6_A_ACN_NaCl_MultiCVFAIMS_R1.mzML
PXD041979	B_Producta_pH7_A_ACN_NaCl_MultiCVFAIMS_Cvs-70-65-60-55_targeted_-70_ms2.msalign	37	111	B_Producta_pH7_A_ACN_NaCl_MultiCVFAIMS_Cvs-70-65-60-55_targeted.mzML
PXD041979	B_Producta_pH7_A_ACN_NaCl_MultiCVFAIMS_Cvs-70-65-60-55_targeted_-65_ms2.msalign	37	111	B_Producta_pH7_A_ACN_NaCl_MultiCVFAIMS_Cvs-70-65-60-55_targeted.mzML
PXD041979	B_Producta_pH7_A_ACN_NaCl_MultiCVFAIMS_Cvs-70-65-60-55_targeted_-60_ms2.msalign	37	111	B_Producta_pH7_A_ACN_NaCl_MultiCVFAIMS_Cvs-70-65-60-55_targeted.mzML
PXD041979	B_Producta_pH7_A_ACN_NaCl_MultiCVFAIMS_Cvs-70-65-60-55_targeted_-55_ms2.msalign	37	111	B_Producta_pH7_A_ACN_NaCl_MultiCVFAIMS_Cvs-70-65-60-55_targeted.mzML
PXD041979	B_Producta_pH7_A_ACN_TEAB_MultiCVFAIMS_REDUCED_-50_ms2.msalign	37	111	B_Producta_pH7_A_ACN_TEAB_MultiCVFAIMS_REDUCED.mzML
PXD041979	B_Producta_pH6_B_ACN_NaCl_MultiCVFAIMS_R1_-50_ms2.msalign	37	111	B_Producta_pH6_B_ACN_NaCl_MultiCVFAIMS_R1.mzML
PXD041979	B_Producta_pH7_A_ACN_NaCl_MultiCVFAIMS_REDUCED_-50_ms2.msalign	37	111	B_Producta_pH7_A_ACN_NaCl_MultiCVFAIMS_REDUCED.mzML
PXD041979	B_Producta_pH6_C_ACN_TEAB_MultiCVFAIMS_R1_-50_ms2.msalign	37	111	B_Producta_pH6_C_ACN_TEAB_MultiCVFAIMS_R1.mzML
PXD041979	B_Producta_pH7_C_ACN_NaCl_MultiCVFAIMS_R2_-50_ms2.msalign	37	111	B_Producta_pH7_C_ACN_NaCl_MultiCVFAIMS_R2.mzML
PXD041979	B_Producta_pH6_A_ACN_NaCl_MultiCVFAIMS_REDUCED_-50_ms2.msalign	37	111	B_Producta_pH6_A_ACN_NaCl_MultiCVFAIMS_REDUCED.mzML
PXD041979	B_Producta_pH6_C_ACN_NaCl_MultiCVFAIMS_R2_-50_ms2.msalign	37	111	B_Producta_pH6_C_ACN_NaCl_MultiCVFAIMS_R2.mzML
PXD041979	B_Producta_pH7_A_ACN_NaCl_MultiCVFAIMS_R3_-50_ms2.msalign	37	111	B_Producta_pH7_A_ACN_NaCl_MultiCVFAIMS_R3.mzML
PXD041979	B_Producta_pH7_B_ACN_NaCl_MultiCVFAIMS_R2_-50_ms2.msalign	37	111	B_Producta_pH7_B_ACN_NaCl_MultiCVFAIMS_R2.mzML
PXD041979	B_Producta_pH7_A_ACN_NaCl_MultiCVFAIMS_R2_-50_ms2.msalign	37	111	B_Producta_pH7_A_ACN_NaCl_MultiCVFAIMS_R2.mzML
PXD041979	B_Producta_pH6_C_ACN_TEAB_MultiCVFAIMS_R2_-50_ms2.msalign	37	111	B_Producta_pH6_C_ACN_TEAB_MultiCVFAIMS_R2.mzML
PXD041979	B_Producta_pH6_B_ACN_TEAB_MultiCVFAIMS_R1_-50_ms2.msalign	37	111	B_Producta_pH6_B_ACN_TEAB_MultiCVFAIMS_R1.mzML
PXD041979	B_Producta_pH6_B_ACN_NaCl_MultiCVFAIMS_R2_-50_ms2.msalign	37	111	B_Producta_pH6_B_ACN_NaCl_MultiCVFAIMS_R2.mzML
PXD041979	B_Producta_pH6_A_ACN_TEAB_MultiCVFAIMS_R2_-50_ms2.msalign	37	111	B_Producta_pH6_A_ACN_TEAB_MultiCVFAIMS_R2.mzML
PXD041979	B_Producta_pH7_B_ACN_TEAB_MultiCVFAIMS_R1_-50_ms2.msalign	37	111	B_Producta_pH7_B_ACN_TEAB_MultiCVFAIMS_R1.mzML
PXD041979	B_Producta_pH6_B_ACN_TEAB_MultiCVFAIMS_R2_-50_ms2.msalign	37	111	B_Producta_pH6_B_ACN_TEAB_MultiCVFAIMS_R2.mzML
PXD041979	B_Producta_pH7_A_ACN_NaCl_MultiCVFAIMS_R1_-50_ms2.msalign	37	111	B_Producta_pH7_A_ACN_NaCl_MultiCVFAIMS_R1.mzML
PXD041979	B_Producta_pH7_B_ACN_TEAB_MultiCVFAIMS_R2_-50_ms2.msalign	37	111	B_Producta_pH7_B_ACN_TEAB_MultiCVFAIMS_R2.mzML
PXD041979	B_Producta_pH7_B_ACN_NaCl_MultiCVFAIMS_R1_-50_ms2.msalign	37	111	B_Producta_pH7_B_ACN_NaCl_MultiCVFAIMS_R1.mzML
PXD041979	B_Producta_pH7_C_ACN_TEAB_MultiCVFAIMS_R1_-50_ms2.msalign	37	111	B_Producta_pH7_C_ACN_TEAB_MultiCVFAIMS_R1.mzML
PXD041979	B_Producta_pH7_C_ACN_TEAB_MultiCVFAIMS_R2_-50_ms2.msalign	37	111	B_Producta_pH7_C_ACN_TEAB_MultiCVFAIMS_R2.mzML
PXD041979	B_Producta_pH7_A_ACN_TEAB_MultiCVFAIMS_R1_-50_ms2.msalign	37	111	B_Producta_pH7_A_ACN_TEAB_MultiCVFAIMS_R1.mzML
PXD041979	B_Producta_pH6_A_ACN_NaCl_MultiCVFAIMS_R2_-50_ms2.msalign	37	111	B_Producta_pH6_A_ACN_NaCl_MultiCVFAIMS_R2.mzML
PXD041979	B_Producta_pH7_A_ACN_TEAB_MultiCVFAIMS_R2_-50_ms2.msalign	37	111	B_Producta_pH7_A_ACN_TEAB_MultiCVFAIMS_R2.mzML
PXD041979	B_Producta_pH6_C_ACN_NaCl_MultiCVFAIMS_R1_-50_ms2.msalign	37	111	B_Producta_pH6_C_ACN_NaCl_MultiCVFAIMS_R1.mzML
PXD041979	B_Producta_pH6_A_ACN_TEAB_MultiCVFAIMS_R1_-50_ms2.msalign	37	111	B_Producta_pH6_A_ACN_TEAB_MultiCVFAIMS_R1.mzML
PXD041979	B_Producta_pH7_C_ACN_NaCl_MultiCVFAIMS_R1_-50_ms2.msalign	37	111	B_Producta_pH7_C_ACN_NaCl_MultiCVFAIMS_R1.mzML
PXD041979	B_Producta_pH7_A_ACN_NaCl_MultiCVFAIMS_R1_1ul_-50_ms2.msalign	37	111	B_Producta_pH7_A_ACN_NaCl_MultiCVFAIMS_R1_1ul.mzML
PXD041979	B_Producta_pH6_A_ACN_NaCl_MultiCVFAIMS_R1_-50_ms2.msalign	37	111	B_Producta_pH6_A_ACN_NaCl_MultiCVFAIMS_R1.mzML
PXD041979	B_Producta_pH6_B_ACN_NaCl_MultiCVFAIMS_R1_-60_ms2.msalign	37	111	B_Producta_pH6_B_ACN_NaCl_MultiCVFAIMS_R1.mzML
PXD041979	B_Producta_pH6_C_ACN_NaCl_MultiCVFAIMS_R2_-60_ms2.msalign	37	111	B_Producta_pH6_C_ACN_NaCl_MultiCVFAIMS_R2.mzML
PXD041979	B_Producta_pH6_B_ACN_NaCl_MultiCVFAIMS_R2_-60_ms2.msalign	37	111	B_Producta_pH6_B_ACN_NaCl_MultiCVFAIMS_R2.mzML
PXD041979	B_Producta_pH6_A_ACN_TEAB_MultiCVFAIMS_R2_-60_ms2.msalign	37	111	B_Producta_pH6_A_ACN_TEAB_MultiCVFAIMS_R2.mzML
PXD041979	B_Producta_pH6_B_ACN_TEAB_MultiCVFAIMS_R1_-60_ms2.msalign	37	111	B_Producta_pH6_B_ACN_TEAB_MultiCVFAIMS_R1.mzML
PXD041979	B_Producta_pH6_B_ACN_TEAB_MultiCVFAIMS_R2_-60_ms2.msalign	37	111	B_Producta_pH6_B_ACN_TEAB_MultiCVFAIMS_R2.mzML
PXD041979	B_Producta_pH6_C_ACN_TEAB_MultiCVFAIMS_R2_-60_ms2.msalign	37	111	B_Producta_pH6_C_ACN_TEAB_MultiCVFAIMS_R2.mzML
PXD041979	B_Producta_pH6_C_ACN_TEAB_MultiCVFAIMS_R1_-60_ms2.msalign	37	111	B_Producta_pH6_C_ACN_TEAB_MultiCVFAIMS_R1.mzML
PXD041979	B_Producta_pH7_C_ACN_NaCl_MultiCVFAIMS_R2_-60_ms2.msalign	37	111	B_Producta_pH7_C_ACN_NaCl_MultiCVFAIMS_R2.mzML
PXD041979	B_Producta_pH7_B_ACN_NaCl_MultiCVFAIMS_R2_-60_ms2.msalign	37	111	B_Producta_pH7_B_ACN_NaCl_MultiCVFAIMS_R2.mzML
PXD041979	B_Producta_pH7_A_ACN_NaCl_MultiCVFAIMS_R3_-60_ms2.msalign	37	111	B_Producta_pH7_A_ACN_NaCl_MultiCVFAIMS_R3.mzML
PXD041979	B_Producta_pH7_A_ACN_TEAB_MultiCVFAIMS_REDUCED_-60_ms2.msalign	37	111	B_Producta_pH7_A_ACN_TEAB_MultiCVFAIMS_REDUCED.mzML
PXD041979	B_Producta_pH6_A_ACN_NaCl_MultiCVFAIMS_REDUCED_-60_ms2.msalign	37	111	B_Producta_pH6_A_ACN_NaCl_MultiCVFAIMS_REDUCED.mzML
PXD041979	B_Producta_pH7_A_ACN_NaCl_MultiCVFAIMS_REDUCED_-60_ms2.msalign	37	111	B_Producta_pH7_A_ACN_NaCl_MultiCVFAIMS_REDUCED.mzML
PXD041979	B_Producta_pH6_C_ACN_NaCl_MultiCVFAIMS_R1_-60_ms2.msalign	37	111	B_Producta_pH6_C_ACN_NaCl_MultiCVFAIMS_R1.mzML
PXD041979	B_Producta_pH6_A_ACN_NaCl_MultiCVFAIMS_R2_-60_ms2.msalign	37	111	B_Producta_pH6_A_ACN_NaCl_MultiCVFAIMS_R2.mzML
PXD041979	B_Producta_pH6_A_ACN_TEAB_MultiCVFAIMS_R1_-60_ms2.msalign	37	111	B_Producta_pH6_A_ACN_TEAB_MultiCVFAIMS_R1.mzML
PXD041979	B_Producta_pH7_A_ACN_NaCl_MultiCVFAIMS_R2_-60_ms2.msalign	37	111	B_Producta_pH7_A_ACN_NaCl_MultiCVFAIMS_R2.mzML
PXD041979	B_Producta_pH7_A_ACN_NaCl_MultiCVFAIMS_R1_-60_ms2.msalign	37	111	B_Producta_pH7_A_ACN_NaCl_MultiCVFAIMS_R1.mzML
PXD041979	B_Producta_pH7_B_ACN_NaCl_MultiCVFAIMS_R1_-60_ms2.msalign	37	111	B_Producta_pH7_B_ACN_NaCl_MultiCVFAIMS_R1.mzML
PXD041979	B_Producta_pH7_A_ACN_TEAB_MultiCVFAIMS_R2_-60_ms2.msalign	37	111	B_Producta_pH7_A_ACN_TEAB_MultiCVFAIMS_R2.mzML
PXD041979	B_Producta_pH7_A_ACN_TEAB_MultiCVFAIMS_R1_-60_ms2.msalign	37	111	B_Producta_pH7_A_ACN_TEAB_MultiCVFAIMS_R1.mzML
PXD041979	B_Producta_pH7_C_ACN_NaCl_MultiCVFAIMS_R1_-60_ms2.msalign	37	111	B_Producta_pH7_C_ACN_NaCl_MultiCVFAIMS_R1.mzML
PXD041979	B_Producta_pH7_B_ACN_TEAB_MultiCVFAIMS_R2_-60_ms2.msalign	37	111	B_Producta_pH7_B_ACN_TEAB_MultiCVFAIMS_R2.mzML
PXD041979	B_Producta_pH7_B_ACN_TEAB_MultiCVFAIMS_R1_-60_ms2.msalign	37	111	B_Producta_pH7_B_ACN_TEAB_MultiCVFAIMS_R1.mzML
PXD041979	B_Producta_pH7_C_ACN_TEAB_MultiCVFAIMS_R1_-60_ms2.msalign	37	111	B_Producta_pH7_C_ACN_TEAB_MultiCVFAIMS_R1.mzML
PXD041979	B_Producta_pH7_C_ACN_TEAB_MultiCVFAIMS_R2_-60_ms2.msalign	37	111	B_Producta_pH7_C_ACN_TEAB_MultiCVFAIMS_R2.mzML
PXD041979	B_Producta_pH7_A_ACN_NaCl_MultiCVFAIMS_R1_1ul_-60_ms2.msalign	37	111	B_Producta_pH7_A_ACN_NaCl_MultiCVFAIMS_R1_1ul.mzML
PXD041979	B_Producta_pH6_A_ACN_NaCl_MultiCVFAIMS_R1_-60_ms2.msalign	37	111	B_Producta_pH6_A_ACN_NaCl_MultiCVFAIMS_R1.mzML
PXD041979	B_Producta_pH6_A_ACN_NaCl_MultiCVFAIMS_CV-60_targeted_wDynamicExcl_-60_ms2.msalign	37	111	B_Producta_pH6_A_ACN_NaCl_MultiCVFAIMS_CV-60_targeted_wDynamicExcl.mzML
PXD041979	B_Producta_pH6_A_ACN_NaCl_MultiCVFAIMS_CV-60_targeted_woDynamicExcl_-60_ms2.msalign	37	111	B_Producta_pH6_A_ACN_NaCl_MultiCVFAIMS_CV-60_targeted_woDynamicExcl.mzML
PXD039883	220426_Single_worm_DMF-SP3_TD_LFQ_Control_R4_-30_-30_ms2.msalign	34	115	220426_Single_worm_DMF-SP3_TD_LFQ_Control_R4_-30.mzML
PXD039883	220426_Single_worm_DMF-SP3_TD_LFQ_Control_R4_-30_ms2.msalign	34	115	220426_Single_worm_DMF-SP3_TD_LFQ_Control_R4.mzML
PXD039883	220427_Single_worm_DMF-SP3_TD_LFQ_Heat_R3_-30_-30_ms2.msalign	34	115	220427_Single_worm_DMF-SP3_TD_LFQ_Heat_R3_-30.mzML
PXD039883	220427_Single_worm_DMF-SP3_TD_LFQ_Heat_R3_-30_ms2.msalign	34	115	220427_Single_worm_DMF-SP3_TD_LFQ_Heat_R3.mzML
PXD039883	220426_Single_worm_DMF-SP3_TD_LFQ_Heat_R2_-30_-30_ms2.msalign	34	115	220426_Single_worm_DMF-SP3_TD_LFQ_Heat_R2_-30.mzML
PXD039883	220426_Single_worm_DMF-SP3_TD_LFQ_Heat_R2_-30_ms2.msalign	34	115	220426_Single_worm_DMF-SP3_TD_LFQ_Heat_R2.mzML
PXD039883	220427_Single_worm_DMF-SP3_TD_LFQ_Heat_R4_-30_-30_ms2.msalign	34	115	220427_Single_worm_DMF-SP3_TD_LFQ_Heat_R4_-30.mzML
PXD039883	220427_Single_worm_DMF-SP3_TD_LFQ_Heat_R4_-30_ms2.msalign	34	115	220427_Single_worm_DMF-SP3_TD_LFQ_Heat_R4.mzML
PXD039883	220420_Single_worm_DMF-SP3_TD_LFQ_Control_R1_-30_-30_ms2.msalign	34	115	220420_Single_worm_DMF-SP3_TD_LFQ_Control_R1_-30.mzML
PXD039883	220420_Single_worm_DMF-SP3_TD_LFQ_Control_R1_-30_ms2.msalign	34	115	220420_Single_worm_DMF-SP3_TD_LFQ_Control_R1.mzML
PXD039883	220420_Single_worm_DMF-SP3_TD_LFQ_Heat_R1_-30_-30_ms2.msalign	34	115	220420_Single_worm_DMF-SP3_TD_LFQ_Heat_R1_-30.mzML
PXD039883	220420_Single_worm_DMF-SP3_TD_LFQ_Heat_R1_-30_ms2.msalign	34	115	220420_Single_worm_DMF-SP3_TD_LFQ_Heat_R1.mzML
PXD039883	220426_Single_worm_DMF-SP3_TD_LFQ_Control_R3_-30_-30_ms2.msalign	34	115	220426_Single_worm_DMF-SP3_TD_LFQ_Control_R3_-30.mzML
PXD039883	220426_Single_worm_DMF-SP3_TD_LFQ_Control_R3_-30_ms2.msalign	34	115	220426_Single_worm_DMF-SP3_TD_LFQ_Control_R3.mzML
PXD039883	220427_Single_worm_DMF-SP3_TD_LFQ_Heat_R3_-40_-40_ms2.msalign	34	115	220427_Single_worm_DMF-SP3_TD_LFQ_Heat_R3_-40.mzML
PXD039883	220427_Single_worm_DMF-SP3_TD_LFQ_Heat_R3_-40_ms2.msalign	34	115	220427_Single_worm_DMF-SP3_TD_LFQ_Heat_R3.mzML
PXD039883	220427_Single_worm_DMF-SP3_TD_LFQ_Heat_R3_-20_-20_ms2.msalign	34	115	220427_Single_worm_DMF-SP3_TD_LFQ_Heat_R3_-20.mzML
PXD039883	220427_Single_worm_DMF-SP3_TD_LFQ_Heat_R3_-20_ms2.msalign	34	115	220427_Single_worm_DMF-SP3_TD_LFQ_Heat_R3.mzML
PXD039883	220420_Single_worm_DMF-SP3_TD_LFQ_Control_R1_-40_-40_ms2.msalign	34	115	220420_Single_worm_DMF-SP3_TD_LFQ_Control_R1_-40.mzML
PXD039883	220420_Single_worm_DMF-SP3_TD_LFQ_Control_R1_-40_ms2.msalign	34	115	220420_Single_worm_DMF-SP3_TD_LFQ_Control_R1.mzML
PXD039883	220426_Single_worm_DMF-SP3_TD_LFQ_Control_R4_-40_-40_ms2.msalign	34	115	220426_Single_worm_DMF-SP3_TD_LFQ_Control_R4_-40.mzML
PXD039883	220426_Single_worm_DMF-SP3_TD_LFQ_Control_R4_-40_ms2.msalign	34	115	220426_Single_worm_DMF-SP3_TD_LFQ_Control_R4.mzML
PXD039883	220420_Single_worm_DMF-SP3_TD_LFQ_Heat_R1_-40_-40_ms2.msalign	34	115	220420_Single_worm_DMF-SP3_TD_LFQ_Heat_R1_-40.mzML
PXD039883	220420_Single_worm_DMF-SP3_TD_LFQ_Heat_R1_-40_ms2.msalign	34	115	220420_Single_worm_DMF-SP3_TD_LFQ_Heat_R1.mzML
PXD039883	220427_Single_worm_DMF-SP3_TD_LFQ_Heat_R4_-40_-40_ms2.msalign	34	115	220427_Single_worm_DMF-SP3_TD_LFQ_Heat_R4_-40.mzML
PXD039883	220427_Single_worm_DMF-SP3_TD_LFQ_Heat_R4_-40_ms2.msalign	34	115	220427_Single_worm_DMF-SP3_TD_LFQ_Heat_R4.mzML
PXD039883	220427_Single_worm_DMF-SP3_TD_LFQ_Heat_R4_-20_-20_ms2.msalign	34	115	220427_Single_worm_DMF-SP3_TD_LFQ_Heat_R4_-20.mzML
PXD039883	220427_Single_worm_DMF-SP3_TD_LFQ_Heat_R4_-20_ms2.msalign	34	115	220427_Single_worm_DMF-SP3_TD_LFQ_Heat_R4.mzML
PXD039883	220426_Single_worm_DMF-SP3_TD_LFQ_Heat_R2_-40_-40_ms2.msalign	34	115	220426_Single_worm_DMF-SP3_TD_LFQ_Heat_R2_-40.mzML
PXD039883	220426_Single_worm_DMF-SP3_TD_LFQ_Heat_R2_-40_ms2.msalign	34	115	220426_Single_worm_DMF-SP3_TD_LFQ_Heat_R2.mzML
PXD039883	220420_Single_worm_DMF-SP3_TD_LFQ_Heat_R1_-20_-20_ms2.msalign	34	115	220420_Single_worm_DMF-SP3_TD_LFQ_Heat_R1_-20.mzML
PXD039883	220420_Single_worm_DMF-SP3_TD_LFQ_Heat_R1_-20_ms2.msalign	34	115	220420_Single_worm_DMF-SP3_TD_LFQ_Heat_R1.mzML
PXD039883	220426_Single_worm_DMF-SP3_TD_LFQ_Control_R4_-20_-20_ms2.msalign	34	115	220426_Single_worm_DMF-SP3_TD_LFQ_Control_R4_-20.mzML
PXD039883	220426_Single_worm_DMF-SP3_TD_LFQ_Control_R4_-20_ms2.msalign	34	115	220426_Single_worm_DMF-SP3_TD_LFQ_Control_R4.mzML
PXD039883	220420_Single_worm_DMF-SP3_TD_LFQ_Control_R1_-20_-20_ms2.msalign	34	115	220420_Single_worm_DMF-SP3_TD_LFQ_Control_R1_-20.mzML
PXD039883	220420_Single_worm_DMF-SP3_TD_LFQ_Control_R1_-20_ms2.msalign	34	115	220420_Single_worm_DMF-SP3_TD_LFQ_Control_R1.mzML
PXD039883	220426_Single_worm_DMF-SP3_TD_LFQ_Control_R3_-20_-20_ms2.msalign	34	115	220426_Single_worm_DMF-SP3_TD_LFQ_Control_R3_-20.mzML
PXD039883	220426_Single_worm_DMF-SP3_TD_LFQ_Control_R3_-20_ms2.msalign	34	115	220426_Single_worm_DMF-SP3_TD_LFQ_Control_R3.mzML
PXD039883	220426_Single_worm_DMF-SP3_TD_LFQ_Control_R3_-40_-40_ms2.msalign	34	115	220426_Single_worm_DMF-SP3_TD_LFQ_Control_R3_-40.mzML
PXD039883	220426_Single_worm_DMF-SP3_TD_LFQ_Control_R3_-40_ms2.msalign	34	115	220426_Single_worm_DMF-SP3_TD_LFQ_Control_R3.mzML
PXD039883	220426_Single_worm_DMF-SP3_TD_LFQ_Heat_R2_-20_-20_ms2.msalign	34	115	220426_Single_worm_DMF-SP3_TD_LFQ_Heat_R2_-20.mzML
PXD039883	220426_Single_worm_DMF-SP3_TD_LFQ_Heat_R2_-20_ms2.msalign	34	115	220426_Single_worm_DMF-SP3_TD_LFQ_Heat_R2.mzML
PXD039883	030322_BS_single_worm_TD-SP3-40-FA_Urea_C4_4CVs_15ul_180min_R4_-30_ms2.msalign	34	115	030322_BS_single_worm_TD-SP3-40-FA_Urea_C4_4CVs_15ul_180min_R4.mzML
PXD039883	030322_BS_single_worm_TD-SP3-40-FA_Urea_C4_4CVs_15ul_180min_R4_-20_ms2.msalign	34	115	030322_BS_single_worm_TD-SP3-40-FA_Urea_C4_4CVs_15ul_180min_R4.mzML
PXD039883	260422_BS_lowinputstandard_1k_Jurkats_10ul_180min_20220430053341_-40_ms2.msalign	34	115	260422_BS_lowinputstandard_1k_Jurkats_10ul_180min_20220430053341.mzML
PXD039883	030322_BS_single_worm_TD-SP3-40-FA_Urea_C4_4CVs_15ul_180min_R4_-40_ms2.msalign	34	115	030322_BS_single_worm_TD-SP3-40-FA_Urea_C4_4CVs_15ul_180min_R4.mzML
PXD039883	220420_Single_worm_DMF-SP3_TD_LFQ_Control_R2_-30_-30_ms2.msalign	34	115	220420_Single_worm_DMF-SP3_TD_LFQ_Control_R2_-30.mzML
PXD039883	220420_Single_worm_DMF-SP3_TD_LFQ_Control_R2_-30_ms2.msalign	34	115	220420_Single_worm_DMF-SP3_TD_LFQ_Control_R2.mzML
PXD039883	260422_BS_lowinputstandard_1k_Jurkats_10ul_180min_20220430053341_-30_ms2.msalign	34	115	260422_BS_lowinputstandard_1k_Jurkats_10ul_180min_20220430053341.mzML
PXD039883	040422_DMFchip_singleWorm_TD-SP3_40-FA_MNAc12_4CVs_5uL_R5_-30_ms2.msalign	34	115	040422_DMFchip_singleWorm_TD-SP3_40-FA_MNAc12_4CVs_5uL_R5.mzML
PXD039883	220420_Single_worm_DMF-SP3_TD_LFQ_Control_R2_-20_-20_ms2.msalign	34	115	220420_Single_worm_DMF-SP3_TD_LFQ_Control_R2_-20.mzML
PXD039883	220420_Single_worm_DMF-SP3_TD_LFQ_Control_R2_-20_ms2.msalign	34	115	220420_Single_worm_DMF-SP3_TD_LFQ_Control_R2.mzML
PXD039883	030322_BS_single_worm_TD-SP3-40-FA_Urea_C4_4CVs_15ul_180min_R3_-20_ms2.msalign	34	115	030322_BS_single_worm_TD-SP3-40-FA_Urea_C4_4CVs_15ul_180min_R3.mzML
PXD039883	040422_DMFchip_singleWorm_TD-SP3_40-FA_MNAc12_4CVs_5uL_R1_-30_ms2.msalign	34	115	040422_DMFchip_singleWorm_TD-SP3_40-FA_MNAc12_4CVs_5uL_R1.mzML
PXD039883	260422_BS_lowinputstandard_1k_Jurkats_10ul_180min_20220430004959_-40_ms2.msalign	34	115	260422_BS_lowinputstandard_1k_Jurkats_10ul_180min_20220430004959.mzML
PXD039883	260422_BS_lowinputstandard_1k_Jurkats_10ul_180min_20220430101726_-40_ms2.msalign	34	115	260422_BS_lowinputstandard_1k_Jurkats_10ul_180min_20220430101726.mzML
PXD039883	030322_BS_single_worm_TD-SP3-40-FA_Urea_C4_4CVs_15ul_180min_R3_-30_ms2.msalign	34	115	030322_BS_single_worm_TD-SP3-40-FA_Urea_C4_4CVs_15ul_180min_R3.mzML
PXD039883	040422_DMFchip_singleWorm_TD-SP3_40-FA_MNAc12_4CVs_5uL_R1_-20_ms2.msalign	34	115	040422_DMFchip_singleWorm_TD-SP3_40-FA_MNAc12_4CVs_5uL_R1.mzML
PXD039883	220420_Single_worm_DMF-SP3_TD_LFQ_Control_R2_-40_-40_ms2.msalign	34	115	220420_Single_worm_DMF-SP3_TD_LFQ_Control_R2_-40.mzML
PXD039883	220420_Single_worm_DMF-SP3_TD_LFQ_Control_R2_-40_ms2.msalign	34	115	220420_Single_worm_DMF-SP3_TD_LFQ_Control_R2.mzML
PXD039883	040422_DMFchip_singleWorm_TD-SP3_40-FA_MNAc12_4CVs_5uL_R5_-20_ms2.msalign	34	115	040422_DMFchip_singleWorm_TD-SP3_40-FA_MNAc12_4CVs_5uL_R5.mzML
PXD039883	030322_BS_single_worm_TD-SP3-40-FA_SDS_C4_4CVs_15ul_180min_R2_-20_ms2.msalign	34	115	030322_BS_single_worm_TD-SP3-40-FA_SDS_C4_4CVs_15ul_180min_R2.mzML
PXD039883	040422_DMFchip_singleWorm_TD-SP3_40-FA_MNAc12_4CVs_5uL_R1_-40_ms2.msalign	34	115	040422_DMFchip_singleWorm_TD-SP3_40-FA_MNAc12_4CVs_5uL_R1.mzML
PXD039883	040422_DMFchip_singleWorm_TD-SP3_40-FA_MNAc12_4CVs_5uL_R6_-30_ms2.msalign	34	115	040422_DMFchip_singleWorm_TD-SP3_40-FA_MNAc12_4CVs_5uL_R6.mzML
PXD039883	040422_DMFchip_singleWorm_TD-SP3_40-FA_MNAc12_4CVs_5uL_R5_-40_ms2.msalign	34	115	040422_DMFchip_singleWorm_TD-SP3_40-FA_MNAc12_4CVs_5uL_R5.mzML
PXD039883	260422_BS_lowinputstandard_1k_Jurkats_10ul_180min_20220430053341_-20_ms2.msalign	34	115	260422_BS_lowinputstandard_1k_Jurkats_10ul_180min_20220430053341.mzML
PXD039883	260422_BS_lowinputstandard_1k_Jurkats_10ul_180min_20220430004959_-30_ms2.msalign	34	115	260422_BS_lowinputstandard_1k_Jurkats_10ul_180min_20220430004959.mzML
PXD039883	260422_BS_lowinputstandard_1k_Jurkats_10ul_180min_20220430101726_-30_ms2.msalign	34	115	260422_BS_lowinputstandard_1k_Jurkats_10ul_180min_20220430101726.mzML
PXD039883	030322_BS_single_worm_TD-SP3-40-FA_SDS_C4_4CVs_15ul_180min_R2_-30_ms2.msalign	34	115	030322_BS_single_worm_TD-SP3-40-FA_SDS_C4_4CVs_15ul_180min_R2.mzML
PXD039883	040422_DMFchip_singleWorm_TD-SP3_40-FA_MNAc12_4CVs_5uL_R6_-20_ms2.msalign	34	115	040422_DMFchip_singleWorm_TD-SP3_40-FA_MNAc12_4CVs_5uL_R6.mzML
PXD039883	260422_BS_lowinputstandard_1k_Jurkats_10ul_180min_20220429200618_-40_ms2.msalign	34	115	260422_BS_lowinputstandard_1k_Jurkats_10ul_180min_20220429200618.mzML
PXD039883	040422_DMFchip_singleWorm_TD-SP3_40-FA_MNAc12_4CVs_5uL_R6_-40_ms2.msalign	34	115	040422_DMFchip_singleWorm_TD-SP3_40-FA_MNAc12_4CVs_5uL_R6.mzML
PXD039883	030322_BS_single_worm_TD-SP3-40-FA_Urea_C4_4CVs_15ul_180min_R1_-20_ms2.msalign	34	115	030322_BS_single_worm_TD-SP3-40-FA_Urea_C4_4CVs_15ul_180min_R1.mzML
PXD039883	260422_BS_lowinputstandard_1k_Jurkats_10ul_180min_20220430004959_-20_ms2.msalign	34	115	260422_BS_lowinputstandard_1k_Jurkats_10ul_180min_20220430004959.mzML
PXD039883	030322_BS_single_worm_TD-SP3-40-FA_SDS_C4_4CVs_15ul_180min_R5_-20_ms2.msalign	34	115	030322_BS_single_worm_TD-SP3-40-FA_SDS_C4_4CVs_15ul_180min_R5.mzML
PXD039883	260422_BS_lowinputstandard_1k_Jurkats_10ul_180min_20220430101726_-20_ms2.msalign	34	115	260422_BS_lowinputstandard_1k_Jurkats_10ul_180min_20220430101726.mzML
PXD039883	030322_BS_single_worm_TD-SP3-40-FA_Urea_C4_4CVs_15ul_180min_R1_-30_ms2.msalign	34	115	030322_BS_single_worm_TD-SP3-40-FA_Urea_C4_4CVs_15ul_180min_R1.mzML
PXD039883	260422_BS_lowinputstandard_1k_Jurkats_10ul_180min_20220429200618_-30_ms2.msalign	34	115	260422_BS_lowinputstandard_1k_Jurkats_10ul_180min_20220429200618.mzML
PXD039883	030322_BS_single_worm_TD-SP3-40-FA_SDS_C4_4CVs_15ul_180min_R2_-40_ms2.msalign	34	115	030322_BS_single_worm_TD-SP3-40-FA_SDS_C4_4CVs_15ul_180min_R2.mzML
PXD039883	030322_BS_single_worm_TD-SP3-40-FA_SDS_C4_4CVs_15ul_180min_R5_-30_ms2.msalign	34	115	030322_BS_single_worm_TD-SP3-40-FA_SDS_C4_4CVs_15ul_180min_R5.mzML
PXD039883	030322_BS_single_worm_TD-SP3-40-FA_SDS_C4_4CVs_15ul_180min_R4_-20_ms2.msalign	34	115	030322_BS_single_worm_TD-SP3-40-FA_SDS_C4_4CVs_15ul_180min_R4.mzML
PXD039883	030322_BS_single_worm_TD-SP3-40-FA_SDS_C4_4CVs_15ul_180min_R4_-30_ms2.msalign	34	115	030322_BS_single_worm_TD-SP3-40-FA_SDS_C4_4CVs_15ul_180min_R4.mzML
PXD039883	260422_BS_lowinputstandard_1k_Jurkats_10ul_180min_20220429200618_-20_ms2.msalign	34	115	260422_BS_lowinputstandard_1k_Jurkats_10ul_180min_20220429200618.mzML
PXD039883	030322_BS_single_worm_TD-SP3-40-FA_Urea_C4_4CVs_15ul_180min_R3_-40_ms2.msalign	34	115	030322_BS_single_worm_TD-SP3-40-FA_Urea_C4_4CVs_15ul_180min_R3.mzML
PXD039883	030322_BS_single_worm_TD-SP3-40-FA_SDS_C4_4CVs_15ul_180min_R5_-40_ms2.msalign	34	115	030322_BS_single_worm_TD-SP3-40-FA_SDS_C4_4CVs_15ul_180min_R5.mzML
PXD039883	030322_BS_single_worm_TD-SP3-40-FA_Urea_C4_4CVs_15ul_180min_R1_-40_ms2.msalign	34	115	030322_BS_single_worm_TD-SP3-40-FA_Urea_C4_4CVs_15ul_180min_R1.mzML
PXD039883	030322_BS_single_worm_TD-SP3-40-FA_SDS_C4_4CVs_15ul_180min_R4_-40_ms2.msalign	34	115	030322_BS_single_worm_TD-SP3-40-FA_SDS_C4_4CVs_15ul_180min_R4.mzML
PXD039883	260422_BS_lowinputstandard_1k_Jurkats_10ul_180min_20220430053341_-50_ms2.msalign	34	115	260422_BS_lowinputstandard_1k_Jurkats_10ul_180min_20220430053341.mzML
PXD039883	220420_Single_worm_DMF-SP3_TD_LFQ_Heat_R1_-50_-50_ms2.msalign	34	115	220420_Single_worm_DMF-SP3_TD_LFQ_Heat_R1_-50.mzML
PXD039883	220420_Single_worm_DMF-SP3_TD_LFQ_Heat_R1_-50_ms2.msalign	34	115	220420_Single_worm_DMF-SP3_TD_LFQ_Heat_R1.mzML
PXD039883	220427_Single_worm_DMF-SP3_TD_LFQ_Heat_R3_-50_-50_ms2.msalign	34	115	220427_Single_worm_DMF-SP3_TD_LFQ_Heat_R3_-50.mzML
PXD039883	220427_Single_worm_DMF-SP3_TD_LFQ_Heat_R3_-50_ms2.msalign	34	115	220427_Single_worm_DMF-SP3_TD_LFQ_Heat_R3.mzML
PXD039883	260422_BS_lowinputstandard_1k_Jurkats_10ul_180min_20220430101726_-50_ms2.msalign	34	115	260422_BS_lowinputstandard_1k_Jurkats_10ul_180min_20220430101726.mzML
PXD039883	260422_BS_lowinputstandard_1k_Jurkats_10ul_180min_20220430004959_-50_ms2.msalign	34	115	260422_BS_lowinputstandard_1k_Jurkats_10ul_180min_20220430004959.mzML
PXD039883	260422_BS_lowinputstandard_1k_Jurkats_10ul_180min_20220429200618_-50_ms2.msalign	34	115	260422_BS_lowinputstandard_1k_Jurkats_10ul_180min_20220429200618.mzML
PXD039883	220420_Single_worm_DMF-SP3_TD_LFQ_Control_R1_-50_-50_ms2.msalign	34	115	220420_Single_worm_DMF-SP3_TD_LFQ_Control_R1_-50.mzML
PXD039883	220420_Single_worm_DMF-SP3_TD_LFQ_Control_R1_-50_ms2.msalign	34	115	220420_Single_worm_DMF-SP3_TD_LFQ_Control_R1.mzML
PXD039883	220426_Single_worm_DMF-SP3_TD_LFQ_Heat_R2_-50_-50_ms2.msalign	34	115	220426_Single_worm_DMF-SP3_TD_LFQ_Heat_R2_-50.mzML
PXD039883	220426_Single_worm_DMF-SP3_TD_LFQ_Heat_R2_-50_ms2.msalign	34	115	220426_Single_worm_DMF-SP3_TD_LFQ_Heat_R2.mzML
PXD039883	220427_Single_worm_DMF-SP3_TD_LFQ_Heat_R4_-50_-50_ms2.msalign	34	115	220427_Single_worm_DMF-SP3_TD_LFQ_Heat_R4_-50.mzML
PXD039883	220427_Single_worm_DMF-SP3_TD_LFQ_Heat_R4_-50_ms2.msalign	34	115	220427_Single_worm_DMF-SP3_TD_LFQ_Heat_R4.mzML
PXD039883	220426_Single_worm_DMF-SP3_TD_LFQ_Control_R4_-50_-50_ms2.msalign	34	115	220426_Single_worm_DMF-SP3_TD_LFQ_Control_R4_-50.mzML
PXD039883	220426_Single_worm_DMF-SP3_TD_LFQ_Control_R4_-50_ms2.msalign	34	115	220426_Single_worm_DMF-SP3_TD_LFQ_Control_R4.mzML
PXD039883	040422_DMFchip_singleWorm_TD-SP3_40-FA_MNAc12_4CVs_5uL_R5_-50_ms2.msalign	34	115	040422_DMFchip_singleWorm_TD-SP3_40-FA_MNAc12_4CVs_5uL_R5.mzML
PXD039883	220426_Single_worm_DMF-SP3_TD_LFQ_Control_R3_-50_-50_ms2.msalign	34	115	220426_Single_worm_DMF-SP3_TD_LFQ_Control_R3_-50.mzML
PXD039883	220426_Single_worm_DMF-SP3_TD_LFQ_Control_R3_-50_ms2.msalign	34	115	220426_Single_worm_DMF-SP3_TD_LFQ_Control_R3.mzML
PXD039883	040422_DMFchip_singleWorm_TD-SP3_40-FA_MNAc12_4CVs_5uL_R1_-50_ms2.msalign	34	115	040422_DMFchip_singleWorm_TD-SP3_40-FA_MNAc12_4CVs_5uL_R1.mzML
PXD039883	040422_DMFchip_singleWorm_TD-SP3_40-FA_MNAc12_4CVs_5uL_R6_-50_ms2.msalign	34	115	040422_DMFchip_singleWorm_TD-SP3_40-FA_MNAc12_4CVs_5uL_R6.mzML
PXD039883	030322_BS_single_worm_TD-SP3-40-FA_Urea_C4_4CVs_15ul_180min_R4_-50_ms2.msalign	34	115	030322_BS_single_worm_TD-SP3-40-FA_Urea_C4_4CVs_15ul_180min_R4.mzML
PXD039883	220420_Single_worm_DMF-SP3_TD_LFQ_Control_R2_-50_-50_ms2.msalign	34	115	220420_Single_worm_DMF-SP3_TD_LFQ_Control_R2_-50.mzML
PXD039883	220420_Single_worm_DMF-SP3_TD_LFQ_Control_R2_-50_ms2.msalign	34	115	220420_Single_worm_DMF-SP3_TD_LFQ_Control_R2.mzML
PXD039883	030322_BS_single_worm_TD-SP3-40-FA_Urea_C4_4CVs_15ul_180min_R3_-50_ms2.msalign	34	115	030322_BS_single_worm_TD-SP3-40-FA_Urea_C4_4CVs_15ul_180min_R3.mzML
PXD039883	030322_BS_single_worm_TD-SP3-40-FA_SDS_C4_4CVs_15ul_180min_R2_-50_ms2.msalign	34	115	030322_BS_single_worm_TD-SP3-40-FA_SDS_C4_4CVs_15ul_180min_R2.mzML
PXD039883	030322_BS_single_worm_TD-SP3-40-FA_SDS_C4_4CVs_15ul_180min_R5_-50_ms2.msalign	34	115	030322_BS_single_worm_TD-SP3-40-FA_SDS_C4_4CVs_15ul_180min_R5.mzML
PXD039883	030322_BS_single_worm_TD-SP3-40-FA_SDS_C4_4CVs_15ul_180min_R4_-50_ms2.msalign	34	115	030322_BS_single_worm_TD-SP3-40-FA_SDS_C4_4CVs_15ul_180min_R4.mzML
PXD039883	030322_BS_single_worm_TD-SP3-40-FA_Urea_C4_4CVs_15ul_180min_R1_-50_ms2.msalign	34	115	030322_BS_single_worm_TD-SP3-40-FA_Urea_C4_4CVs_15ul_180min_R1.mzML
PXD039883	260422_BS_lowinputstandard_1k_Jurkats_10ul_180min_noFAIMS_ms2.msalign	34	115	260422_BS_lowinputstandard_1k_Jurkats_10ul_180min_noFAIMS.mzML
PXD039883	260422_BS_lowinputstandard_1k_Jurkats_10ul_180min_noFAIMS_20220502081714_ms2.msalign	34	115	260422_BS_lowinputstandard_1k_Jurkats_10ul_180min_noFAIMS_20220502081714.mzML
PXD039883	260422_BS_lowinputstandard_1k_Jurkats_10ul_180min_noFAIMS_20220502033355_ms2.msalign	34	115	260422_BS_lowinputstandard_1k_Jurkats_10ul_180min_noFAIMS_20220502033355.mzML
PXD039883	260422_BS_lowinputstandard_1k_Jurkats_10ul_180min_noFAIMS_20220501225033_ms2.msalign	34	115	260422_BS_lowinputstandard_1k_Jurkats_10ul_180min_noFAIMS_20220501225033.mzML
PXD017265	FB_TeO_5_ms2.msalign	2	116	FB_TeO_5.mzML
PXD027741	Tel2_2_ms2.msalign	8	117	Tel2_2.mzML
PXD027741	Teo2_1_ms2.msalign	8	117	Teo2_1.mzML
PXD027741	Tel2_1_ms2.msalign	8	117	Tel2_1.mzML
PXD027741	Teo2_2_ms2.msalign	8	117	Teo2_2.mzML
MSV000089163	Hubmap_nanoPOTS_top_down_Glass_0pt1DDM_R1_B4_ms2.msalign	35	118	Hubmap_nanoPOTS_top_down_Glass_0pt1DDM_R1_B4.mzML
MSV000089163	Hubmap_nanoPOTS_top_down_Glass_0pt1DDM_R5_B6_ms2.msalign	35	118	Hubmap_nanoPOTS_top_down_Glass_0pt1DDM_R5_B6.mzML
MSV000089163	Hubmap_nanoPOTS_top_down_PP_0pt1DDM_R3_ms2.msalign	35	118	Hubmap_nanoPOTS_top_down_PP_0pt1DDM_R3.mzML
MSV000089163	Hubmap_nanoPOTS_top_down_Glass_0pt1DDM_R3_B4_ms2.msalign	35	118	Hubmap_nanoPOTS_top_down_Glass_0pt1DDM_R3_B4.mzML
MSV000089163	Hubmap_nanoPOTS_top_down_Glass_0pt1DDM_R4_B5_ms2.msalign	35	118	Hubmap_nanoPOTS_top_down_Glass_0pt1DDM_R4_B5.mzML
MSV000089163	Hubmap_nanoPOTS_top_down_Glass_0pt1DDM_R2_B3_ms2.msalign	35	118	Hubmap_nanoPOTS_top_down_Glass_0pt1DDM_R2_B3.mzML
MSV000089163	Hubmap_nanoPOTS_top_down_PP_0pt1DDM_R2_ms2.msalign	35	118	Hubmap_nanoPOTS_top_down_PP_0pt1DDM_R2.mzML
MSV000089163	Hubmap_nanoPOTS_top_down_PP_0pt1DDM_R1_ms2.msalign	35	118	Hubmap_nanoPOTS_top_down_PP_0pt1DDM_R1.mzML
MSV000089163	Hubmap_nanoPOTS_top_down_PP_0pt1DDM_R4_ms2.msalign	35	118	Hubmap_nanoPOTS_top_down_PP_0pt1DDM_R4.mzML
MSV000089163	Hubmap_nanoPOTS_top_down_PP_0pt1DDM_R5_ms2.msalign	35	118	Hubmap_nanoPOTS_top_down_PP_0pt1DDM_R5.mzML
MSV000089163	Hubmap_Intact_Brain_A1_cv30_-30_ms2.msalign	35	119	Hubmap_Intact_Brain_A1_cv30.mzML
MSV000089163	Hubmap_Intact_Brain_A4_cv30_-30_ms2.msalign	35	119	Hubmap_Intact_Brain_A4_cv30.mzML
MSV000089163	Hubmap_Intact_Brain_C3_cv30_-30_ms2.msalign	35	119	Hubmap_Intact_Brain_C3_cv30.mzML
MSV000089163	Hubmap_Intact_Brain_A3_cv30_-30_ms2.msalign	35	119	Hubmap_Intact_Brain_A3_cv30.mzML
MSV000089163	Hubmap_Intact_Brain_A2_cv30_-30_ms2.msalign	35	119	Hubmap_Intact_Brain_A2_cv30.mzML
MSV000089163	Hubmap_Intact_Brain_C5_cv30_-30_ms2.msalign	35	119	Hubmap_Intact_Brain_C5_cv30.mzML
MSV000089163	Hubmap_Intact_Brain_C4_cv30_-30_ms2.msalign	35	119	Hubmap_Intact_Brain_C4_cv30.mzML
MSV000089163	Hubmap_Intact_Brain_C2_cv30_-30_ms2.msalign	35	119	Hubmap_Intact_Brain_C2_cv30.mzML
MSV000089163	Hubmap_Intact_Brain_C1_cv30_-30_ms2.msalign	35	119	Hubmap_Intact_Brain_C1_cv30.mzML
MSV000089163	Hubmap_Intact_Brain_A1_cv40_-40_ms2.msalign	35	119	Hubmap_Intact_Brain_A1_cv40.mzML
MSV000089163	Hubmap_Intact_Brain_A4_cv40_-40_ms2.msalign	35	119	Hubmap_Intact_Brain_A4_cv40.mzML
MSV000089163	Hubmap_Intact_Brain_A3_cv40_-40_ms2.msalign	35	119	Hubmap_Intact_Brain_A3_cv40.mzML
MSV000089163	Hubmap_Intact_Brain_C5_cv40_-40_ms2.msalign	35	119	Hubmap_Intact_Brain_C5_cv40.mzML
MSV000089163	Hubmap_Intact_Brain_A2_cv40_-40_ms2.msalign	35	119	Hubmap_Intact_Brain_A2_cv40.mzML
MSV000089163	Hubmap_Intact_Brain_C3_cv40_-40_ms2.msalign	35	119	Hubmap_Intact_Brain_C3_cv40.mzML
MSV000089163	Hubmap_Intact_Brain_C4_cv50_-50_ms2.msalign	35	119	Hubmap_Intact_Brain_C4_cv50.mzML
MSV000089163	Hubmap_Intact_Brain_C4_cv40_-40_ms2.msalign	35	119	Hubmap_Intact_Brain_C4_cv40.mzML
MSV000089163	Hubmap_Intact_Brain_A1_cv50_-50_ms2.msalign	35	119	Hubmap_Intact_Brain_A1_cv50.mzML
MSV000089163	Hubmap_Intact_Brain_C3_cv50_-50_ms2.msalign	35	119	Hubmap_Intact_Brain_C3_cv50.mzML
MSV000089163	Hubmap_Intact_Brain_A2_cv50_-50_ms2.msalign	35	119	Hubmap_Intact_Brain_A2_cv50.mzML
MSV000089163	Hubmap_Intact_Brain_C5_cv50_-50_ms2.msalign	35	119	Hubmap_Intact_Brain_C5_cv50.mzML
MSV000089163	Hubmap_Intact_Brain_C2_cv50_-50_ms2.msalign	35	119	Hubmap_Intact_Brain_C2_cv50.mzML
MSV000089163	Hubmap_Intact_Brain_A3_cv50_-50_ms2.msalign	35	119	Hubmap_Intact_Brain_A3_cv50.mzML
MSV000089163	Hubmap_Intact_Brain_A4_cv50_-50_ms2.msalign	35	119	Hubmap_Intact_Brain_A4_cv50.mzML
MSV000089163	Hubmap_Intact_Brain_C1_cv40_-40_ms2.msalign	35	119	Hubmap_Intact_Brain_C1_cv40.mzML
MSV000089163	Hubmap_Intact_Brain_C2_cv40_-40_ms2.msalign	35	119	Hubmap_Intact_Brain_C2_cv40.mzML
MSV000089163	Hubmap_Intact_Brain_C1_cv50_-50_ms2.msalign	35	119	Hubmap_Intact_Brain_C1_cv50.mzML
PXD034368	F4_1_ms2.msalign	5	121	F4_1.mzML
PXD034368	F4_2_ms2.msalign	5	121	F4_2.mzML
PXD034368	F9_1_ms2.msalign	5	121	F9_1.mzML
PXD034368	F7_2_ms2.msalign	5	121	F7_2.mzML
PXD034368	F9_2_ms2.msalign	5	121	F9_2.mzML
PXD034368	F7_1_ms2.msalign	5	121	F7_1.mzML
PXD034368	F5_1_ms2.msalign	5	121	F5_1.mzML
PXD034368	F8_1_ms2.msalign	5	121	F8_1.mzML
PXD034368	F6_1_ms2.msalign	5	121	F6_1.mzML
PXD034368	F8_2_ms2.msalign	5	121	F8_2.mzML
PXD034368	F6_2_ms2.msalign	5	121	F6_2.mzML
PXD034368	C1_ms2.msalign	5	122	C1.mzML
PXD034368	C2_ms2.msalign	5	122	C2.mzML
PXD034368	C9_ms2.msalign	5	122	C9.mzML
PXD034368	C4_ms2.msalign	5	122	C4.mzML
PXD034368	C8_ms2.msalign	5	122	C8.mzML
PXD034368	C3_ms2.msalign	5	122	C3.mzML
PXD034368	C7_ms2.msalign	5	122	C7.mzML
PXD034368	C6_ms2.msalign	5	122	C6.mzML
PXD034368	C5_ms2.msalign	5	122	C5.mzML
